The system is: Linux - 6.1.91-060191-generic - x86_64
Compiling the C compiler identification source file "CMakeCCompilerId.c" succeeded.
Compiler: /nix/store/bfbp3ypd9nm3fapz634gvvs738blrl0y-gcc-wrapper-12.2.0/bin/gcc 
Build flags: 
Id flags:  

The output was:
0


Compilation of the C compiler identification source "CMakeCCompilerId.c" produced "a.out"

The C compiler identification is GNU, found in "/workspace/PrismLauncher/CMakeFiles/3.25.1/CompilerIdC/a.out"

Compiling the CXX compiler identification source file "CMakeCXXCompilerId.cpp" succeeded.
Compiler: /nix/store/bfbp3ypd9nm3fapz634gvvs738blrl0y-gcc-wrapper-12.2.0/bin/g++ 
Build flags: 
Id flags:  

The output was:
0


Compilation of the CXX compiler identification source "CMakeCXXCompilerId.cpp" produced "a.out"

The CXX compiler identification is GNU, found in "/workspace/PrismLauncher/CMakeFiles/3.25.1/CompilerIdCXX/a.out"

Detecting C compiler ABI info compiled with the following output:
Change Dir: /workspace/PrismLauncher/CMakeFiles/CMakeScratch/TryCompile-KWXpfP

Run Build Command(s):/usr/bin/gmake -f Makefile cmTC_ad166/fast && /usr/bin/gmake  -f CMakeFiles/cmTC_ad166.dir/build.make CMakeFiles/cmTC_ad166.dir/build
gmake[1]: Entering directory '/workspace/PrismLauncher/CMakeFiles/CMakeScratch/TryCompile-KWXpfP'
Building C object CMakeFiles/cmTC_ad166.dir/CMakeCCompilerABI.c.o
/nix/store/bfbp3ypd9nm3fapz634gvvs738blrl0y-gcc-wrapper-12.2.0/bin/gcc   -v -o CMakeFiles/cmTC_ad166.dir/CMakeCCompilerABI.c.o -c /nix/store/l341npqn3j8pwqq1nqgj5cqhnfbzhphd-cmake-3.25.1/share/cmake-3.25/Modules/CMakeCCompilerABI.c
Using built-in specs.
COLLECT_GCC=/nix/store/wx4nsqbssywgx9zkabwgl9sxm5l61ni3-gcc-12.2.0/bin/gcc
Target: x86_64-unknown-linux-gnu
Configured with: 
Thread model: posix
Supported LTO compression algorithms: zlib
gcc version 12.2.0 (GCC) 
COLLECT_GCC_OPTIONS='-fPIC' '-Wformat=1' '-Wformat-security' '-Werror=format-security' '-fstack-protector-strong' '--param=ssp-buffer-size=4' '-O2' '-U' '_FORTIFY_SOURCE' '-D' '_FORTIFY_SOURCE=2' '-fno-strict-overflow' '-v' '-o' 'CMakeFiles/cmTC_ad166.dir/CMakeCCompilerABI.c.o' '-c' '-B' '/nix/store/76l4v99sk83ylfwkz8wmwrm4s8h73rhd-glibc-2.35-224/lib/' '-idirafter' '/nix/store/pqnd39aq2sksad2zvswjcpkqdc7ig3f9-glibc-2.35-224-dev/include' '-idirafter' '/nix/store/wx4nsqbssywgx9zkabwgl9sxm5l61ni3-gcc-12.2.0/lib/gcc/x86_64-unknown-linux-gnu/12.2.0/include-fixed' '-B' '/nix/store/2w4k8nvdyiggz717ygbbxchpnxrqc6y9-gcc-12.2.0-lib/lib' '-B' '/nix/store/bfbp3ypd9nm3fapz634gvvs738blrl0y-gcc-wrapper-12.2.0/bin/' '-frandom-seed=sy5449x9ji' '-D' 'QT_NO_DEBUG' '-isystem' '/nix/store/va9r2bdg56jc6qizpm6dyb97lnxfrhsy-file-5.44/include' '-isystem' '/nix/store/jkv8vb24ab371hlsp55fj953kwh01m8n-openjdk-17.0.6+10/include' '-isystem' '/nix/store/i9cf4vmk6kfqlds56vfllmmz0zdk7rp0-qtbase-6.4.2-dev/include' '-isystem' '/nix/store/0z5wasald7dmipjpbx8kw31pj0kzjxpg-libxml2-2.10.3-dev/include' '-isystem' '/nix/store/qgqsyg7gmqy3fz6shvzhcc7m7pkfw2ig-zlib-1.2.13-dev/include' '-isystem' '/nix/store/i57f5lhc83sfnck9d6rik0dbnbxr9qlw-libxslt-1.1.37-dev/include' '-isystem' '/nix/store/fyiwac98bi86nd5qzz9bhvs1bvmmwgad-openssl-3.0.8-dev/include' '-isystem' '/nix/store/i1h2yf133m4rfzgfgl0zdxjxniyy6kvg-sqlite-3.40.1-dev/include' '-isystem' '/nix/store/ci7r8mfkdg1b4wgawp6fff6ba6vyf33r-unixODBC-2.3.11/include' '-isystem' '/nix/store/vddrjv0wnknv73njnwzj3in0467dk9qa-harfbuzz-7.0.0-dev/include' '-isystem' '/nix/store/vgasd5zjsvdvq3w7ik13sfyyj1n0m5v7-graphite2-1.3.14/include' '-isystem' '/nix/store/86nsxqcmzcc85qzrsczb33jwqgcyl35g-icu4c-72.1-dev/include' '-isystem' '/nix/store/dra1y7qr8clxdssfx5s1grbg2lvg5ifd-libjpeg-turbo-2.1.4-dev/include' '-isystem' '/nix/store/463cn57ci7xxwr28c1d68zwbr001ka8h-libpng-apng-1.6.39-dev/include' '-isystem' '/nix/store/vr9naiikd2k84ygclm3vlr3agbjcgvzi-pcre2-10.42-dev/include' '-isystem' '/nix/store/zc41j2il39qmw9kfwa0zl37dz4izcjdp-pcre-8.45-dev/include' '-isystem' '/nix/store/k4w3vafb6k1b3zc2a6v1lr4w0iknnp65-libproxy-0.4.18-dev/include' '-isystem' '/nix/store/s8axys9hpvwxn5718iwrnyvwms4djz96-zstd-1.5.4-dev/include' '-isystem' '/nix/store/4hx2f3kfk824b3b44mhjgpph426lnj42-double-conversion-3.2.1/include' '-isystem' '/nix/store/d9yf24k5n979y1qy03nlj1mnpijhs5rx-libb2-0.98.1/include' '-isystem' '/nix/store/2pai53mrrahl85w7mbypxmplgx6wfqyd-md4c-0.4.8/include' '-isystem' '/nix/store/l8d014vy8n42sp6r6j3wjqldylcyvqyk-dbus-1.14.4-dev/include' '-isystem' '/nix/store/gqvyvc9ckzijwcw641v6qgg7fz8z63mc-expat-2.5.0-dev/include' '-isystem' '/nix/store/152gsygyjagsirvdg3icmz4px39wddwj-glib-2.74.5-dev/include' '-isystem' '/nix/store/4j08mgygxhi9y3957hbwqn1bg02va18y-libffi-3.4.4-dev/include' '-isystem' '/nix/store/ik1vzp6bfwjxxg0cdcbmyl17yzn8idd4-gettext-0.21/include' '-isystem' '/nix/store/1r3a6ji72zxvkyhqfgq1pymdiyjk93l5-glibc-iconv-2.35/include' '-isystem' '/nix/store/f04f2mxjzx7s34payvq6lna9qcaall3s-mariadb-connector-odbc-3.1.14/include' '-isystem' '/nix/store/2gm71c7yljswz2yz3i6125nx2rwkg9n6-systemd-252.5-dev/include' '-isystem' '/nix/store/1gb83p8c3fkjqyb0l30lz0303jhv088k-util-linux-2.38.1-dev/include' '-isystem' '/nix/store/xj6h98v3mjiqmwqv6zbw51xd3lgzdz7p-mtdev-1.1.6/include' '-isystem' '/nix/store/zmqdq7fj6h273kxz969wr3h7g1jhzgz4-lksctp-tools-1.0.17/include' '-isystem' '/nix/store/dvgpj4kwxp5pxhax93zqv80b4ql8xwla-libselinux-3.3-dev/include' '-isystem' '/nix/store/0p1v5zn2mb55xs9297x5p7vgdnhrjjmf-libsepol-3.3-dev/include' '-isystem' '/nix/store/zl2rzaxviah8cpknrlnpawpfvmjvjh0d-lttng-ust-2.13.1-dev/include' '-isystem' '/nix/store/0hhi25jwagxm00kjwmh2zl395cgfdrfh-liburcu-0.13.2/include' '-isystem' '/nix/store/k7pydn7w2dd03cchddkgzdb94brxisp9-vulkan-headers-1.3.239.0/include' '-isystem' '/nix/store/gxsg7g5higv817948fw3jyamypfc229g-libthai-0.1.29-dev/include' '-isystem' '/nix/store/hq2n7bnn6z2p0p94n4mixbbrsyi1qbdf-libdrm-2.4.114-dev/include' '-isystem' '/nix/store/bin4ww0irasbdvhqqg8lcwjg3025x4pq-libdatrie-2019-12-20-dev/include' '-isystem' '/nix/store/6bdds6632r9fp7mrh27qxjv90d7lzh0y-fontconfig-2.14.0-dev/include' '-isystem' '/nix/store/ybd7brnb5kavanvz40mg2p5pmgnczi85-freetype-2.12.1-dev/include' '-isystem' '/nix/store/abs0rlwm6jh4l1k831fvqggpgfrs91pv-bzip2-1.0.8-dev/include' '-isystem' '/nix/store/84r63sb6w4l1y1ab3vmk3xg84is027y2-brotli-1.0.9-dev/include' '-isystem' '/nix/store/q2sjb83p9kh7j653237wr5xzsdc17sgj-libX11-1.8.4-dev/include' '-isystem' '/nix/store/9d1fbfvijywjsxh5b060qy5dd01cqbrs-xorgproto-2021.5/include' '-isystem' '/nix/store/rr353rjxy36vvakib4cyajjj2r3gqw5x-libxcb-1.14-dev/include' '-isystem' '/nix/store/j4i01gassjbbm5i3x4qczy21pmfw05q2-libXcomposite-0.4.5-dev/include' '-isystem' '/nix/store/dbbvxfbsix59452vbjngfndr8xddb3nc-libXfixes-6.0.0-dev/include' '-isystem' '/nix/store/f5blw2z7jr4h2qkzfdmjkwak142353rq-libXext-1.3.4-dev/include' '-isystem' '/nix/store/jhxfmh0lh0dkk11fpys8350w8hk7ljf7-libXau-1.0.9-dev/include' '-isystem' '/nix/store/dci0q5r0v1j5d7vryy13as7banrix0sj-libXi-1.8-dev/include' '-isystem' '/nix/store/slpgdz4ha0w6y2c25n0ljda4536p9yi4-libXrender-0.9.10-dev/include' '-isystem' '/nix/store/l01q7h5h4wxr880jzxpc5fdrwnbqxfzn-libxkbcommon-1.5.0-dev/include' '-isystem' '/nix/store/9qzw3zscs3b4gc97bsaq991iifgz4977-xcb-util-0.4.0-dev/include' '-isystem' '/nix/store/cwvwhmigx77mydbv1h51pp2l2vijr2rs-xcb-util-image-0.4.0-dev/include' '-isystem' '/nix/store/v0qpk37hyfrpgga44f58yrb36gpay3ks-xcb-util-keysyms-0.4.0-dev/include' '-isystem' '/nix/store/x45m835963ss4all6g03wms91284j904-xcb-util-renderutil-0.3.9-dev/include' '-isystem' '/nix/store/qhjq1dap6j4h5g3srizm6dkshz63zdwv-xcb-util-wm-0.4.1-dev/include' '-isystem' '/nix/store/dzkwzx2qnhsx7938ywxqvygw5n28gy63-libXdmcp-1.1.3-dev/include' '-isystem' '/nix/store/75jd6r549krqxk1iq5cl4slrr4vci11n-libXtst-1.2.3/include' '-isystem' '/nix/store/rkz9zhzj975y9hvb8kav017da08hgq2b-xcb-util-cursor-0.1.3-dev/include' '-isystem' '/nix/store/dvrxv7fvlkj5cbjq6262m6f4jdpdvmxx-libepoxy-1.5.10-dev/include' '-isystem' '/nix/store/fqwihpqn2wmhjqw251w1r7dyw659abrh-libGL-1.6.0-dev/include' '-isystem' '/nix/store/y7fpp50b5l7l4g5hk76w2mm2p8jhrwyg-libglvnd-1.6.0-dev/include' '-isystem' '/nix/store/xr3l5mnqwgminijy321myshjx6w55530-qtsvg-6.4.2-dev/include' '-isystem' '/nix/store/a85vmwd6cgixmd25226zr4awdvh50xyd-quazip-1.3-dev/include' '-isystem' '/nix/store/jf4k9zv0nn0dij7jyh9cb7l2s4h5p65y-qt5compat-6.4.2-dev/include' '-isystem' '/nix/store/cj4cjywrz168aijw38dysql6ksafnbjs-qtdeclarative-6.4.2-dev/include' '-isystem' '/nix/store/mnpx93zc62xwqlkx0bycrab6604cdhcm-qtshadertools-6.4.2-dev/include' '-isystem' '/nix/store/iw1vmh509hcbby8dbpsaanbri4zsq7dj-python3-3.10.10/include' '-isystem' '/nix/store/h9a8m4y88pn2jg8h96j6i2blgzarrvcx-filesystem-1.5.12/include' '-isystem' '/nix/store/5ymj2l7wacvb1b154v5mhlhng406ds0k-tomlplusplus-3.3.0/include' '-isystem' '/nix/store/dkbq5hvylsc0d76lgmwyx4jm2pld63sl-cmark-0.30.3/include' '-isystem' '/nix/store/4gxhcwhrh92pn91ax09wxgqg2pqj9i61-qtwayland-6.4.2-dev/include' '-isystem' '/nix/store/wzrqym8dzidzhvm5h308kzqcan2zbf5j-gamemode-1.7-dev/include' '-isystem' '/nix/store/va9r2bdg56jc6qizpm6dyb97lnxfrhsy-file-5.44/include' '-isystem' '/nix/store/jkv8vb24ab371hlsp55fj953kwh01m8n-openjdk-17.0.6+10/include' '-isystem' '/nix/store/i9cf4vmk6kfqlds56vfllmmz0zdk7rp0-qtbase-6.4.2-dev/include' '-isystem' '/nix/store/0z5wasald7dmipjpbx8kw31pj0kzjxpg-libxml2-2.10.3-dev/include' '-isystem' '/nix/store/qgqsyg7gmqy3fz6shvzhcc7m7pkfw2ig-zlib-1.2.13-dev/include' '-isystem' '/nix/store/i57f5lhc83sfnck9d6rik0dbnbxr9qlw-libxslt-1.1.37-dev/include' '-isystem' '/nix/store/fyiwac98bi86nd5qzz9bhvs1bvmmwgad-openssl-3.0.8-dev/include' '-isystem' '/nix/store/i1h2yf133m4rfzgfgl0zdxjxniyy6kvg-sqlite-3.40.1-dev/include' '-isystem' '/nix/store/ci7r8mfkdg1b4wgawp6fff6ba6vyf33r-unixODBC-2.3.11/include' '-isystem' '/nix/store/vddrjv0wnknv73njnwzj3in0467dk9qa-harfbuzz-7.0.0-dev/include' '-isystem' '/nix/store/vgasd5zjsvdvq3w7ik13sfyyj1n0m5v7-graphite2-1.3.14/include' '-isystem' '/nix/store/86nsxqcmzcc85qzrsczb33jwqgcyl35g-icu4c-72.1-dev/include' '-isystem' '/nix/store/dra1y7qr8clxdssfx5s1grbg2lvg5ifd-libjpeg-turbo-2.1.4-dev/include' '-isystem' '/nix/store/463cn57ci7xxwr28c1d68zwbr001ka8h-libpng-apng-1.6.39-dev/include' '-isystem' '/nix/store/vr9naiikd2k84ygclm3vlr3agbjcgvzi-pcre2-10.42-dev/include' '-isystem' '/nix/store/zc41j2il39qmw9kfwa0zl37dz4izcjdp-pcre-8.45-dev/include' '-isystem' '/nix/store/k4w3vafb6k1b3zc2a6v1lr4w0iknnp65-libproxy-0.4.18-dev/include' '-isystem' '/nix/store/s8axys9hpvwxn5718iwrnyvwms4djz96-zstd-1.5.4-dev/include' '-isystem' '/nix/store/4hx2f3kfk824b3b44mhjgpph426lnj42-double-conversion-3.2.1/include' '-isystem' '/nix/store/d9yf24k5n979y1qy03nlj1mnpijhs5rx-libb2-0.98.1/include' '-isystem' '/nix/store/2pai53mrrahl85w7mbypxmplgx6wfqyd-md4c-0.4.8/include' '-isystem' '/nix/store/l8d014vy8n42sp6r6j3wjqldylcyvqyk-dbus-1.14.4-dev/include' '-isystem' '/nix/store/gqvyvc9ckzijwcw641v6qgg7fz8z63mc-expat-2.5.0-dev/include' '-isystem' '/nix/store/152gsygyjagsirvdg3icmz4px39wddwj-glib-2.74.5-dev/include' '-isystem' '/nix/store/4j08mgygxhi9y3957hbwqn1bg02va18y-libffi-3.4.4-dev/include' '-isystem' '/nix/store/ik1vzp6bfwjxxg0cdcbmyl17yzn8idd4-gettext-0.21/include' '-isystem' '/nix/store/1r3a6ji72zxvkyhqfgq1pymdiyjk93l5-glibc-iconv-2.35/include' '-isystem' '/nix/store/f04f2mxjzx7s34payvq6lna9qcaall3s-mariadb-connector-odbc-3.1.14/include' '-isystem' '/nix/store/2gm71c7yljswz2yz3i6125nx2rwkg9n6-systemd-252.5-dev/include' '-isystem' '/nix/store/1gb83p8c3fkjqyb0l30lz0303jhv088k-util-linux-2.38.1-dev/include' '-isystem' '/nix/store/xj6h98v3mjiqmwqv6zbw51xd3lgzdz7p-mtdev-1.1.6/include' '-isystem' '/nix/store/zmqdq7fj6h273kxz969wr3h7g1jhzgz4-lksctp-tools-1.0.17/include' '-isystem' '/nix/store/dvgpj4kwxp5pxhax93zqv80b4ql8xwla-libselinux-3.3-dev/include' '-isystem' '/nix/store/0p1v5zn2mb55xs9297x5p7vgdnhrjjmf-libsepol-3.3-dev/include' '-isystem' '/nix/store/zl2rzaxviah8cpknrlnpawpfvmjvjh0d-lttng-ust-2.13.1-dev/include' '-isystem' '/nix/store/0hhi25jwagxm00kjwmh2zl395cgfdrfh-liburcu-0.13.2/include' '-isystem' '/nix/store/k7pydn7w2dd03cchddkgzdb94brxisp9-vulkan-headers-1.3.239.0/include' '-isystem' '/nix/store/gxsg7g5higv817948fw3jyamypfc229g-libthai-0.1.29-dev/include' '-isystem' '/nix/store/hq2n7bnn6z2p0p94n4mixbbrsyi1qbdf-libdrm-2.4.114-dev/include' '-isystem' '/nix/store/bin4ww0irasbdvhqqg8lcwjg3025x4pq-libdatrie-2019-12-20-dev/include' '-isystem' '/nix/store/6bdds6632r9fp7mrh27qxjv90d7lzh0y-fontconfig-2.14.0-dev/include' '-isystem' '/nix/store/ybd7brnb5kavanvz40mg2p5pmgnczi85-freetype-2.12.1-dev/include' '-isystem' '/nix/store/abs0rlwm6jh4l1k831fvqggpgfrs91pv-bzip2-1.0.8-dev/include' '-isystem' '/nix/store/84r63sb6w4l1y1ab3vmk3xg84is027y2-brotli-1.0.9-dev/include' '-isystem' '/nix/store/q2sjb83p9kh7j653237wr5xzsdc17sgj-libX11-1.8.4-dev/include' '-isystem' '/nix/store/9d1fbfvijywjsxh5b060qy5dd01cqbrs-xorgproto-2021.5/include' '-isystem' '/nix/store/rr353rjxy36vvakib4cyajjj2r3gqw5x-libxcb-1.14-dev/include' '-isystem' '/nix/store/j4i01gassjbbm5i3x4qczy21pmfw05q2-libXcomposite-0.4.5-dev/include' '-isystem' '/nix/store/dbbvxfbsix59452vbjngfndr8xddb3nc-libXfixes-6.0.0-dev/include' '-isystem' '/nix/store/f5blw2z7jr4h2qkzfdmjkwak142353rq-libXext-1.3.4-dev/include' '-isystem' '/nix/store/jhxfmh0lh0dkk11fpys8350w8hk7ljf7-libXau-1.0.9-dev/include' '-isystem' '/nix/store/dci0q5r0v1j5d7vryy13as7banrix0sj-libXi-1.8-dev/include' '-isystem' '/nix/store/slpgdz4ha0w6y2c25n0ljda4536p9yi4-libXrender-0.9.10-dev/include' '-isystem' '/nix/store/l01q7h5h4wxr880jzxpc5fdrwnbqxfzn-libxkbcommon-1.5.0-dev/include' '-isystem' '/nix/store/9qzw3zscs3b4gc97bsaq991iifgz4977-xcb-util-0.4.0-dev/include' '-isystem' '/nix/store/cwvwhmigx77mydbv1h51pp2l2vijr2rs-xcb-util-image-0.4.0-dev/include' '-isystem' '/nix/store/v0qpk37hyfrpgga44f58yrb36gpay3ks-xcb-util-keysyms-0.4.0-dev/include' '-isystem' '/nix/store/x45m835963ss4all6g03wms91284j904-xcb-util-renderutil-0.3.9-dev/include' '-isystem' '/nix/store/qhjq1dap6j4h5g3srizm6dkshz63zdwv-xcb-util-wm-0.4.1-dev/include' '-isystem' '/nix/store/dzkwzx2qnhsx7938ywxqvygw5n28gy63-libXdmcp-1.1.3-dev/include' '-isystem' '/nix/store/75jd6r549krqxk1iq5cl4slrr4vci11n-libXtst-1.2.3/include' '-isystem' '/nix/store/rkz9zhzj975y9hvb8kav017da08hgq2b-xcb-util-cursor-0.1.3-dev/include' '-isystem' '/nix/store/dvrxv7fvlkj5cbjq6262m6f4jdpdvmxx-libepoxy-1.5.10-dev/include' '-isystem' '/nix/store/fqwihpqn2wmhjqw251w1r7dyw659abrh-libGL-1.6.0-dev/include' '-isystem' '/nix/store/y7fpp50b5l7l4g5hk76w2mm2p8jhrwyg-libglvnd-1.6.0-dev/include' '-isystem' '/nix/store/xr3l5mnqwgminijy321myshjx6w55530-qtsvg-6.4.2-dev/include' '-isystem' '/nix/store/a85vmwd6cgixmd25226zr4awdvh50xyd-quazip-1.3-dev/include' '-isystem' '/nix/store/jf4k9zv0nn0dij7jyh9cb7l2s4h5p65y-qt5compat-6.4.2-dev/include' '-isystem' '/nix/store/cj4cjywrz168aijw38dysql6ksafnbjs-qtdeclarative-6.4.2-dev/include' '-isystem' '/nix/store/mnpx93zc62xwqlkx0bycrab6604cdhcm-qtshadertools-6.4.2-dev/include' '-isystem' '/nix/store/iw1vmh509hcbby8dbpsaanbri4zsq7dj-python3-3.10.10/include' '-isystem' '/nix/store/h9a8m4y88pn2jg8h96j6i2blgzarrvcx-filesystem-1.5.12/include' '-isystem' '/nix/store/5ymj2l7wacvb1b154v5mhlhng406ds0k-tomlplusplus-3.3.0/include' '-isystem' '/nix/store/dkbq5hvylsc0d76lgmwyx4jm2pld63sl-cmark-0.30.3/include' '-isystem' '/nix/store/4gxhcwhrh92pn91ax09wxgqg2pqj9i61-qtwayland-6.4.2-dev/include' '-isystem' '/nix/store/wzrqym8dzidzhvm5h308kzqcan2zbf5j-gamemode-1.7-dev/include' '-mtune=generic' '-march=x86-64' '-dumpdir' 'CMakeFiles/cmTC_ad166.dir/'
 /nix/store/wx4nsqbssywgx9zkabwgl9sxm5l61ni3-gcc-12.2.0/libexec/gcc/x86_64-unknown-linux-gnu/12.2.0/cc1 -quiet -v -U _FORTIFY_SOURCE -D _FORTIFY_SOURCE=2 -D QT_NO_DEBUG -idirafter /nix/store/pqnd39aq2sksad2zvswjcpkqdc7ig3f9-glibc-2.35-224-dev/include -idirafter /nix/store/wx4nsqbssywgx9zkabwgl9sxm5l61ni3-gcc-12.2.0/lib/gcc/x86_64-unknown-linux-gnu/12.2.0/include-fixed -isystem /nix/store/va9r2bdg56jc6qizpm6dyb97lnxfrhsy-file-5.44/include -isystem /nix/store/jkv8vb24ab371hlsp55fj953kwh01m8n-openjdk-17.0.6+10/include -isystem /nix/store/i9cf4vmk6kfqlds56vfllmmz0zdk7rp0-qtbase-6.4.2-dev/include -isystem /nix/store/0z5wasald7dmipjpbx8kw31pj0kzjxpg-libxml2-2.10.3-dev/include -isystem /nix/store/qgqsyg7gmqy3fz6shvzhcc7m7pkfw2ig-zlib-1.2.13-dev/include -isystem /nix/store/i57f5lhc83sfnck9d6rik0dbnbxr9qlw-libxslt-1.1.37-dev/include -isystem /nix/store/fyiwac98bi86nd5qzz9bhvs1bvmmwgad-openssl-3.0.8-dev/include -isystem /nix/store/i1h2yf133m4rfzgfgl0zdxjxniyy6kvg-sqlite-3.40.1-dev/include -isystem /nix/store/ci7r8mfkdg1b4wgawp6fff6ba6vyf33r-unixODBC-2.3.11/include -isystem /nix/store/vddrjv0wnknv73njnwzj3in0467dk9qa-harfbuzz-7.0.0-dev/include -isystem /nix/store/vgasd5zjsvdvq3w7ik13sfyyj1n0m5v7-graphite2-1.3.14/include -isystem /nix/store/86nsxqcmzcc85qzrsczb33jwqgcyl35g-icu4c-72.1-dev/include -isystem /nix/store/dra1y7qr8clxdssfx5s1grbg2lvg5ifd-libjpeg-turbo-2.1.4-dev/include -isystem /nix/store/463cn57ci7xxwr28c1d68zwbr001ka8h-libpng-apng-1.6.39-dev/include -isystem /nix/store/vr9naiikd2k84ygclm3vlr3agbjcgvzi-pcre2-10.42-dev/include -isystem /nix/store/zc41j2il39qmw9kfwa0zl37dz4izcjdp-pcre-8.45-dev/include -isystem /nix/store/k4w3vafb6k1b3zc2a6v1lr4w0iknnp65-libproxy-0.4.18-dev/include -isystem /nix/store/s8axys9hpvwxn5718iwrnyvwms4djz96-zstd-1.5.4-dev/include -isystem /nix/store/4hx2f3kfk824b3b44mhjgpph426lnj42-double-conversion-3.2.1/include -isystem /nix/store/d9yf24k5n979y1qy03nlj1mnpijhs5rx-libb2-0.98.1/include -isystem /nix/store/2pai53mrrahl85w7mbypxmplgx6wfqyd-md4c-0.4.8/include -isystem /nix/store/l8d014vy8n42sp6r6j3wjqldylcyvqyk-dbus-1.14.4-dev/include -isystem /nix/store/gqvyvc9ckzijwcw641v6qgg7fz8z63mc-expat-2.5.0-dev/include -isystem /nix/store/152gsygyjagsirvdg3icmz4px39wddwj-glib-2.74.5-dev/include -isystem /nix/store/4j08mgygxhi9y3957hbwqn1bg02va18y-libffi-3.4.4-dev/include -isystem /nix/store/ik1vzp6bfwjxxg0cdcbmyl17yzn8idd4-gettext-0.21/include -isystem /nix/store/1r3a6ji72zxvkyhqfgq1pymdiyjk93l5-glibc-iconv-2.35/include -isystem /nix/store/f04f2mxjzx7s34payvq6lna9qcaall3s-mariadb-connector-odbc-3.1.14/include -isystem /nix/store/2gm71c7yljswz2yz3i6125nx2rwkg9n6-systemd-252.5-dev/include -isystem /nix/store/1gb83p8c3fkjqyb0l30lz0303jhv088k-util-linux-2.38.1-dev/include -isystem /nix/store/xj6h98v3mjiqmwqv6zbw51xd3lgzdz7p-mtdev-1.1.6/include -isystem /nix/store/zmqdq7fj6h273kxz969wr3h7g1jhzgz4-lksctp-tools-1.0.17/include -isystem /nix/store/dvgpj4kwxp5pxhax93zqv80b4ql8xwla-libselinux-3.3-dev/include -isystem /nix/store/0p1v5zn2mb55xs9297x5p7vgdnhrjjmf-libsepol-3.3-dev/include -isystem /nix/store/zl2rzaxviah8cpknrlnpawpfvmjvjh0d-lttng-ust-2.13.1-dev/include -isystem /nix/store/0hhi25jwagxm00kjwmh2zl395cgfdrfh-liburcu-0.13.2/include -isystem /nix/store/k7pydn7w2dd03cchddkgzdb94brxisp9-vulkan-headers-1.3.239.0/include -isystem /nix/store/gxsg7g5higv817948fw3jyamypfc229g-libthai-0.1.29-dev/include -isystem /nix/store/hq2n7bnn6z2p0p94n4mixbbrsyi1qbdf-libdrm-2.4.114-dev/include -isystem /nix/store/bin4ww0irasbdvhqqg8lcwjg3025x4pq-libdatrie-2019-12-20-dev/include -isystem /nix/store/6bdds6632r9fp7mrh27qxjv90d7lzh0y-fontconfig-2.14.0-dev/include -isystem /nix/store/ybd7brnb5kavanvz40mg2p5pmgnczi85-freetype-2.12.1-dev/include -isystem /nix/store/abs0rlwm6jh4l1k831fvqggpgfrs91pv-bzip2-1.0.8-dev/include -isystem /nix/store/84r63sb6w4l1y1ab3vmk3xg84is027y2-brotli-1.0.9-dev/include -isystem /nix/store/q2sjb83p9kh7j653237wr5xzsdc17sgj-libX11-1.8.4-dev/include -isystem /nix/store/9d1fbfvijywjsxh5b060qy5dd01cqbrs-xorgproto-2021.5/include -isystem /nix/store/rr353rjxy36vvakib4cyajjj2r3gqw5x-libxcb-1.14-dev/include -isystem /nix/store/j4i01gassjbbm5i3x4qczy21pmfw05q2-libXcomposite-0.4.5-dev/include -isystem /nix/store/dbbvxfbsix59452vbjngfndr8xddb3nc-libXfixes-6.0.0-dev/include -isystem /nix/store/f5blw2z7jr4h2qkzfdmjkwak142353rq-libXext-1.3.4-dev/include -isystem /nix/store/jhxfmh0lh0dkk11fpys8350w8hk7ljf7-libXau-1.0.9-dev/include -isystem /nix/store/dci0q5r0v1j5d7vryy13as7banrix0sj-libXi-1.8-dev/include -isystem /nix/store/slpgdz4ha0w6y2c25n0ljda4536p9yi4-libXrender-0.9.10-dev/include -isystem /nix/store/l01q7h5h4wxr880jzxpc5fdrwnbqxfzn-libxkbcommon-1.5.0-dev/include -isystem /nix/store/9qzw3zscs3b4gc97bsaq991iifgz4977-xcb-util-0.4.0-dev/include -isystem /nix/store/cwvwhmigx77mydbv1h51pp2l2vijr2rs-xcb-util-image-0.4.0-dev/include -isystem /nix/store/v0qpk37hyfrpgga44f58yrb36gpay3ks-xcb-util-keysyms-0.4.0-dev/include -isystem /nix/store/x45m835963ss4all6g03wms91284j904-xcb-util-renderutil-0.3.9-dev/include -isystem /nix/store/qhjq1dap6j4h5g3srizm6dkshz63zdwv-xcb-util-wm-0.4.1-dev/include -isystem /nix/store/dzkwzx2qnhsx7938ywxqvygw5n28gy63-libXdmcp-1.1.3-dev/include -isystem /nix/store/75jd6r549krqxk1iq5cl4slrr4vci11n-libXtst-1.2.3/include -isystem /nix/store/rkz9zhzj975y9hvb8kav017da08hgq2b-xcb-util-cursor-0.1.3-dev/include -isystem /nix/store/dvrxv7fvlkj5cbjq6262m6f4jdpdvmxx-libepoxy-1.5.10-dev/include -isystem /nix/store/fqwihpqn2wmhjqw251w1r7dyw659abrh-libGL-1.6.0-dev/include -isystem /nix/store/y7fpp50b5l7l4g5hk76w2mm2p8jhrwyg-libglvnd-1.6.0-dev/include -isystem /nix/store/xr3l5mnqwgminijy321myshjx6w55530-qtsvg-6.4.2-dev/include -isystem /nix/store/a85vmwd6cgixmd25226zr4awdvh50xyd-quazip-1.3-dev/include -isystem /nix/store/jf4k9zv0nn0dij7jyh9cb7l2s4h5p65y-qt5compat-6.4.2-dev/include -isystem /nix/store/cj4cjywrz168aijw38dysql6ksafnbjs-qtdeclarative-6.4.2-dev/include -isystem /nix/store/mnpx93zc62xwqlkx0bycrab6604cdhcm-qtshadertools-6.4.2-dev/include -isystem /nix/store/iw1vmh509hcbby8dbpsaanbri4zsq7dj-python3-3.10.10/include -isystem /nix/store/h9a8m4y88pn2jg8h96j6i2blgzarrvcx-filesystem-1.5.12/include -isystem /nix/store/5ymj2l7wacvb1b154v5mhlhng406ds0k-tomlplusplus-3.3.0/include -isystem /nix/store/dkbq5hvylsc0d76lgmwyx4jm2pld63sl-cmark-0.30.3/include -isystem /nix/store/4gxhcwhrh92pn91ax09wxgqg2pqj9i61-qtwayland-6.4.2-dev/include -isystem /nix/store/wzrqym8dzidzhvm5h308kzqcan2zbf5j-gamemode-1.7-dev/include -isystem /nix/store/va9r2bdg56jc6qizpm6dyb97lnxfrhsy-file-5.44/include -isystem /nix/store/jkv8vb24ab371hlsp55fj953kwh01m8n-openjdk-17.0.6+10/include -isystem /nix/store/i9cf4vmk6kfqlds56vfllmmz0zdk7rp0-qtbase-6.4.2-dev/include -isystem /nix/store/0z5wasald7dmipjpbx8kw31pj0kzjxpg-libxml2-2.10.3-dev/include -isystem /nix/store/qgqsyg7gmqy3fz6shvzhcc7m7pkfw2ig-zlib-1.2.13-dev/include -isystem /nix/store/i57f5lhc83sfnck9d6rik0dbnbxr9qlw-libxslt-1.1.37-dev/include -isystem /nix/store/fyiwac98bi86nd5qzz9bhvs1bvmmwgad-openssl-3.0.8-dev/include -isystem /nix/store/i1h2yf133m4rfzgfgl0zdxjxniyy6kvg-sqlite-3.40.1-dev/include -isystem /nix/store/ci7r8mfkdg1b4wgawp6fff6ba6vyf33r-unixODBC-2.3.11/include -isystem /nix/store/vddrjv0wnknv73njnwzj3in0467dk9qa-harfbuzz-7.0.0-dev/include -isystem /nix/store/vgasd5zjsvdvq3w7ik13sfyyj1n0m5v7-graphite2-1.3.14/include -isystem /nix/store/86nsxqcmzcc85qzrsczb33jwqgcyl35g-icu4c-72.1-dev/include -isystem /nix/store/dra1y7qr8clxdssfx5s1grbg2lvg5ifd-libjpeg-turbo-2.1.4-dev/include -isystem /nix/store/463cn57ci7xxwr28c1d68zwbr001ka8h-libpng-apng-1.6.39-dev/include -isystem /nix/store/vr9naiikd2k84ygclm3vlr3agbjcgvzi-pcre2-10.42-dev/include -isystem /nix/store/zc41j2il39qmw9kfwa0zl37dz4izcjdp-pcre-8.45-dev/include -isystem /nix/store/k4w3vafb6k1b3zc2a6v1lr4w0iknnp65-libproxy-0.4.18-dev/include -isystem /nix/store/s8axys9hpvwxn5718iwrnyvwms4djz96-zstd-1.5.4-dev/include -isystem /nix/store/4hx2f3kfk824b3b44mhjgpph426lnj42-double-conversion-3.2.1/include -isystem /nix/store/d9yf24k5n979y1qy03nlj1mnpijhs5rx-libb2-0.98.1/include -isystem /nix/store/2pai53mrrahl85w7mbypxmplgx6wfqyd-md4c-0.4.8/include -isystem /nix/store/l8d014vy8n42sp6r6j3wjqldylcyvqyk-dbus-1.14.4-dev/include -isystem /nix/store/gqvyvc9ckzijwcw641v6qgg7fz8z63mc-expat-2.5.0-dev/include -isystem /nix/store/152gsygyjagsirvdg3icmz4px39wddwj-glib-2.74.5-dev/include -isystem /nix/store/4j08mgygxhi9y3957hbwqn1bg02va18y-libffi-3.4.4-dev/include -isystem /nix/store/ik1vzp6bfwjxxg0cdcbmyl17yzn8idd4-gettext-0.21/include -isystem /nix/store/1r3a6ji72zxvkyhqfgq1pymdiyjk93l5-glibc-iconv-2.35/include -isystem /nix/store/f04f2mxjzx7s34payvq6lna9qcaall3s-mariadb-connector-odbc-3.1.14/include -isystem /nix/store/2gm71c7yljswz2yz3i6125nx2rwkg9n6-systemd-252.5-dev/include -isystem /nix/store/1gb83p8c3fkjqyb0l30lz0303jhv088k-util-linux-2.38.1-dev/include -isystem /nix/store/xj6h98v3mjiqmwqv6zbw51xd3lgzdz7p-mtdev-1.1.6/include -isystem /nix/store/zmqdq7fj6h273kxz969wr3h7g1jhzgz4-lksctp-tools-1.0.17/include -isystem /nix/store/dvgpj4kwxp5pxhax93zqv80b4ql8xwla-libselinux-3.3-dev/include -isystem /nix/store/0p1v5zn2mb55xs9297x5p7vgdnhrjjmf-libsepol-3.3-dev/include -isystem /nix/store/zl2rzaxviah8cpknrlnpawpfvmjvjh0d-lttng-ust-2.13.1-dev/include -isystem /nix/store/0hhi25jwagxm00kjwmh2zl395cgfdrfh-liburcu-0.13.2/include -isystem /nix/store/k7pydn7w2dd03cchddkgzdb94brxisp9-vulkan-headers-1.3.239.0/include -isystem /nix/store/gxsg7g5higv817948fw3jyamypfc229g-libthai-0.1.29-dev/include -isystem /nix/store/hq2n7bnn6z2p0p94n4mixbbrsyi1qbdf-libdrm-2.4.114-dev/include -isystem /nix/store/bin4ww0irasbdvhqqg8lcwjg3025x4pq-libdatrie-2019-12-20-dev/include -isystem /nix/store/6bdds6632r9fp7mrh27qxjv90d7lzh0y-fontconfig-2.14.0-dev/include -isystem /nix/store/ybd7brnb5kavanvz40mg2p5pmgnczi85-freetype-2.12.1-dev/include -isystem /nix/store/abs0rlwm6jh4l1k831fvqggpgfrs91pv-bzip2-1.0.8-dev/include -isystem /nix/store/84r63sb6w4l1y1ab3vmk3xg84is027y2-brotli-1.0.9-dev/include -isystem /nix/store/q2sjb83p9kh7j653237wr5xzsdc17sgj-libX11-1.8.4-dev/include -isystem /nix/store/9d1fbfvijywjsxh5b060qy5dd01cqbrs-xorgproto-2021.5/include -isystem /nix/store/rr353rjxy36vvakib4cyajjj2r3gqw5x-libxcb-1.14-dev/include -isystem /nix/store/j4i01gassjbbm5i3x4qczy21pmfw05q2-libXcomposite-0.4.5-dev/include -isystem /nix/store/dbbvxfbsix59452vbjngfndr8xddb3nc-libXfixes-6.0.0-dev/include -isystem /nix/store/f5blw2z7jr4h2qkzfdmjkwak142353rq-libXext-1.3.4-dev/include -isystem /nix/store/jhxfmh0lh0dkk11fpys8350w8hk7ljf7-libXau-1.0.9-dev/include -isystem /nix/store/dci0q5r0v1j5d7vryy13as7banrix0sj-libXi-1.8-dev/include -isystem /nix/store/slpgdz4ha0w6y2c25n0ljda4536p9yi4-libXrender-0.9.10-dev/include -isystem /nix/store/l01q7h5h4wxr880jzxpc5fdrwnbqxfzn-libxkbcommon-1.5.0-dev/include -isystem /nix/store/9qzw3zscs3b4gc97bsaq991iifgz4977-xcb-util-0.4.0-dev/include -isystem /nix/store/cwvwhmigx77mydbv1h51pp2l2vijr2rs-xcb-util-image-0.4.0-dev/include -isystem /nix/store/v0qpk37hyfrpgga44f58yrb36gpay3ks-xcb-util-keysyms-0.4.0-dev/include -isystem /nix/store/x45m835963ss4all6g03wms91284j904-xcb-util-renderutil-0.3.9-dev/include -isystem /nix/store/qhjq1dap6j4h5g3srizm6dkshz63zdwv-xcb-util-wm-0.4.1-dev/include -isystem /nix/store/dzkwzx2qnhsx7938ywxqvygw5n28gy63-libXdmcp-1.1.3-dev/include -isystem /nix/store/75jd6r549krqxk1iq5cl4slrr4vci11n-libXtst-1.2.3/include -isystem /nix/store/rkz9zhzj975y9hvb8kav017da08hgq2b-xcb-util-cursor-0.1.3-dev/include -isystem /nix/store/dvrxv7fvlkj5cbjq6262m6f4jdpdvmxx-libepoxy-1.5.10-dev/include -isystem /nix/store/fqwihpqn2wmhjqw251w1r7dyw659abrh-libGL-1.6.0-dev/include -isystem /nix/store/y7fpp50b5l7l4g5hk76w2mm2p8jhrwyg-libglvnd-1.6.0-dev/include -isystem /nix/store/xr3l5mnqwgminijy321myshjx6w55530-qtsvg-6.4.2-dev/include -isystem /nix/store/a85vmwd6cgixmd25226zr4awdvh50xyd-quazip-1.3-dev/include -isystem /nix/store/jf4k9zv0nn0dij7jyh9cb7l2s4h5p65y-qt5compat-6.4.2-dev/include -isystem /nix/store/cj4cjywrz168aijw38dysql6ksafnbjs-qtdeclarative-6.4.2-dev/include -isystem /nix/store/mnpx93zc62xwqlkx0bycrab6604cdhcm-qtshadertools-6.4.2-dev/include -isystem /nix/store/iw1vmh509hcbby8dbpsaanbri4zsq7dj-python3-3.10.10/include -isystem /nix/store/h9a8m4y88pn2jg8h96j6i2blgzarrvcx-filesystem-1.5.12/include -isystem /nix/store/5ymj2l7wacvb1b154v5mhlhng406ds0k-tomlplusplus-3.3.0/include -isystem /nix/store/dkbq5hvylsc0d76lgmwyx4jm2pld63sl-cmark-0.30.3/include -isystem /nix/store/4gxhcwhrh92pn91ax09wxgqg2pqj9i61-qtwayland-6.4.2-dev/include -isystem /nix/store/wzrqym8dzidzhvm5h308kzqcan2zbf5j-gamemode-1.7-dev/include /nix/store/l341npqn3j8pwqq1nqgj5cqhnfbzhphd-cmake-3.25.1/share/cmake-3.25/Modules/CMakeCCompilerABI.c -quiet -dumpdir CMakeFiles/cmTC_ad166.dir/ -dumpbase CMakeCCompilerABI.c.c -dumpbase-ext .c -mtune=generic -march=x86-64 -O2 -Wformat=1 -Wformat-security -Werror=format-security -version -fPIC -fstack-protector-strong -fno-strict-overflow -frandom-seed=sy5449x9ji --param=ssp-buffer-size=4 -o /tmp/nix-shell.QeuHwI/ccJIvJEe.s
GNU C17 (GCC) version 12.2.0 (x86_64-unknown-linux-gnu)
	compiled by GNU C version 12.2.0, GMP version 6.2.1, MPFR version 4.2.0, MPC version 1.3.1, isl version isl-0.20-GMP

GGC heuristics: --param ggc-min-expand=100 --param ggc-min-heapsize=131072
ignoring duplicate directory "/nix/store/y7fpp50b5l7l4g5hk76w2mm2p8jhrwyg-libglvnd-1.6.0-dev/include"
ignoring duplicate directory "/nix/store/va9r2bdg56jc6qizpm6dyb97lnxfrhsy-file-5.44/include"
ignoring duplicate directory "/nix/store/jkv8vb24ab371hlsp55fj953kwh01m8n-openjdk-17.0.6+10/include"
ignoring duplicate directory "/nix/store/i9cf4vmk6kfqlds56vfllmmz0zdk7rp0-qtbase-6.4.2-dev/include"
ignoring duplicate directory "/nix/store/0z5wasald7dmipjpbx8kw31pj0kzjxpg-libxml2-2.10.3-dev/include"
ignoring duplicate directory "/nix/store/qgqsyg7gmqy3fz6shvzhcc7m7pkfw2ig-zlib-1.2.13-dev/include"
ignoring duplicate directory "/nix/store/i57f5lhc83sfnck9d6rik0dbnbxr9qlw-libxslt-1.1.37-dev/include"
ignoring duplicate directory "/nix/store/fyiwac98bi86nd5qzz9bhvs1bvmmwgad-openssl-3.0.8-dev/include"
ignoring duplicate directory "/nix/store/i1h2yf133m4rfzgfgl0zdxjxniyy6kvg-sqlite-3.40.1-dev/include"
ignoring duplicate directory "/nix/store/ci7r8mfkdg1b4wgawp6fff6ba6vyf33r-unixODBC-2.3.11/include"
ignoring duplicate directory "/nix/store/vddrjv0wnknv73njnwzj3in0467dk9qa-harfbuzz-7.0.0-dev/include"
ignoring duplicate directory "/nix/store/vgasd5zjsvdvq3w7ik13sfyyj1n0m5v7-graphite2-1.3.14/include"
ignoring duplicate directory "/nix/store/86nsxqcmzcc85qzrsczb33jwqgcyl35g-icu4c-72.1-dev/include"
ignoring duplicate directory "/nix/store/dra1y7qr8clxdssfx5s1grbg2lvg5ifd-libjpeg-turbo-2.1.4-dev/include"
ignoring duplicate directory "/nix/store/463cn57ci7xxwr28c1d68zwbr001ka8h-libpng-apng-1.6.39-dev/include"
ignoring duplicate directory "/nix/store/vr9naiikd2k84ygclm3vlr3agbjcgvzi-pcre2-10.42-dev/include"
ignoring duplicate directory "/nix/store/zc41j2il39qmw9kfwa0zl37dz4izcjdp-pcre-8.45-dev/include"
ignoring duplicate directory "/nix/store/k4w3vafb6k1b3zc2a6v1lr4w0iknnp65-libproxy-0.4.18-dev/include"
ignoring duplicate directory "/nix/store/s8axys9hpvwxn5718iwrnyvwms4djz96-zstd-1.5.4-dev/include"
ignoring duplicate directory "/nix/store/4hx2f3kfk824b3b44mhjgpph426lnj42-double-conversion-3.2.1/include"
ignoring duplicate directory "/nix/store/d9yf24k5n979y1qy03nlj1mnpijhs5rx-libb2-0.98.1/include"
ignoring duplicate directory "/nix/store/2pai53mrrahl85w7mbypxmplgx6wfqyd-md4c-0.4.8/include"
ignoring duplicate directory "/nix/store/l8d014vy8n42sp6r6j3wjqldylcyvqyk-dbus-1.14.4-dev/include"
ignoring duplicate directory "/nix/store/gqvyvc9ckzijwcw641v6qgg7fz8z63mc-expat-2.5.0-dev/include"
ignoring duplicate directory "/nix/store/152gsygyjagsirvdg3icmz4px39wddwj-glib-2.74.5-dev/include"
ignoring duplicate directory "/nix/store/4j08mgygxhi9y3957hbwqn1bg02va18y-libffi-3.4.4-dev/include"
ignoring duplicate directory "/nix/store/ik1vzp6bfwjxxg0cdcbmyl17yzn8idd4-gettext-0.21/include"
ignoring duplicate directory "/nix/store/1r3a6ji72zxvkyhqfgq1pymdiyjk93l5-glibc-iconv-2.35/include"
ignoring duplicate directory "/nix/store/f04f2mxjzx7s34payvq6lna9qcaall3s-mariadb-connector-odbc-3.1.14/include"
ignoring duplicate directory "/nix/store/2gm71c7yljswz2yz3i6125nx2rwkg9n6-systemd-252.5-dev/include"
ignoring duplicate directory "/nix/store/1gb83p8c3fkjqyb0l30lz0303jhv088k-util-linux-2.38.1-dev/include"
ignoring duplicate directory "/nix/store/xj6h98v3mjiqmwqv6zbw51xd3lgzdz7p-mtdev-1.1.6/include"
ignoring duplicate directory "/nix/store/zmqdq7fj6h273kxz969wr3h7g1jhzgz4-lksctp-tools-1.0.17/include"
ignoring duplicate directory "/nix/store/dvgpj4kwxp5pxhax93zqv80b4ql8xwla-libselinux-3.3-dev/include"
ignoring duplicate directory "/nix/store/0p1v5zn2mb55xs9297x5p7vgdnhrjjmf-libsepol-3.3-dev/include"
ignoring duplicate directory "/nix/store/zl2rzaxviah8cpknrlnpawpfvmjvjh0d-lttng-ust-2.13.1-dev/include"
ignoring duplicate directory "/nix/store/0hhi25jwagxm00kjwmh2zl395cgfdrfh-liburcu-0.13.2/include"
ignoring duplicate directory "/nix/store/k7pydn7w2dd03cchddkgzdb94brxisp9-vulkan-headers-1.3.239.0/include"
ignoring duplicate directory "/nix/store/gxsg7g5higv817948fw3jyamypfc229g-libthai-0.1.29-dev/include"
ignoring duplicate directory "/nix/store/hq2n7bnn6z2p0p94n4mixbbrsyi1qbdf-libdrm-2.4.114-dev/include"
ignoring duplicate directory "/nix/store/bin4ww0irasbdvhqqg8lcwjg3025x4pq-libdatrie-2019-12-20-dev/include"
ignoring duplicate directory "/nix/store/6bdds6632r9fp7mrh27qxjv90d7lzh0y-fontconfig-2.14.0-dev/include"
ignoring duplicate directory "/nix/store/ybd7brnb5kavanvz40mg2p5pmgnczi85-freetype-2.12.1-dev/include"
ignoring duplicate directory "/nix/store/abs0rlwm6jh4l1k831fvqggpgfrs91pv-bzip2-1.0.8-dev/include"
ignoring duplicate directory "/nix/store/84r63sb6w4l1y1ab3vmk3xg84is027y2-brotli-1.0.9-dev/include"
ignoring duplicate directory "/nix/store/q2sjb83p9kh7j653237wr5xzsdc17sgj-libX11-1.8.4-dev/include"
ignoring duplicate directory "/nix/store/9d1fbfvijywjsxh5b060qy5dd01cqbrs-xorgproto-2021.5/include"
ignoring duplicate directory "/nix/store/rr353rjxy36vvakib4cyajjj2r3gqw5x-libxcb-1.14-dev/include"
ignoring duplicate directory "/nix/store/j4i01gassjbbm5i3x4qczy21pmfw05q2-libXcomposite-0.4.5-dev/include"
ignoring duplicate directory "/nix/store/dbbvxfbsix59452vbjngfndr8xddb3nc-libXfixes-6.0.0-dev/include"
ignoring duplicate directory "/nix/store/f5blw2z7jr4h2qkzfdmjkwak142353rq-libXext-1.3.4-dev/include"
ignoring duplicate directory "/nix/store/jhxfmh0lh0dkk11fpys8350w8hk7ljf7-libXau-1.0.9-dev/include"
ignoring duplicate directory "/nix/store/dci0q5r0v1j5d7vryy13as7banrix0sj-libXi-1.8-dev/include"
ignoring duplicate directory "/nix/store/slpgdz4ha0w6y2c25n0ljda4536p9yi4-libXrender-0.9.10-dev/include"
ignoring duplicate directory "/nix/store/l01q7h5h4wxr880jzxpc5fdrwnbqxfzn-libxkbcommon-1.5.0-dev/include"
ignoring duplicate directory "/nix/store/9qzw3zscs3b4gc97bsaq991iifgz4977-xcb-util-0.4.0-dev/include"
ignoring duplicate directory "/nix/store/cwvwhmigx77mydbv1h51pp2l2vijr2rs-xcb-util-image-0.4.0-dev/include"
ignoring duplicate directory "/nix/store/v0qpk37hyfrpgga44f58yrb36gpay3ks-xcb-util-keysyms-0.4.0-dev/include"
ignoring duplicate directory "/nix/store/x45m835963ss4all6g03wms91284j904-xcb-util-renderutil-0.3.9-dev/include"
ignoring duplicate directory "/nix/store/qhjq1dap6j4h5g3srizm6dkshz63zdwv-xcb-util-wm-0.4.1-dev/include"
ignoring duplicate directory "/nix/store/dzkwzx2qnhsx7938ywxqvygw5n28gy63-libXdmcp-1.1.3-dev/include"
ignoring duplicate directory "/nix/store/75jd6r549krqxk1iq5cl4slrr4vci11n-libXtst-1.2.3/include"
ignoring duplicate directory "/nix/store/rkz9zhzj975y9hvb8kav017da08hgq2b-xcb-util-cursor-0.1.3-dev/include"
ignoring duplicate directory "/nix/store/dvrxv7fvlkj5cbjq6262m6f4jdpdvmxx-libepoxy-1.5.10-dev/include"
ignoring duplicate directory "/nix/store/fqwihpqn2wmhjqw251w1r7dyw659abrh-libGL-1.6.0-dev/include"
ignoring duplicate directory "/nix/store/y7fpp50b5l7l4g5hk76w2mm2p8jhrwyg-libglvnd-1.6.0-dev/include"
ignoring duplicate directory "/nix/store/xr3l5mnqwgminijy321myshjx6w55530-qtsvg-6.4.2-dev/include"
ignoring duplicate directory "/nix/store/a85vmwd6cgixmd25226zr4awdvh50xyd-quazip-1.3-dev/include"
ignoring duplicate directory "/nix/store/jf4k9zv0nn0dij7jyh9cb7l2s4h5p65y-qt5compat-6.4.2-dev/include"
ignoring duplicate directory "/nix/store/cj4cjywrz168aijw38dysql6ksafnbjs-qtdeclarative-6.4.2-dev/include"
ignoring duplicate directory "/nix/store/mnpx93zc62xwqlkx0bycrab6604cdhcm-qtshadertools-6.4.2-dev/include"
ignoring duplicate directory "/nix/store/iw1vmh509hcbby8dbpsaanbri4zsq7dj-python3-3.10.10/include"
ignoring duplicate directory "/nix/store/h9a8m4y88pn2jg8h96j6i2blgzarrvcx-filesystem-1.5.12/include"
ignoring duplicate directory "/nix/store/5ymj2l7wacvb1b154v5mhlhng406ds0k-tomlplusplus-3.3.0/include"
ignoring duplicate directory "/nix/store/dkbq5hvylsc0d76lgmwyx4jm2pld63sl-cmark-0.30.3/include"
ignoring duplicate directory "/nix/store/4gxhcwhrh92pn91ax09wxgqg2pqj9i61-qtwayland-6.4.2-dev/include"
ignoring duplicate directory "/nix/store/wzrqym8dzidzhvm5h308kzqcan2zbf5j-gamemode-1.7-dev/include"
ignoring nonexistent directory "/nix/store/wx4nsqbssywgx9zkabwgl9sxm5l61ni3-gcc-12.2.0/lib/gcc/x86_64-unknown-linux-gnu/12.2.0/../../../../x86_64-unknown-linux-gnu/include"
ignoring duplicate directory "/nix/store/pqnd39aq2sksad2zvswjcpkqdc7ig3f9-glibc-2.35-224-dev/include"
ignoring duplicate directory "/nix/store/wx4nsqbssywgx9zkabwgl9sxm5l61ni3-gcc-12.2.0/lib/gcc/x86_64-unknown-linux-gnu/12.2.0/include-fixed"
#include "..." search starts here:
#include <...> search starts here:
 /nix/store/va9r2bdg56jc6qizpm6dyb97lnxfrhsy-file-5.44/include
 /nix/store/jkv8vb24ab371hlsp55fj953kwh01m8n-openjdk-17.0.6+10/include
 /nix/store/i9cf4vmk6kfqlds56vfllmmz0zdk7rp0-qtbase-6.4.2-dev/include
 /nix/store/0z5wasald7dmipjpbx8kw31pj0kzjxpg-libxml2-2.10.3-dev/include
 /nix/store/qgqsyg7gmqy3fz6shvzhcc7m7pkfw2ig-zlib-1.2.13-dev/include
 /nix/store/i57f5lhc83sfnck9d6rik0dbnbxr9qlw-libxslt-1.1.37-dev/include
 /nix/store/fyiwac98bi86nd5qzz9bhvs1bvmmwgad-openssl-3.0.8-dev/include
 /nix/store/i1h2yf133m4rfzgfgl0zdxjxniyy6kvg-sqlite-3.40.1-dev/include
 /nix/store/ci7r8mfkdg1b4wgawp6fff6ba6vyf33r-unixODBC-2.3.11/include
 /nix/store/vddrjv0wnknv73njnwzj3in0467dk9qa-harfbuzz-7.0.0-dev/include
 /nix/store/vgasd5zjsvdvq3w7ik13sfyyj1n0m5v7-graphite2-1.3.14/include
 /nix/store/86nsxqcmzcc85qzrsczb33jwqgcyl35g-icu4c-72.1-dev/include
 /nix/store/dra1y7qr8clxdssfx5s1grbg2lvg5ifd-libjpeg-turbo-2.1.4-dev/include
 /nix/store/463cn57ci7xxwr28c1d68zwbr001ka8h-libpng-apng-1.6.39-dev/include
 /nix/store/vr9naiikd2k84ygclm3vlr3agbjcgvzi-pcre2-10.42-dev/include
 /nix/store/zc41j2il39qmw9kfwa0zl37dz4izcjdp-pcre-8.45-dev/include
 /nix/store/k4w3vafb6k1b3zc2a6v1lr4w0iknnp65-libproxy-0.4.18-dev/include
 /nix/store/s8axys9hpvwxn5718iwrnyvwms4djz96-zstd-1.5.4-dev/include
 /nix/store/4hx2f3kfk824b3b44mhjgpph426lnj42-double-conversion-3.2.1/include
 /nix/store/d9yf24k5n979y1qy03nlj1mnpijhs5rx-libb2-0.98.1/include
 /nix/store/2pai53mrrahl85w7mbypxmplgx6wfqyd-md4c-0.4.8/include
 /nix/store/l8d014vy8n42sp6r6j3wjqldylcyvqyk-dbus-1.14.4-dev/include
 /nix/store/gqvyvc9ckzijwcw641v6qgg7fz8z63mc-expat-2.5.0-dev/include
 /nix/store/152gsygyjagsirvdg3icmz4px39wddwj-glib-2.74.5-dev/include
 /nix/store/4j08mgygxhi9y3957hbwqn1bg02va18y-libffi-3.4.4-dev/include
 /nix/store/ik1vzp6bfwjxxg0cdcbmyl17yzn8idd4-gettext-0.21/include
 /nix/store/1r3a6ji72zxvkyhqfgq1pymdiyjk93l5-glibc-iconv-2.35/include
 /nix/store/f04f2mxjzx7s34payvq6lna9qcaall3s-mariadb-connector-odbc-3.1.14/include
 /nix/store/2gm71c7yljswz2yz3i6125nx2rwkg9n6-systemd-252.5-dev/include
 /nix/store/1gb83p8c3fkjqyb0l30lz0303jhv088k-util-linux-2.38.1-dev/include
 /nix/store/xj6h98v3mjiqmwqv6zbw51xd3lgzdz7p-mtdev-1.1.6/include
 /nix/store/zmqdq7fj6h273kxz969wr3h7g1jhzgz4-lksctp-tools-1.0.17/include
 /nix/store/dvgpj4kwxp5pxhax93zqv80b4ql8xwla-libselinux-3.3-dev/include
 /nix/store/0p1v5zn2mb55xs9297x5p7vgdnhrjjmf-libsepol-3.3-dev/include
 /nix/store/zl2rzaxviah8cpknrlnpawpfvmjvjh0d-lttng-ust-2.13.1-dev/include
 /nix/store/0hhi25jwagxm00kjwmh2zl395cgfdrfh-liburcu-0.13.2/include
 /nix/store/k7pydn7w2dd03cchddkgzdb94brxisp9-vulkan-headers-1.3.239.0/include
 /nix/store/gxsg7g5higv817948fw3jyamypfc229g-libthai-0.1.29-dev/include
 /nix/store/hq2n7bnn6z2p0p94n4mixbbrsyi1qbdf-libdrm-2.4.114-dev/include
 /nix/store/bin4ww0irasbdvhqqg8lcwjg3025x4pq-libdatrie-2019-12-20-dev/include
 /nix/store/6bdds6632r9fp7mrh27qxjv90d7lzh0y-fontconfig-2.14.0-dev/include
 /nix/store/ybd7brnb5kavanvz40mg2p5pmgnczi85-freetype-2.12.1-dev/include
 /nix/store/abs0rlwm6jh4l1k831fvqggpgfrs91pv-bzip2-1.0.8-dev/include
 /nix/store/84r63sb6w4l1y1ab3vmk3xg84is027y2-brotli-1.0.9-dev/include
 /nix/store/q2sjb83p9kh7j653237wr5xzsdc17sgj-libX11-1.8.4-dev/include
 /nix/store/9d1fbfvijywjsxh5b060qy5dd01cqbrs-xorgproto-2021.5/include
 /nix/store/rr353rjxy36vvakib4cyajjj2r3gqw5x-libxcb-1.14-dev/include
 /nix/store/j4i01gassjbbm5i3x4qczy21pmfw05q2-libXcomposite-0.4.5-dev/include
 /nix/store/dbbvxfbsix59452vbjngfndr8xddb3nc-libXfixes-6.0.0-dev/include
 /nix/store/f5blw2z7jr4h2qkzfdmjkwak142353rq-libXext-1.3.4-dev/include
 /nix/store/jhxfmh0lh0dkk11fpys8350w8hk7ljf7-libXau-1.0.9-dev/include
 /nix/store/dci0q5r0v1j5d7vryy13as7banrix0sj-libXi-1.8-dev/include
 /nix/store/slpgdz4ha0w6y2c25n0ljda4536p9yi4-libXrender-0.9.10-dev/include
 /nix/store/l01q7h5h4wxr880jzxpc5fdrwnbqxfzn-libxkbcommon-1.5.0-dev/include
 /nix/store/9qzw3zscs3b4gc97bsaq991iifgz4977-xcb-util-0.4.0-dev/include
 /nix/store/cwvwhmigx77mydbv1h51pp2l2vijr2rs-xcb-util-image-0.4.0-dev/include
 /nix/store/v0qpk37hyfrpgga44f58yrb36gpay3ks-xcb-util-keysyms-0.4.0-dev/include
 /nix/store/x45m835963ss4all6g03wms91284j904-xcb-util-renderutil-0.3.9-dev/include
 /nix/store/qhjq1dap6j4h5g3srizm6dkshz63zdwv-xcb-util-wm-0.4.1-dev/include
 /nix/store/dzkwzx2qnhsx7938ywxqvygw5n28gy63-libXdmcp-1.1.3-dev/include
 /nix/store/75jd6r549krqxk1iq5cl4slrr4vci11n-libXtst-1.2.3/include
 /nix/store/rkz9zhzj975y9hvb8kav017da08hgq2b-xcb-util-cursor-0.1.3-dev/include
 /nix/store/dvrxv7fvlkj5cbjq6262m6f4jdpdvmxx-libepoxy-1.5.10-dev/include
 /nix/store/fqwihpqn2wmhjqw251w1r7dyw659abrh-libGL-1.6.0-dev/include
 /nix/store/xr3l5mnqwgminijy321myshjx6w55530-qtsvg-6.4.2-dev/include
 /nix/store/a85vmwd6cgixmd25226zr4awdvh50xyd-quazip-1.3-dev/include
 /nix/store/jf4k9zv0nn0dij7jyh9cb7l2s4h5p65y-qt5compat-6.4.2-dev/include
 /nix/store/cj4cjywrz168aijw38dysql6ksafnbjs-qtdeclarative-6.4.2-dev/include
 /nix/store/mnpx93zc62xwqlkx0bycrab6604cdhcm-qtshadertools-6.4.2-dev/include
 /nix/store/iw1vmh509hcbby8dbpsaanbri4zsq7dj-python3-3.10.10/include
 /nix/store/h9a8m4y88pn2jg8h96j6i2blgzarrvcx-filesystem-1.5.12/include
 /nix/store/5ymj2l7wacvb1b154v5mhlhng406ds0k-tomlplusplus-3.3.0/include
 /nix/store/dkbq5hvylsc0d76lgmwyx4jm2pld63sl-cmark-0.30.3/include
 /nix/store/4gxhcwhrh92pn91ax09wxgqg2pqj9i61-qtwayland-6.4.2-dev/include
 /nix/store/wzrqym8dzidzhvm5h308kzqcan2zbf5j-gamemode-1.7-dev/include
 /nix/store/wx4nsqbssywgx9zkabwgl9sxm5l61ni3-gcc-12.2.0/lib/gcc/x86_64-unknown-linux-gnu/12.2.0/include
 /nix/store/wx4nsqbssywgx9zkabwgl9sxm5l61ni3-gcc-12.2.0/include
 /nix/store/wx4nsqbssywgx9zkabwgl9sxm5l61ni3-gcc-12.2.0/lib/gcc/x86_64-unknown-linux-gnu/12.2.0/include-fixed
 /nix/store/pqnd39aq2sksad2zvswjcpkqdc7ig3f9-glibc-2.35-224-dev/include
End of search list.
GNU C17 (GCC) version 12.2.0 (x86_64-unknown-linux-gnu)
	compiled by GNU C version 12.2.0, GMP version 6.2.1, MPFR version 4.2.0, MPC version 1.3.1, isl version isl-0.20-GMP

GGC heuristics: --param ggc-min-expand=100 --param ggc-min-heapsize=131072
Compiler executable checksum: a8ebfe3ab78a1cfcc8b78efc9ca0f788
COLLECT_GCC_OPTIONS='-fPIC' '-Wformat=1' '-Wformat-security' '-Werror=format-security' '-fstack-protector-strong' '--param=ssp-buffer-size=4' '-O2' '-U' '_FORTIFY_SOURCE' '-D' '_FORTIFY_SOURCE=2' '-fno-strict-overflow' '-v' '-o' 'CMakeFiles/cmTC_ad166.dir/CMakeCCompilerABI.c.o' '-c' '-B' '/nix/store/76l4v99sk83ylfwkz8wmwrm4s8h73rhd-glibc-2.35-224/lib/' '-idirafter' '/nix/store/pqnd39aq2sksad2zvswjcpkqdc7ig3f9-glibc-2.35-224-dev/include' '-idirafter' '/nix/store/wx4nsqbssywgx9zkabwgl9sxm5l61ni3-gcc-12.2.0/lib/gcc/x86_64-unknown-linux-gnu/12.2.0/include-fixed' '-B' '/nix/store/2w4k8nvdyiggz717ygbbxchpnxrqc6y9-gcc-12.2.0-lib/lib' '-B' '/nix/store/bfbp3ypd9nm3fapz634gvvs738blrl0y-gcc-wrapper-12.2.0/bin/' '-frandom-seed=sy5449x9ji' '-D' 'QT_NO_DEBUG' '-isystem' '/nix/store/va9r2bdg56jc6qizpm6dyb97lnxfrhsy-file-5.44/include' '-isystem' '/nix/store/jkv8vb24ab371hlsp55fj953kwh01m8n-openjdk-17.0.6+10/include' '-isystem' '/nix/store/i9cf4vmk6kfqlds56vfllmmz0zdk7rp0-qtbase-6.4.2-dev/include' '-isystem' '/nix/store/0z5wasald7dmipjpbx8kw31pj0kzjxpg-libxml2-2.10.3-dev/include' '-isystem' '/nix/store/qgqsyg7gmqy3fz6shvzhcc7m7pkfw2ig-zlib-1.2.13-dev/include' '-isystem' '/nix/store/i57f5lhc83sfnck9d6rik0dbnbxr9qlw-libxslt-1.1.37-dev/include' '-isystem' '/nix/store/fyiwac98bi86nd5qzz9bhvs1bvmmwgad-openssl-3.0.8-dev/include' '-isystem' '/nix/store/i1h2yf133m4rfzgfgl0zdxjxniyy6kvg-sqlite-3.40.1-dev/include' '-isystem' '/nix/store/ci7r8mfkdg1b4wgawp6fff6ba6vyf33r-unixODBC-2.3.11/include' '-isystem' '/nix/store/vddrjv0wnknv73njnwzj3in0467dk9qa-harfbuzz-7.0.0-dev/include' '-isystem' '/nix/store/vgasd5zjsvdvq3w7ik13sfyyj1n0m5v7-graphite2-1.3.14/include' '-isystem' '/nix/store/86nsxqcmzcc85qzrsczb33jwqgcyl35g-icu4c-72.1-dev/include' '-isystem' '/nix/store/dra1y7qr8clxdssfx5s1grbg2lvg5ifd-libjpeg-turbo-2.1.4-dev/include' '-isystem' '/nix/store/463cn57ci7xxwr28c1d68zwbr001ka8h-libpng-apng-1.6.39-dev/include' '-isystem' '/nix/store/vr9naiikd2k84ygclm3vlr3agbjcgvzi-pcre2-10.42-dev/include' '-isystem' '/nix/store/zc41j2il39qmw9kfwa0zl37dz4izcjdp-pcre-8.45-dev/include' '-isystem' '/nix/store/k4w3vafb6k1b3zc2a6v1lr4w0iknnp65-libproxy-0.4.18-dev/include' '-isystem' '/nix/store/s8axys9hpvwxn5718iwrnyvwms4djz96-zstd-1.5.4-dev/include' '-isystem' '/nix/store/4hx2f3kfk824b3b44mhjgpph426lnj42-double-conversion-3.2.1/include' '-isystem' '/nix/store/d9yf24k5n979y1qy03nlj1mnpijhs5rx-libb2-0.98.1/include' '-isystem' '/nix/store/2pai53mrrahl85w7mbypxmplgx6wfqyd-md4c-0.4.8/include' '-isystem' '/nix/store/l8d014vy8n42sp6r6j3wjqldylcyvqyk-dbus-1.14.4-dev/include' '-isystem' '/nix/store/gqvyvc9ckzijwcw641v6qgg7fz8z63mc-expat-2.5.0-dev/include' '-isystem' '/nix/store/152gsygyjagsirvdg3icmz4px39wddwj-glib-2.74.5-dev/include' '-isystem' '/nix/store/4j08mgygxhi9y3957hbwqn1bg02va18y-libffi-3.4.4-dev/include' '-isystem' '/nix/store/ik1vzp6bfwjxxg0cdcbmyl17yzn8idd4-gettext-0.21/include' '-isystem' '/nix/store/1r3a6ji72zxvkyhqfgq1pymdiyjk93l5-glibc-iconv-2.35/include' '-isystem' '/nix/store/f04f2mxjzx7s34payvq6lna9qcaall3s-mariadb-connector-odbc-3.1.14/include' '-isystem' '/nix/store/2gm71c7yljswz2yz3i6125nx2rwkg9n6-systemd-252.5-dev/include' '-isystem' '/nix/store/1gb83p8c3fkjqyb0l30lz0303jhv088k-util-linux-2.38.1-dev/include' '-isystem' '/nix/store/xj6h98v3mjiqmwqv6zbw51xd3lgzdz7p-mtdev-1.1.6/include' '-isystem' '/nix/store/zmqdq7fj6h273kxz969wr3h7g1jhzgz4-lksctp-tools-1.0.17/include' '-isystem' '/nix/store/dvgpj4kwxp5pxhax93zqv80b4ql8xwla-libselinux-3.3-dev/include' '-isystem' '/nix/store/0p1v5zn2mb55xs9297x5p7vgdnhrjjmf-libsepol-3.3-dev/include' '-isystem' '/nix/store/zl2rzaxviah8cpknrlnpawpfvmjvjh0d-lttng-ust-2.13.1-dev/include' '-isystem' '/nix/store/0hhi25jwagxm00kjwmh2zl395cgfdrfh-liburcu-0.13.2/include' '-isystem' '/nix/store/k7pydn7w2dd03cchddkgzdb94brxisp9-vulkan-headers-1.3.239.0/include' '-isystem' '/nix/store/gxsg7g5higv817948fw3jyamypfc229g-libthai-0.1.29-dev/include' '-isystem' '/nix/store/hq2n7bnn6z2p0p94n4mixbbrsyi1qbdf-libdrm-2.4.114-dev/include' '-isystem' '/nix/store/bin4ww0irasbdvhqqg8lcwjg3025x4pq-libdatrie-2019-12-20-dev/include' '-isystem' '/nix/store/6bdds6632r9fp7mrh27qxjv90d7lzh0y-fontconfig-2.14.0-dev/include' '-isystem' '/nix/store/ybd7brnb5kavanvz40mg2p5pmgnczi85-freetype-2.12.1-dev/include' '-isystem' '/nix/store/abs0rlwm6jh4l1k831fvqggpgfrs91pv-bzip2-1.0.8-dev/include' '-isystem' '/nix/store/84r63sb6w4l1y1ab3vmk3xg84is027y2-brotli-1.0.9-dev/include' '-isystem' '/nix/store/q2sjb83p9kh7j653237wr5xzsdc17sgj-libX11-1.8.4-dev/include' '-isystem' '/nix/store/9d1fbfvijywjsxh5b060qy5dd01cqbrs-xorgproto-2021.5/include' '-isystem' '/nix/store/rr353rjxy36vvakib4cyajjj2r3gqw5x-libxcb-1.14-dev/include' '-isystem' '/nix/store/j4i01gassjbbm5i3x4qczy21pmfw05q2-libXcomposite-0.4.5-dev/include' '-isystem' '/nix/store/dbbvxfbsix59452vbjngfndr8xddb3nc-libXfixes-6.0.0-dev/include' '-isystem' '/nix/store/f5blw2z7jr4h2qkzfdmjkwak142353rq-libXext-1.3.4-dev/include' '-isystem' '/nix/store/jhxfmh0lh0dkk11fpys8350w8hk7ljf7-libXau-1.0.9-dev/include' '-isystem' '/nix/store/dci0q5r0v1j5d7vryy13as7banrix0sj-libXi-1.8-dev/include' '-isystem' '/nix/store/slpgdz4ha0w6y2c25n0ljda4536p9yi4-libXrender-0.9.10-dev/include' '-isystem' '/nix/store/l01q7h5h4wxr880jzxpc5fdrwnbqxfzn-libxkbcommon-1.5.0-dev/include' '-isystem' '/nix/store/9qzw3zscs3b4gc97bsaq991iifgz4977-xcb-util-0.4.0-dev/include' '-isystem' '/nix/store/cwvwhmigx77mydbv1h51pp2l2vijr2rs-xcb-util-image-0.4.0-dev/include' '-isystem' '/nix/store/v0qpk37hyfrpgga44f58yrb36gpay3ks-xcb-util-keysyms-0.4.0-dev/include' '-isystem' '/nix/store/x45m835963ss4all6g03wms91284j904-xcb-util-renderutil-0.3.9-dev/include' '-isystem' '/nix/store/qhjq1dap6j4h5g3srizm6dkshz63zdwv-xcb-util-wm-0.4.1-dev/include' '-isystem' '/nix/store/dzkwzx2qnhsx7938ywxqvygw5n28gy63-libXdmcp-1.1.3-dev/include' '-isystem' '/nix/store/75jd6r549krqxk1iq5cl4slrr4vci11n-libXtst-1.2.3/include' '-isystem' '/nix/store/rkz9zhzj975y9hvb8kav017da08hgq2b-xcb-util-cursor-0.1.3-dev/include' '-isystem' '/nix/store/dvrxv7fvlkj5cbjq6262m6f4jdpdvmxx-libepoxy-1.5.10-dev/include' '-isystem' '/nix/store/fqwihpqn2wmhjqw251w1r7dyw659abrh-libGL-1.6.0-dev/include' '-isystem' '/nix/store/y7fpp50b5l7l4g5hk76w2mm2p8jhrwyg-libglvnd-1.6.0-dev/include' '-isystem' '/nix/store/xr3l5mnqwgminijy321myshjx6w55530-qtsvg-6.4.2-dev/include' '-isystem' '/nix/store/a85vmwd6cgixmd25226zr4awdvh50xyd-quazip-1.3-dev/include' '-isystem' '/nix/store/jf4k9zv0nn0dij7jyh9cb7l2s4h5p65y-qt5compat-6.4.2-dev/include' '-isystem' '/nix/store/cj4cjywrz168aijw38dysql6ksafnbjs-qtdeclarative-6.4.2-dev/include' '-isystem' '/nix/store/mnpx93zc62xwqlkx0bycrab6604cdhcm-qtshadertools-6.4.2-dev/include' '-isystem' '/nix/store/iw1vmh509hcbby8dbpsaanbri4zsq7dj-python3-3.10.10/include' '-isystem' '/nix/store/h9a8m4y88pn2jg8h96j6i2blgzarrvcx-filesystem-1.5.12/include' '-isystem' '/nix/store/5ymj2l7wacvb1b154v5mhlhng406ds0k-tomlplusplus-3.3.0/include' '-isystem' '/nix/store/dkbq5hvylsc0d76lgmwyx4jm2pld63sl-cmark-0.30.3/include' '-isystem' '/nix/store/4gxhcwhrh92pn91ax09wxgqg2pqj9i61-qtwayland-6.4.2-dev/include' '-isystem' '/nix/store/wzrqym8dzidzhvm5h308kzqcan2zbf5j-gamemode-1.7-dev/include' '-isystem' '/nix/store/va9r2bdg56jc6qizpm6dyb97lnxfrhsy-file-5.44/include' '-isystem' '/nix/store/jkv8vb24ab371hlsp55fj953kwh01m8n-openjdk-17.0.6+10/include' '-isystem' '/nix/store/i9cf4vmk6kfqlds56vfllmmz0zdk7rp0-qtbase-6.4.2-dev/include' '-isystem' '/nix/store/0z5wasald7dmipjpbx8kw31pj0kzjxpg-libxml2-2.10.3-dev/include' '-isystem' '/nix/store/qgqsyg7gmqy3fz6shvzhcc7m7pkfw2ig-zlib-1.2.13-dev/include' '-isystem' '/nix/store/i57f5lhc83sfnck9d6rik0dbnbxr9qlw-libxslt-1.1.37-dev/include' '-isystem' '/nix/store/fyiwac98bi86nd5qzz9bhvs1bvmmwgad-openssl-3.0.8-dev/include' '-isystem' '/nix/store/i1h2yf133m4rfzgfgl0zdxjxniyy6kvg-sqlite-3.40.1-dev/include' '-isystem' '/nix/store/ci7r8mfkdg1b4wgawp6fff6ba6vyf33r-unixODBC-2.3.11/include' '-isystem' '/nix/store/vddrjv0wnknv73njnwzj3in0467dk9qa-harfbuzz-7.0.0-dev/include' '-isystem' '/nix/store/vgasd5zjsvdvq3w7ik13sfyyj1n0m5v7-graphite2-1.3.14/include' '-isystem' '/nix/store/86nsxqcmzcc85qzrsczb33jwqgcyl35g-icu4c-72.1-dev/include' '-isystem' '/nix/store/dra1y7qr8clxdssfx5s1grbg2lvg5ifd-libjpeg-turbo-2.1.4-dev/include' '-isystem' '/nix/store/463cn57ci7xxwr28c1d68zwbr001ka8h-libpng-apng-1.6.39-dev/include' '-isystem' '/nix/store/vr9naiikd2k84ygclm3vlr3agbjcgvzi-pcre2-10.42-dev/include' '-isystem' '/nix/store/zc41j2il39qmw9kfwa0zl37dz4izcjdp-pcre-8.45-dev/include' '-isystem' '/nix/store/k4w3vafb6k1b3zc2a6v1lr4w0iknnp65-libproxy-0.4.18-dev/include' '-isystem' '/nix/store/s8axys9hpvwxn5718iwrnyvwms4djz96-zstd-1.5.4-dev/include' '-isystem' '/nix/store/4hx2f3kfk824b3b44mhjgpph426lnj42-double-conversion-3.2.1/include' '-isystem' '/nix/store/d9yf24k5n979y1qy03nlj1mnpijhs5rx-libb2-0.98.1/include' '-isystem' '/nix/store/2pai53mrrahl85w7mbypxmplgx6wfqyd-md4c-0.4.8/include' '-isystem' '/nix/store/l8d014vy8n42sp6r6j3wjqldylcyvqyk-dbus-1.14.4-dev/include' '-isystem' '/nix/store/gqvyvc9ckzijwcw641v6qgg7fz8z63mc-expat-2.5.0-dev/include' '-isystem' '/nix/store/152gsygyjagsirvdg3icmz4px39wddwj-glib-2.74.5-dev/include' '-isystem' '/nix/store/4j08mgygxhi9y3957hbwqn1bg02va18y-libffi-3.4.4-dev/include' '-isystem' '/nix/store/ik1vzp6bfwjxxg0cdcbmyl17yzn8idd4-gettext-0.21/include' '-isystem' '/nix/store/1r3a6ji72zxvkyhqfgq1pymdiyjk93l5-glibc-iconv-2.35/include' '-isystem' '/nix/store/f04f2mxjzx7s34payvq6lna9qcaall3s-mariadb-connector-odbc-3.1.14/include' '-isystem' '/nix/store/2gm71c7yljswz2yz3i6125nx2rwkg9n6-systemd-252.5-dev/include' '-isystem' '/nix/store/1gb83p8c3fkjqyb0l30lz0303jhv088k-util-linux-2.38.1-dev/include' '-isystem' '/nix/store/xj6h98v3mjiqmwqv6zbw51xd3lgzdz7p-mtdev-1.1.6/include' '-isystem' '/nix/store/zmqdq7fj6h273kxz969wr3h7g1jhzgz4-lksctp-tools-1.0.17/include' '-isystem' '/nix/store/dvgpj4kwxp5pxhax93zqv80b4ql8xwla-libselinux-3.3-dev/include' '-isystem' '/nix/store/0p1v5zn2mb55xs9297x5p7vgdnhrjjmf-libsepol-3.3-dev/include' '-isystem' '/nix/store/zl2rzaxviah8cpknrlnpawpfvmjvjh0d-lttng-ust-2.13.1-dev/include' '-isystem' '/nix/store/0hhi25jwagxm00kjwmh2zl395cgfdrfh-liburcu-0.13.2/include' '-isystem' '/nix/store/k7pydn7w2dd03cchddkgzdb94brxisp9-vulkan-headers-1.3.239.0/include' '-isystem' '/nix/store/gxsg7g5higv817948fw3jyamypfc229g-libthai-0.1.29-dev/include' '-isystem' '/nix/store/hq2n7bnn6z2p0p94n4mixbbrsyi1qbdf-libdrm-2.4.114-dev/include' '-isystem' '/nix/store/bin4ww0irasbdvhqqg8lcwjg3025x4pq-libdatrie-2019-12-20-dev/include' '-isystem' '/nix/store/6bdds6632r9fp7mrh27qxjv90d7lzh0y-fontconfig-2.14.0-dev/include' '-isystem' '/nix/store/ybd7brnb5kavanvz40mg2p5pmgnczi85-freetype-2.12.1-dev/include' '-isystem' '/nix/store/abs0rlwm6jh4l1k831fvqggpgfrs91pv-bzip2-1.0.8-dev/include' '-isystem' '/nix/store/84r63sb6w4l1y1ab3vmk3xg84is027y2-brotli-1.0.9-dev/include' '-isystem' '/nix/store/q2sjb83p9kh7j653237wr5xzsdc17sgj-libX11-1.8.4-dev/include' '-isystem' '/nix/store/9d1fbfvijywjsxh5b060qy5dd01cqbrs-xorgproto-2021.5/include' '-isystem' '/nix/store/rr353rjxy36vvakib4cyajjj2r3gqw5x-libxcb-1.14-dev/include' '-isystem' '/nix/store/j4i01gassjbbm5i3x4qczy21pmfw05q2-libXcomposite-0.4.5-dev/include' '-isystem' '/nix/store/dbbvxfbsix59452vbjngfndr8xddb3nc-libXfixes-6.0.0-dev/include' '-isystem' '/nix/store/f5blw2z7jr4h2qkzfdmjkwak142353rq-libXext-1.3.4-dev/include' '-isystem' '/nix/store/jhxfmh0lh0dkk11fpys8350w8hk7ljf7-libXau-1.0.9-dev/include' '-isystem' '/nix/store/dci0q5r0v1j5d7vryy13as7banrix0sj-libXi-1.8-dev/include' '-isystem' '/nix/store/slpgdz4ha0w6y2c25n0ljda4536p9yi4-libXrender-0.9.10-dev/include' '-isystem' '/nix/store/l01q7h5h4wxr880jzxpc5fdrwnbqxfzn-libxkbcommon-1.5.0-dev/include' '-isystem' '/nix/store/9qzw3zscs3b4gc97bsaq991iifgz4977-xcb-util-0.4.0-dev/include' '-isystem' '/nix/store/cwvwhmigx77mydbv1h51pp2l2vijr2rs-xcb-util-image-0.4.0-dev/include' '-isystem' '/nix/store/v0qpk37hyfrpgga44f58yrb36gpay3ks-xcb-util-keysyms-0.4.0-dev/include' '-isystem' '/nix/store/x45m835963ss4all6g03wms91284j904-xcb-util-renderutil-0.3.9-dev/include' '-isystem' '/nix/store/qhjq1dap6j4h5g3srizm6dkshz63zdwv-xcb-util-wm-0.4.1-dev/include' '-isystem' '/nix/store/dzkwzx2qnhsx7938ywxqvygw5n28gy63-libXdmcp-1.1.3-dev/include' '-isystem' '/nix/store/75jd6r549krqxk1iq5cl4slrr4vci11n-libXtst-1.2.3/include' '-isystem' '/nix/store/rkz9zhzj975y9hvb8kav017da08hgq2b-xcb-util-cursor-0.1.3-dev/include' '-isystem' '/nix/store/dvrxv7fvlkj5cbjq6262m6f4jdpdvmxx-libepoxy-1.5.10-dev/include' '-isystem' '/nix/store/fqwihpqn2wmhjqw251w1r7dyw659abrh-libGL-1.6.0-dev/include' '-isystem' '/nix/store/y7fpp50b5l7l4g5hk76w2mm2p8jhrwyg-libglvnd-1.6.0-dev/include' '-isystem' '/nix/store/xr3l5mnqwgminijy321myshjx6w55530-qtsvg-6.4.2-dev/include' '-isystem' '/nix/store/a85vmwd6cgixmd25226zr4awdvh50xyd-quazip-1.3-dev/include' '-isystem' '/nix/store/jf4k9zv0nn0dij7jyh9cb7l2s4h5p65y-qt5compat-6.4.2-dev/include' '-isystem' '/nix/store/cj4cjywrz168aijw38dysql6ksafnbjs-qtdeclarative-6.4.2-dev/include' '-isystem' '/nix/store/mnpx93zc62xwqlkx0bycrab6604cdhcm-qtshadertools-6.4.2-dev/include' '-isystem' '/nix/store/iw1vmh509hcbby8dbpsaanbri4zsq7dj-python3-3.10.10/include' '-isystem' '/nix/store/h9a8m4y88pn2jg8h96j6i2blgzarrvcx-filesystem-1.5.12/include' '-isystem' '/nix/store/5ymj2l7wacvb1b154v5mhlhng406ds0k-tomlplusplus-3.3.0/include' '-isystem' '/nix/store/dkbq5hvylsc0d76lgmwyx4jm2pld63sl-cmark-0.30.3/include' '-isystem' '/nix/store/4gxhcwhrh92pn91ax09wxgqg2pqj9i61-qtwayland-6.4.2-dev/include' '-isystem' '/nix/store/wzrqym8dzidzhvm5h308kzqcan2zbf5j-gamemode-1.7-dev/include' '-mtune=generic' '-march=x86-64' '-dumpdir' 'CMakeFiles/cmTC_ad166.dir/'
 /nix/store/bfbp3ypd9nm3fapz634gvvs738blrl0y-gcc-wrapper-12.2.0/bin/as -v --64 -o CMakeFiles/cmTC_ad166.dir/CMakeCCompilerABI.c.o /tmp/nix-shell.QeuHwI/ccJIvJEe.s
GNU assembler version 2.40 (x86_64-unknown-linux-gnu) using BFD version (GNU Binutils) 2.40
COMPILER_PATH=/nix/store/76l4v99sk83ylfwkz8wmwrm4s8h73rhd-glibc-2.35-224/lib/:/nix/store/2w4k8nvdyiggz717ygbbxchpnxrqc6y9-gcc-12.2.0-lib/lib/:/nix/store/bfbp3ypd9nm3fapz634gvvs738blrl0y-gcc-wrapper-12.2.0/bin/:/nix/store/wx4nsqbssywgx9zkabwgl9sxm5l61ni3-gcc-12.2.0/libexec/gcc/x86_64-unknown-linux-gnu/12.2.0/:/nix/store/wx4nsqbssywgx9zkabwgl9sxm5l61ni3-gcc-12.2.0/libexec/gcc/x86_64-unknown-linux-gnu/12.2.0/:/nix/store/wx4nsqbssywgx9zkabwgl9sxm5l61ni3-gcc-12.2.0/libexec/gcc/x86_64-unknown-linux-gnu/:/nix/store/wx4nsqbssywgx9zkabwgl9sxm5l61ni3-gcc-12.2.0/lib/gcc/x86_64-unknown-linux-gnu/12.2.0/:/nix/store/wx4nsqbssywgx9zkabwgl9sxm5l61ni3-gcc-12.2.0/lib/gcc/x86_64-unknown-linux-gnu/
LIBRARY_PATH=/nix/store/76l4v99sk83ylfwkz8wmwrm4s8h73rhd-glibc-2.35-224/lib/:/nix/store/2w4k8nvdyiggz717ygbbxchpnxrqc6y9-gcc-12.2.0-lib/lib/:/nix/store/bfbp3ypd9nm3fapz634gvvs738blrl0y-gcc-wrapper-12.2.0/bin/:/nix/store/wx4nsqbssywgx9zkabwgl9sxm5l61ni3-gcc-12.2.0/lib/gcc/x86_64-unknown-linux-gnu/12.2.0/:/nix/store/wx4nsqbssywgx9zkabwgl9sxm5l61ni3-gcc-12.2.0/lib/gcc/x86_64-unknown-linux-gnu/12.2.0/../../../../lib64/:/nix/store/wx4nsqbssywgx9zkabwgl9sxm5l61ni3-gcc-12.2.0/lib/gcc/x86_64-unknown-linux-gnu/12.2.0/../../../
COLLECT_GCC_OPTIONS='-fPIC' '-Wformat=1' '-Wformat-security' '-Werror=format-security' '-fstack-protector-strong' '--param=ssp-buffer-size=4' '-O2' '-U' '_FORTIFY_SOURCE' '-D' '_FORTIFY_SOURCE=2' '-fno-strict-overflow' '-v' '-o' 'CMakeFiles/cmTC_ad166.dir/CMakeCCompilerABI.c.o' '-c' '-B' '/nix/store/76l4v99sk83ylfwkz8wmwrm4s8h73rhd-glibc-2.35-224/lib/' '-idirafter' '/nix/store/pqnd39aq2sksad2zvswjcpkqdc7ig3f9-glibc-2.35-224-dev/include' '-idirafter' '/nix/store/wx4nsqbssywgx9zkabwgl9sxm5l61ni3-gcc-12.2.0/lib/gcc/x86_64-unknown-linux-gnu/12.2.0/include-fixed' '-B' '/nix/store/2w4k8nvdyiggz717ygbbxchpnxrqc6y9-gcc-12.2.0-lib/lib' '-B' '/nix/store/bfbp3ypd9nm3fapz634gvvs738blrl0y-gcc-wrapper-12.2.0/bin/' '-frandom-seed=sy5449x9ji' '-D' 'QT_NO_DEBUG' '-isystem' '/nix/store/va9r2bdg56jc6qizpm6dyb97lnxfrhsy-file-5.44/include' '-isystem' '/nix/store/jkv8vb24ab371hlsp55fj953kwh01m8n-openjdk-17.0.6+10/include' '-isystem' '/nix/store/i9cf4vmk6kfqlds56vfllmmz0zdk7rp0-qtbase-6.4.2-dev/include' '-isystem' '/nix/store/0z5wasald7dmipjpbx8kw31pj0kzjxpg-libxml2-2.10.3-dev/include' '-isystem' '/nix/store/qgqsyg7gmqy3fz6shvzhcc7m7pkfw2ig-zlib-1.2.13-dev/include' '-isystem' '/nix/store/i57f5lhc83sfnck9d6rik0dbnbxr9qlw-libxslt-1.1.37-dev/include' '-isystem' '/nix/store/fyiwac98bi86nd5qzz9bhvs1bvmmwgad-openssl-3.0.8-dev/include' '-isystem' '/nix/store/i1h2yf133m4rfzgfgl0zdxjxniyy6kvg-sqlite-3.40.1-dev/include' '-isystem' '/nix/store/ci7r8mfkdg1b4wgawp6fff6ba6vyf33r-unixODBC-2.3.11/include' '-isystem' '/nix/store/vddrjv0wnknv73njnwzj3in0467dk9qa-harfbuzz-7.0.0-dev/include' '-isystem' '/nix/store/vgasd5zjsvdvq3w7ik13sfyyj1n0m5v7-graphite2-1.3.14/include' '-isystem' '/nix/store/86nsxqcmzcc85qzrsczb33jwqgcyl35g-icu4c-72.1-dev/include' '-isystem' '/nix/store/dra1y7qr8clxdssfx5s1grbg2lvg5ifd-libjpeg-turbo-2.1.4-dev/include' '-isystem' '/nix/store/463cn57ci7xxwr28c1d68zwbr001ka8h-libpng-apng-1.6.39-dev/include' '-isystem' '/nix/store/vr9naiikd2k84ygclm3vlr3agbjcgvzi-pcre2-10.42-dev/include' '-isystem' '/nix/store/zc41j2il39qmw9kfwa0zl37dz4izcjdp-pcre-8.45-dev/include' '-isystem' '/nix/store/k4w3vafb6k1b3zc2a6v1lr4w0iknnp65-libproxy-0.4.18-dev/include' '-isystem' '/nix/store/s8axys9hpvwxn5718iwrnyvwms4djz96-zstd-1.5.4-dev/include' '-isystem' '/nix/store/4hx2f3kfk824b3b44mhjgpph426lnj42-double-conversion-3.2.1/include' '-isystem' '/nix/store/d9yf24k5n979y1qy03nlj1mnpijhs5rx-libb2-0.98.1/include' '-isystem' '/nix/store/2pai53mrrahl85w7mbypxmplgx6wfqyd-md4c-0.4.8/include' '-isystem' '/nix/store/l8d014vy8n42sp6r6j3wjqldylcyvqyk-dbus-1.14.4-dev/include' '-isystem' '/nix/store/gqvyvc9ckzijwcw641v6qgg7fz8z63mc-expat-2.5.0-dev/include' '-isystem' '/nix/store/152gsygyjagsirvdg3icmz4px39wddwj-glib-2.74.5-dev/include' '-isystem' '/nix/store/4j08mgygxhi9y3957hbwqn1bg02va18y-libffi-3.4.4-dev/include' '-isystem' '/nix/store/ik1vzp6bfwjxxg0cdcbmyl17yzn8idd4-gettext-0.21/include' '-isystem' '/nix/store/1r3a6ji72zxvkyhqfgq1pymdiyjk93l5-glibc-iconv-2.35/include' '-isystem' '/nix/store/f04f2mxjzx7s34payvq6lna9qcaall3s-mariadb-connector-odbc-3.1.14/include' '-isystem' '/nix/store/2gm71c7yljswz2yz3i6125nx2rwkg9n6-systemd-252.5-dev/include' '-isystem' '/nix/store/1gb83p8c3fkjqyb0l30lz0303jhv088k-util-linux-2.38.1-dev/include' '-isystem' '/nix/store/xj6h98v3mjiqmwqv6zbw51xd3lgzdz7p-mtdev-1.1.6/include' '-isystem' '/nix/store/zmqdq7fj6h273kxz969wr3h7g1jhzgz4-lksctp-tools-1.0.17/include' '-isystem' '/nix/store/dvgpj4kwxp5pxhax93zqv80b4ql8xwla-libselinux-3.3-dev/include' '-isystem' '/nix/store/0p1v5zn2mb55xs9297x5p7vgdnhrjjmf-libsepol-3.3-dev/include' '-isystem' '/nix/store/zl2rzaxviah8cpknrlnpawpfvmjvjh0d-lttng-ust-2.13.1-dev/include' '-isystem' '/nix/store/0hhi25jwagxm00kjwmh2zl395cgfdrfh-liburcu-0.13.2/include' '-isystem' '/nix/store/k7pydn7w2dd03cchddkgzdb94brxisp9-vulkan-headers-1.3.239.0/include' '-isystem' '/nix/store/gxsg7g5higv817948fw3jyamypfc229g-libthai-0.1.29-dev/include' '-isystem' '/nix/store/hq2n7bnn6z2p0p94n4mixbbrsyi1qbdf-libdrm-2.4.114-dev/include' '-isystem' '/nix/store/bin4ww0irasbdvhqqg8lcwjg3025x4pq-libdatrie-2019-12-20-dev/include' '-isystem' '/nix/store/6bdds6632r9fp7mrh27qxjv90d7lzh0y-fontconfig-2.14.0-dev/include' '-isystem' '/nix/store/ybd7brnb5kavanvz40mg2p5pmgnczi85-freetype-2.12.1-dev/include' '-isystem' '/nix/store/abs0rlwm6jh4l1k831fvqggpgfrs91pv-bzip2-1.0.8-dev/include' '-isystem' '/nix/store/84r63sb6w4l1y1ab3vmk3xg84is027y2-brotli-1.0.9-dev/include' '-isystem' '/nix/store/q2sjb83p9kh7j653237wr5xzsdc17sgj-libX11-1.8.4-dev/include' '-isystem' '/nix/store/9d1fbfvijywjsxh5b060qy5dd01cqbrs-xorgproto-2021.5/include' '-isystem' '/nix/store/rr353rjxy36vvakib4cyajjj2r3gqw5x-libxcb-1.14-dev/include' '-isystem' '/nix/store/j4i01gassjbbm5i3x4qczy21pmfw05q2-libXcomposite-0.4.5-dev/include' '-isystem' '/nix/store/dbbvxfbsix59452vbjngfndr8xddb3nc-libXfixes-6.0.0-dev/include' '-isystem' '/nix/store/f5blw2z7jr4h2qkzfdmjkwak142353rq-libXext-1.3.4-dev/include' '-isystem' '/nix/store/jhxfmh0lh0dkk11fpys8350w8hk7ljf7-libXau-1.0.9-dev/include' '-isystem' '/nix/store/dci0q5r0v1j5d7vryy13as7banrix0sj-libXi-1.8-dev/include' '-isystem' '/nix/store/slpgdz4ha0w6y2c25n0ljda4536p9yi4-libXrender-0.9.10-dev/include' '-isystem' '/nix/store/l01q7h5h4wxr880jzxpc5fdrwnbqxfzn-libxkbcommon-1.5.0-dev/include' '-isystem' '/nix/store/9qzw3zscs3b4gc97bsaq991iifgz4977-xcb-util-0.4.0-dev/include' '-isystem' '/nix/store/cwvwhmigx77mydbv1h51pp2l2vijr2rs-xcb-util-image-0.4.0-dev/include' '-isystem' '/nix/store/v0qpk37hyfrpgga44f58yrb36gpay3ks-xcb-util-keysyms-0.4.0-dev/include' '-isystem' '/nix/store/x45m835963ss4all6g03wms91284j904-xcb-util-renderutil-0.3.9-dev/include' '-isystem' '/nix/store/qhjq1dap6j4h5g3srizm6dkshz63zdwv-xcb-util-wm-0.4.1-dev/include' '-isystem' '/nix/store/dzkwzx2qnhsx7938ywxqvygw5n28gy63-libXdmcp-1.1.3-dev/include' '-isystem' '/nix/store/75jd6r549krqxk1iq5cl4slrr4vci11n-libXtst-1.2.3/include' '-isystem' '/nix/store/rkz9zhzj975y9hvb8kav017da08hgq2b-xcb-util-cursor-0.1.3-dev/include' '-isystem' '/nix/store/dvrxv7fvlkj5cbjq6262m6f4jdpdvmxx-libepoxy-1.5.10-dev/include' '-isystem' '/nix/store/fqwihpqn2wmhjqw251w1r7dyw659abrh-libGL-1.6.0-dev/include' '-isystem' '/nix/store/y7fpp50b5l7l4g5hk76w2mm2p8jhrwyg-libglvnd-1.6.0-dev/include' '-isystem' '/nix/store/xr3l5mnqwgminijy321myshjx6w55530-qtsvg-6.4.2-dev/include' '-isystem' '/nix/store/a85vmwd6cgixmd25226zr4awdvh50xyd-quazip-1.3-dev/include' '-isystem' '/nix/store/jf4k9zv0nn0dij7jyh9cb7l2s4h5p65y-qt5compat-6.4.2-dev/include' '-isystem' '/nix/store/cj4cjywrz168aijw38dysql6ksafnbjs-qtdeclarative-6.4.2-dev/include' '-isystem' '/nix/store/mnpx93zc62xwqlkx0bycrab6604cdhcm-qtshadertools-6.4.2-dev/include' '-isystem' '/nix/store/iw1vmh509hcbby8dbpsaanbri4zsq7dj-python3-3.10.10/include' '-isystem' '/nix/store/h9a8m4y88pn2jg8h96j6i2blgzarrvcx-filesystem-1.5.12/include' '-isystem' '/nix/store/5ymj2l7wacvb1b154v5mhlhng406ds0k-tomlplusplus-3.3.0/include' '-isystem' '/nix/store/dkbq5hvylsc0d76lgmwyx4jm2pld63sl-cmark-0.30.3/include' '-isystem' '/nix/store/4gxhcwhrh92pn91ax09wxgqg2pqj9i61-qtwayland-6.4.2-dev/include' '-isystem' '/nix/store/wzrqym8dzidzhvm5h308kzqcan2zbf5j-gamemode-1.7-dev/include' '-isystem' '/nix/store/va9r2bdg56jc6qizpm6dyb97lnxfrhsy-file-5.44/include' '-isystem' '/nix/store/jkv8vb24ab371hlsp55fj953kwh01m8n-openjdk-17.0.6+10/include' '-isystem' '/nix/store/i9cf4vmk6kfqlds56vfllmmz0zdk7rp0-qtbase-6.4.2-dev/include' '-isystem' '/nix/store/0z5wasald7dmipjpbx8kw31pj0kzjxpg-libxml2-2.10.3-dev/include' '-isystem' '/nix/store/qgqsyg7gmqy3fz6shvzhcc7m7pkfw2ig-zlib-1.2.13-dev/include' '-isystem' '/nix/store/i57f5lhc83sfnck9d6rik0dbnbxr9qlw-libxslt-1.1.37-dev/include' '-isystem' '/nix/store/fyiwac98bi86nd5qzz9bhvs1bvmmwgad-openssl-3.0.8-dev/include' '-isystem' '/nix/store/i1h2yf133m4rfzgfgl0zdxjxniyy6kvg-sqlite-3.40.1-dev/include' '-isystem' '/nix/store/ci7r8mfkdg1b4wgawp6fff6ba6vyf33r-unixODBC-2.3.11/include' '-isystem' '/nix/store/vddrjv0wnknv73njnwzj3in0467dk9qa-harfbuzz-7.0.0-dev/include' '-isystem' '/nix/store/vgasd5zjsvdvq3w7ik13sfyyj1n0m5v7-graphite2-1.3.14/include' '-isystem' '/nix/store/86nsxqcmzcc85qzrsczb33jwqgcyl35g-icu4c-72.1-dev/include' '-isystem' '/nix/store/dra1y7qr8clxdssfx5s1grbg2lvg5ifd-libjpeg-turbo-2.1.4-dev/include' '-isystem' '/nix/store/463cn57ci7xxwr28c1d68zwbr001ka8h-libpng-apng-1.6.39-dev/include' '-isystem' '/nix/store/vr9naiikd2k84ygclm3vlr3agbjcgvzi-pcre2-10.42-dev/include' '-isystem' '/nix/store/zc41j2il39qmw9kfwa0zl37dz4izcjdp-pcre-8.45-dev/include' '-isystem' '/nix/store/k4w3vafb6k1b3zc2a6v1lr4w0iknnp65-libproxy-0.4.18-dev/include' '-isystem' '/nix/store/s8axys9hpvwxn5718iwrnyvwms4djz96-zstd-1.5.4-dev/include' '-isystem' '/nix/store/4hx2f3kfk824b3b44mhjgpph426lnj42-double-conversion-3.2.1/include' '-isystem' '/nix/store/d9yf24k5n979y1qy03nlj1mnpijhs5rx-libb2-0.98.1/include' '-isystem' '/nix/store/2pai53mrrahl85w7mbypxmplgx6wfqyd-md4c-0.4.8/include' '-isystem' '/nix/store/l8d014vy8n42sp6r6j3wjqldylcyvqyk-dbus-1.14.4-dev/include' '-isystem' '/nix/store/gqvyvc9ckzijwcw641v6qgg7fz8z63mc-expat-2.5.0-dev/include' '-isystem' '/nix/store/152gsygyjagsirvdg3icmz4px39wddwj-glib-2.74.5-dev/include' '-isystem' '/nix/store/4j08mgygxhi9y3957hbwqn1bg02va18y-libffi-3.4.4-dev/include' '-isystem' '/nix/store/ik1vzp6bfwjxxg0cdcbmyl17yzn8idd4-gettext-0.21/include' '-isystem' '/nix/store/1r3a6ji72zxvkyhqfgq1pymdiyjk93l5-glibc-iconv-2.35/include' '-isystem' '/nix/store/f04f2mxjzx7s34payvq6lna9qcaall3s-mariadb-connector-odbc-3.1.14/include' '-isystem' '/nix/store/2gm71c7yljswz2yz3i6125nx2rwkg9n6-systemd-252.5-dev/include' '-isystem' '/nix/store/1gb83p8c3fkjqyb0l30lz0303jhv088k-util-linux-2.38.1-dev/include' '-isystem' '/nix/store/xj6h98v3mjiqmwqv6zbw51xd3lgzdz7p-mtdev-1.1.6/include' '-isystem' '/nix/store/zmqdq7fj6h273kxz969wr3h7g1jhzgz4-lksctp-tools-1.0.17/include' '-isystem' '/nix/store/dvgpj4kwxp5pxhax93zqv80b4ql8xwla-libselinux-3.3-dev/include' '-isystem' '/nix/store/0p1v5zn2mb55xs9297x5p7vgdnhrjjmf-libsepol-3.3-dev/include' '-isystem' '/nix/store/zl2rzaxviah8cpknrlnpawpfvmjvjh0d-lttng-ust-2.13.1-dev/include' '-isystem' '/nix/store/0hhi25jwagxm00kjwmh2zl395cgfdrfh-liburcu-0.13.2/include' '-isystem' '/nix/store/k7pydn7w2dd03cchddkgzdb94brxisp9-vulkan-headers-1.3.239.0/include' '-isystem' '/nix/store/gxsg7g5higv817948fw3jyamypfc229g-libthai-0.1.29-dev/include' '-isystem' '/nix/store/hq2n7bnn6z2p0p94n4mixbbrsyi1qbdf-libdrm-2.4.114-dev/include' '-isystem' '/nix/store/bin4ww0irasbdvhqqg8lcwjg3025x4pq-libdatrie-2019-12-20-dev/include' '-isystem' '/nix/store/6bdds6632r9fp7mrh27qxjv90d7lzh0y-fontconfig-2.14.0-dev/include' '-isystem' '/nix/store/ybd7brnb5kavanvz40mg2p5pmgnczi85-freetype-2.12.1-dev/include' '-isystem' '/nix/store/abs0rlwm6jh4l1k831fvqggpgfrs91pv-bzip2-1.0.8-dev/include' '-isystem' '/nix/store/84r63sb6w4l1y1ab3vmk3xg84is027y2-brotli-1.0.9-dev/include' '-isystem' '/nix/store/q2sjb83p9kh7j653237wr5xzsdc17sgj-libX11-1.8.4-dev/include' '-isystem' '/nix/store/9d1fbfvijywjsxh5b060qy5dd01cqbrs-xorgproto-2021.5/include' '-isystem' '/nix/store/rr353rjxy36vvakib4cyajjj2r3gqw5x-libxcb-1.14-dev/include' '-isystem' '/nix/store/j4i01gassjbbm5i3x4qczy21pmfw05q2-libXcomposite-0.4.5-dev/include' '-isystem' '/nix/store/dbbvxfbsix59452vbjngfndr8xddb3nc-libXfixes-6.0.0-dev/include' '-isystem' '/nix/store/f5blw2z7jr4h2qkzfdmjkwak142353rq-libXext-1.3.4-dev/include' '-isystem' '/nix/store/jhxfmh0lh0dkk11fpys8350w8hk7ljf7-libXau-1.0.9-dev/include' '-isystem' '/nix/store/dci0q5r0v1j5d7vryy13as7banrix0sj-libXi-1.8-dev/include' '-isystem' '/nix/store/slpgdz4ha0w6y2c25n0ljda4536p9yi4-libXrender-0.9.10-dev/include' '-isystem' '/nix/store/l01q7h5h4wxr880jzxpc5fdrwnbqxfzn-libxkbcommon-1.5.0-dev/include' '-isystem' '/nix/store/9qzw3zscs3b4gc97bsaq991iifgz4977-xcb-util-0.4.0-dev/include' '-isystem' '/nix/store/cwvwhmigx77mydbv1h51pp2l2vijr2rs-xcb-util-image-0.4.0-dev/include' '-isystem' '/nix/store/v0qpk37hyfrpgga44f58yrb36gpay3ks-xcb-util-keysyms-0.4.0-dev/include' '-isystem' '/nix/store/x45m835963ss4all6g03wms91284j904-xcb-util-renderutil-0.3.9-dev/include' '-isystem' '/nix/store/qhjq1dap6j4h5g3srizm6dkshz63zdwv-xcb-util-wm-0.4.1-dev/include' '-isystem' '/nix/store/dzkwzx2qnhsx7938ywxqvygw5n28gy63-libXdmcp-1.1.3-dev/include' '-isystem' '/nix/store/75jd6r549krqxk1iq5cl4slrr4vci11n-libXtst-1.2.3/include' '-isystem' '/nix/store/rkz9zhzj975y9hvb8kav017da08hgq2b-xcb-util-cursor-0.1.3-dev/include' '-isystem' '/nix/store/dvrxv7fvlkj5cbjq6262m6f4jdpdvmxx-libepoxy-1.5.10-dev/include' '-isystem' '/nix/store/fqwihpqn2wmhjqw251w1r7dyw659abrh-libGL-1.6.0-dev/include' '-isystem' '/nix/store/y7fpp50b5l7l4g5hk76w2mm2p8jhrwyg-libglvnd-1.6.0-dev/include' '-isystem' '/nix/store/xr3l5mnqwgminijy321myshjx6w55530-qtsvg-6.4.2-dev/include' '-isystem' '/nix/store/a85vmwd6cgixmd25226zr4awdvh50xyd-quazip-1.3-dev/include' '-isystem' '/nix/store/jf4k9zv0nn0dij7jyh9cb7l2s4h5p65y-qt5compat-6.4.2-dev/include' '-isystem' '/nix/store/cj4cjywrz168aijw38dysql6ksafnbjs-qtdeclarative-6.4.2-dev/include' '-isystem' '/nix/store/mnpx93zc62xwqlkx0bycrab6604cdhcm-qtshadertools-6.4.2-dev/include' '-isystem' '/nix/store/iw1vmh509hcbby8dbpsaanbri4zsq7dj-python3-3.10.10/include' '-isystem' '/nix/store/h9a8m4y88pn2jg8h96j6i2blgzarrvcx-filesystem-1.5.12/include' '-isystem' '/nix/store/5ymj2l7wacvb1b154v5mhlhng406ds0k-tomlplusplus-3.3.0/include' '-isystem' '/nix/store/dkbq5hvylsc0d76lgmwyx4jm2pld63sl-cmark-0.30.3/include' '-isystem' '/nix/store/4gxhcwhrh92pn91ax09wxgqg2pqj9i61-qtwayland-6.4.2-dev/include' '-isystem' '/nix/store/wzrqym8dzidzhvm5h308kzqcan2zbf5j-gamemode-1.7-dev/include' '-mtune=generic' '-march=x86-64' '-dumpdir' 'CMakeFiles/cmTC_ad166.dir/CMakeCCompilerABI.c.'
Linking C executable cmTC_ad166
/nix/store/l341npqn3j8pwqq1nqgj5cqhnfbzhphd-cmake-3.25.1/bin/cmake -E cmake_link_script CMakeFiles/cmTC_ad166.dir/link.txt --verbose=1
/nix/store/bfbp3ypd9nm3fapz634gvvs738blrl0y-gcc-wrapper-12.2.0/bin/gcc  -v CMakeFiles/cmTC_ad166.dir/CMakeCCompilerABI.c.o -o cmTC_ad166 
Using built-in specs.
COLLECT_GCC=/nix/store/wx4nsqbssywgx9zkabwgl9sxm5l61ni3-gcc-12.2.0/bin/gcc
COLLECT_LTO_WRAPPER=/nix/store/wx4nsqbssywgx9zkabwgl9sxm5l61ni3-gcc-12.2.0/libexec/gcc/x86_64-unknown-linux-gnu/12.2.0/lto-wrapper
Target: x86_64-unknown-linux-gnu
Configured with: 
Thread model: posix
Supported LTO compression algorithms: zlib
gcc version 12.2.0 (GCC) 
COMPILER_PATH=/nix/store/76l4v99sk83ylfwkz8wmwrm4s8h73rhd-glibc-2.35-224/lib/:/nix/store/2w4k8nvdyiggz717ygbbxchpnxrqc6y9-gcc-12.2.0-lib/lib/:/nix/store/bfbp3ypd9nm3fapz634gvvs738blrl0y-gcc-wrapper-12.2.0/bin/:/nix/store/wx4nsqbssywgx9zkabwgl9sxm5l61ni3-gcc-12.2.0/libexec/gcc/x86_64-unknown-linux-gnu/12.2.0/:/nix/store/wx4nsqbssywgx9zkabwgl9sxm5l61ni3-gcc-12.2.0/libexec/gcc/x86_64-unknown-linux-gnu/12.2.0/:/nix/store/wx4nsqbssywgx9zkabwgl9sxm5l61ni3-gcc-12.2.0/libexec/gcc/x86_64-unknown-linux-gnu/:/nix/store/wx4nsqbssywgx9zkabwgl9sxm5l61ni3-gcc-12.2.0/lib/gcc/x86_64-unknown-linux-gnu/12.2.0/:/nix/store/wx4nsqbssywgx9zkabwgl9sxm5l61ni3-gcc-12.2.0/lib/gcc/x86_64-unknown-linux-gnu/
LIBRARY_PATH=/nix/store/76l4v99sk83ylfwkz8wmwrm4s8h73rhd-glibc-2.35-224/lib/:/nix/store/2w4k8nvdyiggz717ygbbxchpnxrqc6y9-gcc-12.2.0-lib/lib/:/nix/store/bfbp3ypd9nm3fapz634gvvs738blrl0y-gcc-wrapper-12.2.0/bin/:/nix/store/wx4nsqbssywgx9zkabwgl9sxm5l61ni3-gcc-12.2.0/lib/gcc/x86_64-unknown-linux-gnu/12.2.0/:/nix/store/wx4nsqbssywgx9zkabwgl9sxm5l61ni3-gcc-12.2.0/lib/gcc/x86_64-unknown-linux-gnu/12.2.0/../../../../lib64/:/nix/store/wx4nsqbssywgx9zkabwgl9sxm5l61ni3-gcc-12.2.0/lib/gcc/x86_64-unknown-linux-gnu/12.2.0/../../../
COLLECT_GCC_OPTIONS='-fPIC' '-Wformat=1' '-Wformat-security' '-Werror=format-security' '-fstack-protector-strong' '--param=ssp-buffer-size=4' '-O2' '-U' '_FORTIFY_SOURCE' '-D' '_FORTIFY_SOURCE=2' '-fno-strict-overflow' '-v' '-o' 'cmTC_ad166' '-B' '/nix/store/76l4v99sk83ylfwkz8wmwrm4s8h73rhd-glibc-2.35-224/lib/' '-idirafter' '/nix/store/pqnd39aq2sksad2zvswjcpkqdc7ig3f9-glibc-2.35-224-dev/include' '-idirafter' '/nix/store/wx4nsqbssywgx9zkabwgl9sxm5l61ni3-gcc-12.2.0/lib/gcc/x86_64-unknown-linux-gnu/12.2.0/include-fixed' '-B' '/nix/store/2w4k8nvdyiggz717ygbbxchpnxrqc6y9-gcc-12.2.0-lib/lib' '-B' '/nix/store/bfbp3ypd9nm3fapz634gvvs738blrl0y-gcc-wrapper-12.2.0/bin/' '-frandom-seed=sy5449x9ji' '-D' 'QT_NO_DEBUG' '-isystem' '/nix/store/va9r2bdg56jc6qizpm6dyb97lnxfrhsy-file-5.44/include' '-isystem' '/nix/store/jkv8vb24ab371hlsp55fj953kwh01m8n-openjdk-17.0.6+10/include' '-isystem' '/nix/store/i9cf4vmk6kfqlds56vfllmmz0zdk7rp0-qtbase-6.4.2-dev/include' '-isystem' '/nix/store/0z5wasald7dmipjpbx8kw31pj0kzjxpg-libxml2-2.10.3-dev/include' '-isystem' '/nix/store/qgqsyg7gmqy3fz6shvzhcc7m7pkfw2ig-zlib-1.2.13-dev/include' '-isystem' '/nix/store/i57f5lhc83sfnck9d6rik0dbnbxr9qlw-libxslt-1.1.37-dev/include' '-isystem' '/nix/store/fyiwac98bi86nd5qzz9bhvs1bvmmwgad-openssl-3.0.8-dev/include' '-isystem' '/nix/store/i1h2yf133m4rfzgfgl0zdxjxniyy6kvg-sqlite-3.40.1-dev/include' '-isystem' '/nix/store/ci7r8mfkdg1b4wgawp6fff6ba6vyf33r-unixODBC-2.3.11/include' '-isystem' '/nix/store/vddrjv0wnknv73njnwzj3in0467dk9qa-harfbuzz-7.0.0-dev/include' '-isystem' '/nix/store/vgasd5zjsvdvq3w7ik13sfyyj1n0m5v7-graphite2-1.3.14/include' '-isystem' '/nix/store/86nsxqcmzcc85qzrsczb33jwqgcyl35g-icu4c-72.1-dev/include' '-isystem' '/nix/store/dra1y7qr8clxdssfx5s1grbg2lvg5ifd-libjpeg-turbo-2.1.4-dev/include' '-isystem' '/nix/store/463cn57ci7xxwr28c1d68zwbr001ka8h-libpng-apng-1.6.39-dev/include' '-isystem' '/nix/store/vr9naiikd2k84ygclm3vlr3agbjcgvzi-pcre2-10.42-dev/include' '-isystem' '/nix/store/zc41j2il39qmw9kfwa0zl37dz4izcjdp-pcre-8.45-dev/include' '-isystem' '/nix/store/k4w3vafb6k1b3zc2a6v1lr4w0iknnp65-libproxy-0.4.18-dev/include' '-isystem' '/nix/store/s8axys9hpvwxn5718iwrnyvwms4djz96-zstd-1.5.4-dev/include' '-isystem' '/nix/store/4hx2f3kfk824b3b44mhjgpph426lnj42-double-conversion-3.2.1/include' '-isystem' '/nix/store/d9yf24k5n979y1qy03nlj1mnpijhs5rx-libb2-0.98.1/include' '-isystem' '/nix/store/2pai53mrrahl85w7mbypxmplgx6wfqyd-md4c-0.4.8/include' '-isystem' '/nix/store/l8d014vy8n42sp6r6j3wjqldylcyvqyk-dbus-1.14.4-dev/include' '-isystem' '/nix/store/gqvyvc9ckzijwcw641v6qgg7fz8z63mc-expat-2.5.0-dev/include' '-isystem' '/nix/store/152gsygyjagsirvdg3icmz4px39wddwj-glib-2.74.5-dev/include' '-isystem' '/nix/store/4j08mgygxhi9y3957hbwqn1bg02va18y-libffi-3.4.4-dev/include' '-isystem' '/nix/store/ik1vzp6bfwjxxg0cdcbmyl17yzn8idd4-gettext-0.21/include' '-isystem' '/nix/store/1r3a6ji72zxvkyhqfgq1pymdiyjk93l5-glibc-iconv-2.35/include' '-isystem' '/nix/store/f04f2mxjzx7s34payvq6lna9qcaall3s-mariadb-connector-odbc-3.1.14/include' '-isystem' '/nix/store/2gm71c7yljswz2yz3i6125nx2rwkg9n6-systemd-252.5-dev/include' '-isystem' '/nix/store/1gb83p8c3fkjqyb0l30lz0303jhv088k-util-linux-2.38.1-dev/include' '-isystem' '/nix/store/xj6h98v3mjiqmwqv6zbw51xd3lgzdz7p-mtdev-1.1.6/include' '-isystem' '/nix/store/zmqdq7fj6h273kxz969wr3h7g1jhzgz4-lksctp-tools-1.0.17/include' '-isystem' '/nix/store/dvgpj4kwxp5pxhax93zqv80b4ql8xwla-libselinux-3.3-dev/include' '-isystem' '/nix/store/0p1v5zn2mb55xs9297x5p7vgdnhrjjmf-libsepol-3.3-dev/include' '-isystem' '/nix/store/zl2rzaxviah8cpknrlnpawpfvmjvjh0d-lttng-ust-2.13.1-dev/include' '-isystem' '/nix/store/0hhi25jwagxm00kjwmh2zl395cgfdrfh-liburcu-0.13.2/include' '-isystem' '/nix/store/k7pydn7w2dd03cchddkgzdb94brxisp9-vulkan-headers-1.3.239.0/include' '-isystem' '/nix/store/gxsg7g5higv817948fw3jyamypfc229g-libthai-0.1.29-dev/include' '-isystem' '/nix/store/hq2n7bnn6z2p0p94n4mixbbrsyi1qbdf-libdrm-2.4.114-dev/include' '-isystem' '/nix/store/bin4ww0irasbdvhqqg8lcwjg3025x4pq-libdatrie-2019-12-20-dev/include' '-isystem' '/nix/store/6bdds6632r9fp7mrh27qxjv90d7lzh0y-fontconfig-2.14.0-dev/include' '-isystem' '/nix/store/ybd7brnb5kavanvz40mg2p5pmgnczi85-freetype-2.12.1-dev/include' '-isystem' '/nix/store/abs0rlwm6jh4l1k831fvqggpgfrs91pv-bzip2-1.0.8-dev/include' '-isystem' '/nix/store/84r63sb6w4l1y1ab3vmk3xg84is027y2-brotli-1.0.9-dev/include' '-isystem' '/nix/store/q2sjb83p9kh7j653237wr5xzsdc17sgj-libX11-1.8.4-dev/include' '-isystem' '/nix/store/9d1fbfvijywjsxh5b060qy5dd01cqbrs-xorgproto-2021.5/include' '-isystem' '/nix/store/rr353rjxy36vvakib4cyajjj2r3gqw5x-libxcb-1.14-dev/include' '-isystem' '/nix/store/j4i01gassjbbm5i3x4qczy21pmfw05q2-libXcomposite-0.4.5-dev/include' '-isystem' '/nix/store/dbbvxfbsix59452vbjngfndr8xddb3nc-libXfixes-6.0.0-dev/include' '-isystem' '/nix/store/f5blw2z7jr4h2qkzfdmjkwak142353rq-libXext-1.3.4-dev/include' '-isystem' '/nix/store/jhxfmh0lh0dkk11fpys8350w8hk7ljf7-libXau-1.0.9-dev/include' '-isystem' '/nix/store/dci0q5r0v1j5d7vryy13as7banrix0sj-libXi-1.8-dev/include' '-isystem' '/nix/store/slpgdz4ha0w6y2c25n0ljda4536p9yi4-libXrender-0.9.10-dev/include' '-isystem' '/nix/store/l01q7h5h4wxr880jzxpc5fdrwnbqxfzn-libxkbcommon-1.5.0-dev/include' '-isystem' '/nix/store/9qzw3zscs3b4gc97bsaq991iifgz4977-xcb-util-0.4.0-dev/include' '-isystem' '/nix/store/cwvwhmigx77mydbv1h51pp2l2vijr2rs-xcb-util-image-0.4.0-dev/include' '-isystem' '/nix/store/v0qpk37hyfrpgga44f58yrb36gpay3ks-xcb-util-keysyms-0.4.0-dev/include' '-isystem' '/nix/store/x45m835963ss4all6g03wms91284j904-xcb-util-renderutil-0.3.9-dev/include' '-isystem' '/nix/store/qhjq1dap6j4h5g3srizm6dkshz63zdwv-xcb-util-wm-0.4.1-dev/include' '-isystem' '/nix/store/dzkwzx2qnhsx7938ywxqvygw5n28gy63-libXdmcp-1.1.3-dev/include' '-isystem' '/nix/store/75jd6r549krqxk1iq5cl4slrr4vci11n-libXtst-1.2.3/include' '-isystem' '/nix/store/rkz9zhzj975y9hvb8kav017da08hgq2b-xcb-util-cursor-0.1.3-dev/include' '-isystem' '/nix/store/dvrxv7fvlkj5cbjq6262m6f4jdpdvmxx-libepoxy-1.5.10-dev/include' '-isystem' '/nix/store/fqwihpqn2wmhjqw251w1r7dyw659abrh-libGL-1.6.0-dev/include' '-isystem' '/nix/store/y7fpp50b5l7l4g5hk76w2mm2p8jhrwyg-libglvnd-1.6.0-dev/include' '-isystem' '/nix/store/xr3l5mnqwgminijy321myshjx6w55530-qtsvg-6.4.2-dev/include' '-isystem' '/nix/store/a85vmwd6cgixmd25226zr4awdvh50xyd-quazip-1.3-dev/include' '-isystem' '/nix/store/jf4k9zv0nn0dij7jyh9cb7l2s4h5p65y-qt5compat-6.4.2-dev/include' '-isystem' '/nix/store/cj4cjywrz168aijw38dysql6ksafnbjs-qtdeclarative-6.4.2-dev/include' '-isystem' '/nix/store/mnpx93zc62xwqlkx0bycrab6604cdhcm-qtshadertools-6.4.2-dev/include' '-isystem' '/nix/store/iw1vmh509hcbby8dbpsaanbri4zsq7dj-python3-3.10.10/include' '-isystem' '/nix/store/h9a8m4y88pn2jg8h96j6i2blgzarrvcx-filesystem-1.5.12/include' '-isystem' '/nix/store/5ymj2l7wacvb1b154v5mhlhng406ds0k-tomlplusplus-3.3.0/include' '-isystem' '/nix/store/dkbq5hvylsc0d76lgmwyx4jm2pld63sl-cmark-0.30.3/include' '-isystem' '/nix/store/4gxhcwhrh92pn91ax09wxgqg2pqj9i61-qtwayland-6.4.2-dev/include' '-isystem' '/nix/store/wzrqym8dzidzhvm5h308kzqcan2zbf5j-gamemode-1.7-dev/include' '-isystem' '/nix/store/va9r2bdg56jc6qizpm6dyb97lnxfrhsy-file-5.44/include' '-isystem' '/nix/store/jkv8vb24ab371hlsp55fj953kwh01m8n-openjdk-17.0.6+10/include' '-isystem' '/nix/store/i9cf4vmk6kfqlds56vfllmmz0zdk7rp0-qtbase-6.4.2-dev/include' '-isystem' '/nix/store/0z5wasald7dmipjpbx8kw31pj0kzjxpg-libxml2-2.10.3-dev/include' '-isystem' '/nix/store/qgqsyg7gmqy3fz6shvzhcc7m7pkfw2ig-zlib-1.2.13-dev/include' '-isystem' '/nix/store/i57f5lhc83sfnck9d6rik0dbnbxr9qlw-libxslt-1.1.37-dev/include' '-isystem' '/nix/store/fyiwac98bi86nd5qzz9bhvs1bvmmwgad-openssl-3.0.8-dev/include' '-isystem' '/nix/store/i1h2yf133m4rfzgfgl0zdxjxniyy6kvg-sqlite-3.40.1-dev/include' '-isystem' '/nix/store/ci7r8mfkdg1b4wgawp6fff6ba6vyf33r-unixODBC-2.3.11/include' '-isystem' '/nix/store/vddrjv0wnknv73njnwzj3in0467dk9qa-harfbuzz-7.0.0-dev/include' '-isystem' '/nix/store/vgasd5zjsvdvq3w7ik13sfyyj1n0m5v7-graphite2-1.3.14/include' '-isystem' '/nix/store/86nsxqcmzcc85qzrsczb33jwqgcyl35g-icu4c-72.1-dev/include' '-isystem' '/nix/store/dra1y7qr8clxdssfx5s1grbg2lvg5ifd-libjpeg-turbo-2.1.4-dev/include' '-isystem' '/nix/store/463cn57ci7xxwr28c1d68zwbr001ka8h-libpng-apng-1.6.39-dev/include' '-isystem' '/nix/store/vr9naiikd2k84ygclm3vlr3agbjcgvzi-pcre2-10.42-dev/include' '-isystem' '/nix/store/zc41j2il39qmw9kfwa0zl37dz4izcjdp-pcre-8.45-dev/include' '-isystem' '/nix/store/k4w3vafb6k1b3zc2a6v1lr4w0iknnp65-libproxy-0.4.18-dev/include' '-isystem' '/nix/store/s8axys9hpvwxn5718iwrnyvwms4djz96-zstd-1.5.4-dev/include' '-isystem' '/nix/store/4hx2f3kfk824b3b44mhjgpph426lnj42-double-conversion-3.2.1/include' '-isystem' '/nix/store/d9yf24k5n979y1qy03nlj1mnpijhs5rx-libb2-0.98.1/include' '-isystem' '/nix/store/2pai53mrrahl85w7mbypxmplgx6wfqyd-md4c-0.4.8/include' '-isystem' '/nix/store/l8d014vy8n42sp6r6j3wjqldylcyvqyk-dbus-1.14.4-dev/include' '-isystem' '/nix/store/gqvyvc9ckzijwcw641v6qgg7fz8z63mc-expat-2.5.0-dev/include' '-isystem' '/nix/store/152gsygyjagsirvdg3icmz4px39wddwj-glib-2.74.5-dev/include' '-isystem' '/nix/store/4j08mgygxhi9y3957hbwqn1bg02va18y-libffi-3.4.4-dev/include' '-isystem' '/nix/store/ik1vzp6bfwjxxg0cdcbmyl17yzn8idd4-gettext-0.21/include' '-isystem' '/nix/store/1r3a6ji72zxvkyhqfgq1pymdiyjk93l5-glibc-iconv-2.35/include' '-isystem' '/nix/store/f04f2mxjzx7s34payvq6lna9qcaall3s-mariadb-connector-odbc-3.1.14/include' '-isystem' '/nix/store/2gm71c7yljswz2yz3i6125nx2rwkg9n6-systemd-252.5-dev/include' '-isystem' '/nix/store/1gb83p8c3fkjqyb0l30lz0303jhv088k-util-linux-2.38.1-dev/include' '-isystem' '/nix/store/xj6h98v3mjiqmwqv6zbw51xd3lgzdz7p-mtdev-1.1.6/include' '-isystem' '/nix/store/zmqdq7fj6h273kxz969wr3h7g1jhzgz4-lksctp-tools-1.0.17/include' '-isystem' '/nix/store/dvgpj4kwxp5pxhax93zqv80b4ql8xwla-libselinux-3.3-dev/include' '-isystem' '/nix/store/0p1v5zn2mb55xs9297x5p7vgdnhrjjmf-libsepol-3.3-dev/include' '-isystem' '/nix/store/zl2rzaxviah8cpknrlnpawpfvmjvjh0d-lttng-ust-2.13.1-dev/include' '-isystem' '/nix/store/0hhi25jwagxm00kjwmh2zl395cgfdrfh-liburcu-0.13.2/include' '-isystem' '/nix/store/k7pydn7w2dd03cchddkgzdb94brxisp9-vulkan-headers-1.3.239.0/include' '-isystem' '/nix/store/gxsg7g5higv817948fw3jyamypfc229g-libthai-0.1.29-dev/include' '-isystem' '/nix/store/hq2n7bnn6z2p0p94n4mixbbrsyi1qbdf-libdrm-2.4.114-dev/include' '-isystem' '/nix/store/bin4ww0irasbdvhqqg8lcwjg3025x4pq-libdatrie-2019-12-20-dev/include' '-isystem' '/nix/store/6bdds6632r9fp7mrh27qxjv90d7lzh0y-fontconfig-2.14.0-dev/include' '-isystem' '/nix/store/ybd7brnb5kavanvz40mg2p5pmgnczi85-freetype-2.12.1-dev/include' '-isystem' '/nix/store/abs0rlwm6jh4l1k831fvqggpgfrs91pv-bzip2-1.0.8-dev/include' '-isystem' '/nix/store/84r63sb6w4l1y1ab3vmk3xg84is027y2-brotli-1.0.9-dev/include' '-isystem' '/nix/store/q2sjb83p9kh7j653237wr5xzsdc17sgj-libX11-1.8.4-dev/include' '-isystem' '/nix/store/9d1fbfvijywjsxh5b060qy5dd01cqbrs-xorgproto-2021.5/include' '-isystem' '/nix/store/rr353rjxy36vvakib4cyajjj2r3gqw5x-libxcb-1.14-dev/include' '-isystem' '/nix/store/j4i01gassjbbm5i3x4qczy21pmfw05q2-libXcomposite-0.4.5-dev/include' '-isystem' '/nix/store/dbbvxfbsix59452vbjngfndr8xddb3nc-libXfixes-6.0.0-dev/include' '-isystem' '/nix/store/f5blw2z7jr4h2qkzfdmjkwak142353rq-libXext-1.3.4-dev/include' '-isystem' '/nix/store/jhxfmh0lh0dkk11fpys8350w8hk7ljf7-libXau-1.0.9-dev/include' '-isystem' '/nix/store/dci0q5r0v1j5d7vryy13as7banrix0sj-libXi-1.8-dev/include' '-isystem' '/nix/store/slpgdz4ha0w6y2c25n0ljda4536p9yi4-libXrender-0.9.10-dev/include' '-isystem' '/nix/store/l01q7h5h4wxr880jzxpc5fdrwnbqxfzn-libxkbcommon-1.5.0-dev/include' '-isystem' '/nix/store/9qzw3zscs3b4gc97bsaq991iifgz4977-xcb-util-0.4.0-dev/include' '-isystem' '/nix/store/cwvwhmigx77mydbv1h51pp2l2vijr2rs-xcb-util-image-0.4.0-dev/include' '-isystem' '/nix/store/v0qpk37hyfrpgga44f58yrb36gpay3ks-xcb-util-keysyms-0.4.0-dev/include' '-isystem' '/nix/store/x45m835963ss4all6g03wms91284j904-xcb-util-renderutil-0.3.9-dev/include' '-isystem' '/nix/store/qhjq1dap6j4h5g3srizm6dkshz63zdwv-xcb-util-wm-0.4.1-dev/include' '-isystem' '/nix/store/dzkwzx2qnhsx7938ywxqvygw5n28gy63-libXdmcp-1.1.3-dev/include' '-isystem' '/nix/store/75jd6r549krqxk1iq5cl4slrr4vci11n-libXtst-1.2.3/include' '-isystem' '/nix/store/rkz9zhzj975y9hvb8kav017da08hgq2b-xcb-util-cursor-0.1.3-dev/include' '-isystem' '/nix/store/dvrxv7fvlkj5cbjq6262m6f4jdpdvmxx-libepoxy-1.5.10-dev/include' '-isystem' '/nix/store/fqwihpqn2wmhjqw251w1r7dyw659abrh-libGL-1.6.0-dev/include' '-isystem' '/nix/store/y7fpp50b5l7l4g5hk76w2mm2p8jhrwyg-libglvnd-1.6.0-dev/include' '-isystem' '/nix/store/xr3l5mnqwgminijy321myshjx6w55530-qtsvg-6.4.2-dev/include' '-isystem' '/nix/store/a85vmwd6cgixmd25226zr4awdvh50xyd-quazip-1.3-dev/include' '-isystem' '/nix/store/jf4k9zv0nn0dij7jyh9cb7l2s4h5p65y-qt5compat-6.4.2-dev/include' '-isystem' '/nix/store/cj4cjywrz168aijw38dysql6ksafnbjs-qtdeclarative-6.4.2-dev/include' '-isystem' '/nix/store/mnpx93zc62xwqlkx0bycrab6604cdhcm-qtshadertools-6.4.2-dev/include' '-isystem' '/nix/store/iw1vmh509hcbby8dbpsaanbri4zsq7dj-python3-3.10.10/include' '-isystem' '/nix/store/h9a8m4y88pn2jg8h96j6i2blgzarrvcx-filesystem-1.5.12/include' '-isystem' '/nix/store/5ymj2l7wacvb1b154v5mhlhng406ds0k-tomlplusplus-3.3.0/include' '-isystem' '/nix/store/dkbq5hvylsc0d76lgmwyx4jm2pld63sl-cmark-0.30.3/include' '-isystem' '/nix/store/4gxhcwhrh92pn91ax09wxgqg2pqj9i61-qtwayland-6.4.2-dev/include' '-isystem' '/nix/store/wzrqym8dzidzhvm5h308kzqcan2zbf5j-gamemode-1.7-dev/include' '-L/nix/store/va9r2bdg56jc6qizpm6dyb97lnxfrhsy-file-5.44/lib' '-L/nix/store/mg9l7phyhvi16p9g8g3g8fbyj4mr79gq-zlib-1.2.13/lib' '-L/nix/store/hmh8yakhrp3r95b7r085m4xnzp8crz3b-libxml2-2.10.3/lib' '-L/nix/store/8ilmxyjyn4fn3ll7s19shppp7izswp2c-libxslt-1.1.37/lib' '-L/nix/store/5438qhyypn1kbdnm4312v8db4mkapwhl-openssl-3.0.8/lib' '-L/nix/store/c651qa8kqilglkx8fhxz0ibc4yfndlm8-sqlite-3.40.1/lib' '-L/nix/store/ci7r8mfkdg1b4wgawp6fff6ba6vyf33r-unixODBC-2.3.11/lib' '-L/nix/store/vgasd5zjsvdvq3w7ik13sfyyj1n0m5v7-graphite2-1.3.14/lib' '-L/nix/store/09yg78bcs6vibbk7py1k1l9qf1im9lwj-harfbuzz-7.0.0/lib' '-L/nix/store/jbsbrpz89j9sbk0shpqvk5jy3fddkffq-icu4c-72.1/lib' '-L/nix/store/rvv0110i3pg28vrhadhi1qfmhpgj1azy-libjpeg-turbo-2.1.4/lib' '-L/nix/store/idx4lcdd1p91dpib06d5mwyhszs6w8xw-libpng-apng-1.6.39/lib' '-L/nix/store/lm9jab801iavj3f9gjz6vc1fxhvvg2mj-pcre2-10.42/lib' '-L/nix/store/x6nnam5hk44mljbk782rcbd92jlnz8r6-pcre-8.45/lib' '-L/nix/store/i1wd03f4gq5l9bbzb8ir2v8aibsbdi47-libproxy-0.4.18/lib' '-L/nix/store/clln53sqbfn8i0z8x0ji3x3fz6zchqml-zstd-1.5.4/lib' '-L/nix/store/4hx2f3kfk824b3b44mhjgpph426lnj42-double-conversion-3.2.1/lib' '-L/nix/store/d9yf24k5n979y1qy03nlj1mnpijhs5rx-libb2-0.98.1/lib' '-L/nix/store/2pai53mrrahl85w7mbypxmplgx6wfqyd-md4c-0.4.8/lib' '-L/nix/store/inrxvaqv2zkdhg2v5vhqc0257p92wl2q-expat-2.5.0/lib' '-L/nix/store/q36hdg6hw9vlls7abq0y08gksqr2m2z2-dbus-1.14.4-lib/lib' '-L/nix/store/m0fsvgc5hrn3yjwsl9fvj5m6pyjk2il2-libffi-3.4.4/lib' '-L/nix/store/ik1vzp6bfwjxxg0cdcbmyl17yzn8idd4-gettext-0.21/lib' '-L/nix/store/rcwsvm3zmcpwl71b7r5f9ql599hw6f2b-glib-2.74.5/lib' '-L/nix/store/lfpcn90d6fwckk3ysihijfy2z5wsi7da-sqlite-connector-odbc-0.9993/lib' '-L/nix/store/kp51yj0jwdi2b7f8i93ici4c5z0x7bn3-systemd-252.5/lib' '-L/nix/store/b9ihpihmhnain100fjfd008nzf9ha6xj-util-linux-2.38.1-lib/lib' '-L/nix/store/xj6h98v3mjiqmwqv6zbw51xd3lgzdz7p-mtdev-1.1.6/lib' '-L/nix/store/zmqdq7fj6h273kxz969wr3h7g1jhzgz4-lksctp-tools-1.0.17/lib' '-L/nix/store/gqlj2nh329ymrawhlrhhd3wx9h5nwi38-libselinux-3.3/lib' '-L/nix/store/i4dbdvj0qdbglgqpa04xx8gs564n8953-libsepol-3.3/lib' '-L/nix/store/0hhi25jwagxm00kjwmh2zl395cgfdrfh-liburcu-0.13.2/lib' '-L/nix/store/jqvbspi73y5il9p4mmrf7bnnjvpf4r80-lttng-ust-2.13.1/lib' '-L/nix/store/izbwynagva4wx96ghpczpcs5v0d82xix-vulkan-loader-1.3.239.0/lib' '-L/nix/store/cbj48b5jcdhwmvn282gg3wkrnfvqcn0v-libthai-0.1.29/lib' '-L/nix/store/fp76f9kiv3mwh2h87lhmxcp173gi49jd-libdrm-2.4.114/lib' '-L/nix/store/4kz52y95zfn9l8pbn8f5jw1w61lgn0js-libdatrie-2019-12-20-lib/lib' '-L/nix/store/k0yrr5yq9yghbvvfv0qkblyia576kg4f-bzip2-1.0.8/lib' '-L/nix/store/6ahs2w409ysgvz4r0k1g0kypf6k3iwps-brotli-1.0.9-lib/lib' '-L/nix/store/2jq0rdhc7wb8fj0q82whsj9p50sdmvcv-freetype-2.12.1/lib' '-L/nix/store/mv56qyvfin02c96mxrdh60p3c0j05dvn-fontconfig-2.14.0-lib/lib' '-L/nix/store/cnkr9byk03mz454yzx48jkyy0c2rlfjz-libxcb-1.14/lib' '-L/nix/store/y0ym7qckhfldadc4wbwv0hs7765v10rd-libX11-1.8.4/lib' '-L/nix/store/zd5rypkk2h639y4ym6qc3l65dpka3ycc-libXfixes-6.0.0/lib' '-L/nix/store/8b686hlck6jkpxm9yx3n755cmqvcnhni-libXcomposite-0.4.5/lib' '-L/nix/store/qnwa2z8b9y76almh1mpp1iwnwdvrzxbj-libXau-1.0.9/lib' '-L/nix/store/qgg9iiyrp9s1cja2h9cblb9cjyy65ssz-libXext-1.3.4/lib' '-L/nix/store/kmbps8nyg8nhnwdbcpxkbn5mmcdal5hp-libXi-1.8/lib' '-L/nix/store/dg1irgbmn4znzbbw2yyc99bh85a1ll3n-libXrender-0.9.10/lib' '-L/nix/store/03bcgkqn4hsf2l2n0ny5xx2c1z0ga6gy-libxkbcommon-1.5.0/lib' '-L/nix/store/96azvh5x19v03hz2a7ic90gs9h59kkzq-xcb-util-0.4.0/lib' '-L/nix/store/xd9vz5ar0kr7fbiibqqykfcczvdd56rc-xcb-util-image-0.4.0/lib' '-L/nix/store/hk1dsk9bim336dhb78nxxcnz8c20ys9c-xcb-util-keysyms-0.4.0/lib' '-L/nix/store/6p4yljw6hwnh9jbl29nq9vyrfysyjb8z-xcb-util-renderutil-0.3.9/lib' '-L/nix/store/nf595y3dfgyq0wvmwnqq380xmbhjjiin-xcb-util-wm-0.4.1/lib' '-L/nix/store/3bhillndvhi9pvdkr4bb145170s7h7lz-libXdmcp-1.1.3/lib' '-L/nix/store/75jd6r549krqxk1iq5cl4slrr4vci11n-libXtst-1.2.3/lib' '-L/nix/store/m5ygz6nz3lxav4cswsgdrfga1lfkcrbr-xcb-util-cursor-0.1.3/lib' '-L/nix/store/3w5sakz3znb378b7wlfbr7bss3myhdi3-libepoxy-1.5.10/lib' '-L/nix/store/srnnb3xqzcn0afbc1sg2f3kahdbqp0hb-libGL-1.6.0/lib' '-L/nix/store/yl6ggfn054z9brd4rlzifn3zpiardjz2-libglvnd-1.6.0/lib' '-L/nix/store/baz8lrsrakrl0jdlz89hvbqv8mgvcqk9-qtbase-6.4.2/lib' '-L/nix/store/6dm5g796frdb2k7rqb0nyzm4s76gd3p9-qtsvg-6.4.2/lib' '-L/nix/store/0bb16bnqa4raz3b8d0fayj25bcs131g3-qtshadertools-6.4.2/lib' '-L/nix/store/iw1vmh509hcbby8dbpsaanbri4zsq7dj-python3-3.10.10/lib' '-L/nix/store/4y8vjpf6qb8z43x99pc48yjbpdg1gb81-qtdeclarative-6.4.2/lib' '-L/nix/store/zvw6fflmybm80k4arxmmpdyzf7gn1msb-qt5compat-6.4.2/lib' '-L/nix/store/61imhlw6qszhcwmmiwxqdf72kn5fz2y5-quazip-1.3/lib' '-L/nix/store/5ymj2l7wacvb1b154v5mhlhng406ds0k-tomlplusplus-3.3.0/lib' '-L/nix/store/dkbq5hvylsc0d76lgmwyx4jm2pld63sl-cmark-0.30.3/lib' '-L/nix/store/4bmh1h8dn0k0s8bydmb1syk8cfsmgxb6-qtwayland-6.4.2/lib' '-L/nix/store/zihzfhfq28wp1yzx86dp1q4zccai745r-gamemode-1.7-lib/lib' '-L/nix/store/va9r2bdg56jc6qizpm6dyb97lnxfrhsy-file-5.44/lib' '-L/nix/store/mg9l7phyhvi16p9g8g3g8fbyj4mr79gq-zlib-1.2.13/lib' '-L/nix/store/hmh8yakhrp3r95b7r085m4xnzp8crz3b-libxml2-2.10.3/lib' '-L/nix/store/8ilmxyjyn4fn3ll7s19shppp7izswp2c-libxslt-1.1.37/lib' '-L/nix/store/5438qhyypn1kbdnm4312v8db4mkapwhl-openssl-3.0.8/lib' '-L/nix/store/c651qa8kqilglkx8fhxz0ibc4yfndlm8-sqlite-3.40.1/lib' '-L/nix/store/ci7r8mfkdg1b4wgawp6fff6ba6vyf33r-unixODBC-2.3.11/lib' '-L/nix/store/vgasd5zjsvdvq3w7ik13sfyyj1n0m5v7-graphite2-1.3.14/lib' '-L/nix/store/09yg78bcs6vibbk7py1k1l9qf1im9lwj-harfbuzz-7.0.0/lib' '-L/nix/store/jbsbrpz89j9sbk0shpqvk5jy3fddkffq-icu4c-72.1/lib' '-L/nix/store/rvv0110i3pg28vrhadhi1qfmhpgj1azy-libjpeg-turbo-2.1.4/lib' '-L/nix/store/idx4lcdd1p91dpib06d5mwyhszs6w8xw-libpng-apng-1.6.39/lib' '-L/nix/store/lm9jab801iavj3f9gjz6vc1fxhvvg2mj-pcre2-10.42/lib' '-L/nix/store/x6nnam5hk44mljbk782rcbd92jlnz8r6-pcre-8.45/lib' '-L/nix/store/i1wd03f4gq5l9bbzb8ir2v8aibsbdi47-libproxy-0.4.18/lib' '-L/nix/store/clln53sqbfn8i0z8x0ji3x3fz6zchqml-zstd-1.5.4/lib' '-L/nix/store/4hx2f3kfk824b3b44mhjgpph426lnj42-double-conversion-3.2.1/lib' '-L/nix/store/d9yf24k5n979y1qy03nlj1mnpijhs5rx-libb2-0.98.1/lib' '-L/nix/store/2pai53mrrahl85w7mbypxmplgx6wfqyd-md4c-0.4.8/lib' '-L/nix/store/inrxvaqv2zkdhg2v5vhqc0257p92wl2q-expat-2.5.0/lib' '-L/nix/store/q36hdg6hw9vlls7abq0y08gksqr2m2z2-dbus-1.14.4-lib/lib' '-L/nix/store/m0fsvgc5hrn3yjwsl9fvj5m6pyjk2il2-libffi-3.4.4/lib' '-L/nix/store/ik1vzp6bfwjxxg0cdcbmyl17yzn8idd4-gettext-0.21/lib' '-L/nix/store/rcwsvm3zmcpwl71b7r5f9ql599hw6f2b-glib-2.74.5/lib' '-L/nix/store/lfpcn90d6fwckk3ysihijfy2z5wsi7da-sqlite-connector-odbc-0.9993/lib' '-L/nix/store/kp51yj0jwdi2b7f8i93ici4c5z0x7bn3-systemd-252.5/lib' '-L/nix/store/b9ihpihmhnain100fjfd008nzf9ha6xj-util-linux-2.38.1-lib/lib' '-L/nix/store/xj6h98v3mjiqmwqv6zbw51xd3lgzdz7p-mtdev-1.1.6/lib' '-L/nix/store/zmqdq7fj6h273kxz969wr3h7g1jhzgz4-lksctp-tools-1.0.17/lib' '-L/nix/store/gqlj2nh329ymrawhlrhhd3wx9h5nwi38-libselinux-3.3/lib' '-L/nix/store/i4dbdvj0qdbglgqpa04xx8gs564n8953-libsepol-3.3/lib' '-L/nix/store/0hhi25jwagxm00kjwmh2zl395cgfdrfh-liburcu-0.13.2/lib' '-L/nix/store/jqvbspi73y5il9p4mmrf7bnnjvpf4r80-lttng-ust-2.13.1/lib' '-L/nix/store/izbwynagva4wx96ghpczpcs5v0d82xix-vulkan-loader-1.3.239.0/lib' '-L/nix/store/cbj48b5jcdhwmvn282gg3wkrnfvqcn0v-libthai-0.1.29/lib' '-L/nix/store/fp76f9kiv3mwh2h87lhmxcp173gi49jd-libdrm-2.4.114/lib' '-L/nix/store/4kz52y95zfn9l8pbn8f5jw1w61lgn0js-libdatrie-2019-12-20-lib/lib' '-L/nix/store/k0yrr5yq9yghbvvfv0qkblyia576kg4f-bzip2-1.0.8/lib' '-L/nix/store/6ahs2w409ysgvz4r0k1g0kypf6k3iwps-brotli-1.0.9-lib/lib' '-L/nix/store/2jq0rdhc7wb8fj0q82whsj9p50sdmvcv-freetype-2.12.1/lib' '-L/nix/store/mv56qyvfin02c96mxrdh60p3c0j05dvn-fontconfig-2.14.0-lib/lib' '-L/nix/store/cnkr9byk03mz454yzx48jkyy0c2rlfjz-libxcb-1.14/lib' '-L/nix/store/y0ym7qckhfldadc4wbwv0hs7765v10rd-libX11-1.8.4/lib' '-L/nix/store/zd5rypkk2h639y4ym6qc3l65dpka3ycc-libXfixes-6.0.0/lib' '-L/nix/store/8b686hlck6jkpxm9yx3n755cmqvcnhni-libXcomposite-0.4.5/lib' '-L/nix/store/qnwa2z8b9y76almh1mpp1iwnwdvrzxbj-libXau-1.0.9/lib' '-L/nix/store/qgg9iiyrp9s1cja2h9cblb9cjyy65ssz-libXext-1.3.4/lib' '-L/nix/store/kmbps8nyg8nhnwdbcpxkbn5mmcdal5hp-libXi-1.8/lib' '-L/nix/store/dg1irgbmn4znzbbw2yyc99bh85a1ll3n-libXrender-0.9.10/lib' '-L/nix/store/03bcgkqn4hsf2l2n0ny5xx2c1z0ga6gy-libxkbcommon-1.5.0/lib' '-L/nix/store/96azvh5x19v03hz2a7ic90gs9h59kkzq-xcb-util-0.4.0/lib' '-L/nix/store/xd9vz5ar0kr7fbiibqqykfcczvdd56rc-xcb-util-image-0.4.0/lib' '-L/nix/store/hk1dsk9bim336dhb78nxxcnz8c20ys9c-xcb-util-keysyms-0.4.0/lib' '-L/nix/store/6p4yljw6hwnh9jbl29nq9vyrfysyjb8z-xcb-util-renderutil-0.3.9/lib' '-L/nix/store/nf595y3dfgyq0wvmwnqq380xmbhjjiin-xcb-util-wm-0.4.1/lib' '-L/nix/store/3bhillndvhi9pvdkr4bb145170s7h7lz-libXdmcp-1.1.3/lib' '-L/nix/store/75jd6r549krqxk1iq5cl4slrr4vci11n-libXtst-1.2.3/lib' '-L/nix/store/m5ygz6nz3lxav4cswsgdrfga1lfkcrbr-xcb-util-cursor-0.1.3/lib' '-L/nix/store/3w5sakz3znb378b7wlfbr7bss3myhdi3-libepoxy-1.5.10/lib' '-L/nix/store/srnnb3xqzcn0afbc1sg2f3kahdbqp0hb-libGL-1.6.0/lib' '-L/nix/store/yl6ggfn054z9brd4rlzifn3zpiardjz2-libglvnd-1.6.0/lib' '-L/nix/store/baz8lrsrakrl0jdlz89hvbqv8mgvcqk9-qtbase-6.4.2/lib' '-L/nix/store/6dm5g796frdb2k7rqb0nyzm4s76gd3p9-qtsvg-6.4.2/lib' '-L/nix/store/0bb16bnqa4raz3b8d0fayj25bcs131g3-qtshadertools-6.4.2/lib' '-L/nix/store/iw1vmh509hcbby8dbpsaanbri4zsq7dj-python3-3.10.10/lib' '-L/nix/store/4y8vjpf6qb8z43x99pc48yjbpdg1gb81-qtdeclarative-6.4.2/lib' '-L/nix/store/zvw6fflmybm80k4arxmmpdyzf7gn1msb-qt5compat-6.4.2/lib' '-L/nix/store/61imhlw6qszhcwmmiwxqdf72kn5fz2y5-quazip-1.3/lib' '-L/nix/store/5ymj2l7wacvb1b154v5mhlhng406ds0k-tomlplusplus-3.3.0/lib' '-L/nix/store/dkbq5hvylsc0d76lgmwyx4jm2pld63sl-cmark-0.30.3/lib' '-L/nix/store/4bmh1h8dn0k0s8bydmb1syk8cfsmgxb6-qtwayland-6.4.2/lib' '-L/nix/store/zihzfhfq28wp1yzx86dp1q4zccai745r-gamemode-1.7-lib/lib' '-L/nix/store/76l4v99sk83ylfwkz8wmwrm4s8h73rhd-glibc-2.35-224/lib' '-L/nix/store/2w4k8nvdyiggz717ygbbxchpnxrqc6y9-gcc-12.2.0-lib/lib' '-mtune=generic' '-march=x86-64' '-dumpdir' 'cmTC_ad166.'
 /nix/store/wx4nsqbssywgx9zkabwgl9sxm5l61ni3-gcc-12.2.0/libexec/gcc/x86_64-unknown-linux-gnu/12.2.0/collect2 -plugin /nix/store/wx4nsqbssywgx9zkabwgl9sxm5l61ni3-gcc-12.2.0/libexec/gcc/x86_64-unknown-linux-gnu/12.2.0/liblto_plugin.so -plugin-opt=/nix/store/wx4nsqbssywgx9zkabwgl9sxm5l61ni3-gcc-12.2.0/libexec/gcc/x86_64-unknown-linux-gnu/12.2.0/lto-wrapper -plugin-opt=-fresolution=/tmp/nix-shell.QeuHwI/ccNxGOLr.res -plugin-opt=-pass-through=-lgcc -plugin-opt=-pass-through=-lgcc_s -plugin-opt=-pass-through=-lc -plugin-opt=-pass-through=-lgcc -plugin-opt=-pass-through=-lgcc_s --eh-frame-hdr -m elf_x86_64 -dynamic-linker /nix/store/76l4v99sk83ylfwkz8wmwrm4s8h73rhd-glibc-2.35-224/lib64/ld-linux-x86-64.so.2 -o cmTC_ad166 /nix/store/76l4v99sk83ylfwkz8wmwrm4s8h73rhd-glibc-2.35-224/lib/crt1.o /nix/store/76l4v99sk83ylfwkz8wmwrm4s8h73rhd-glibc-2.35-224/lib/crti.o /nix/store/wx4nsqbssywgx9zkabwgl9sxm5l61ni3-gcc-12.2.0/lib/gcc/x86_64-unknown-linux-gnu/12.2.0/crtbegin.o -L/nix/store/va9r2bdg56jc6qizpm6dyb97lnxfrhsy-file-5.44/lib -L/nix/store/mg9l7phyhvi16p9g8g3g8fbyj4mr79gq-zlib-1.2.13/lib -L/nix/store/hmh8yakhrp3r95b7r085m4xnzp8crz3b-libxml2-2.10.3/lib -L/nix/store/8ilmxyjyn4fn3ll7s19shppp7izswp2c-libxslt-1.1.37/lib -L/nix/store/5438qhyypn1kbdnm4312v8db4mkapwhl-openssl-3.0.8/lib -L/nix/store/c651qa8kqilglkx8fhxz0ibc4yfndlm8-sqlite-3.40.1/lib -L/nix/store/ci7r8mfkdg1b4wgawp6fff6ba6vyf33r-unixODBC-2.3.11/lib -L/nix/store/vgasd5zjsvdvq3w7ik13sfyyj1n0m5v7-graphite2-1.3.14/lib -L/nix/store/09yg78bcs6vibbk7py1k1l9qf1im9lwj-harfbuzz-7.0.0/lib -L/nix/store/jbsbrpz89j9sbk0shpqvk5jy3fddkffq-icu4c-72.1/lib -L/nix/store/rvv0110i3pg28vrhadhi1qfmhpgj1azy-libjpeg-turbo-2.1.4/lib -L/nix/store/idx4lcdd1p91dpib06d5mwyhszs6w8xw-libpng-apng-1.6.39/lib -L/nix/store/lm9jab801iavj3f9gjz6vc1fxhvvg2mj-pcre2-10.42/lib -L/nix/store/x6nnam5hk44mljbk782rcbd92jlnz8r6-pcre-8.45/lib -L/nix/store/i1wd03f4gq5l9bbzb8ir2v8aibsbdi47-libproxy-0.4.18/lib -L/nix/store/clln53sqbfn8i0z8x0ji3x3fz6zchqml-zstd-1.5.4/lib -L/nix/store/4hx2f3kfk824b3b44mhjgpph426lnj42-double-conversion-3.2.1/lib -L/nix/store/d9yf24k5n979y1qy03nlj1mnpijhs5rx-libb2-0.98.1/lib -L/nix/store/2pai53mrrahl85w7mbypxmplgx6wfqyd-md4c-0.4.8/lib -L/nix/store/inrxvaqv2zkdhg2v5vhqc0257p92wl2q-expat-2.5.0/lib -L/nix/store/q36hdg6hw9vlls7abq0y08gksqr2m2z2-dbus-1.14.4-lib/lib -L/nix/store/m0fsvgc5hrn3yjwsl9fvj5m6pyjk2il2-libffi-3.4.4/lib -L/nix/store/ik1vzp6bfwjxxg0cdcbmyl17yzn8idd4-gettext-0.21/lib -L/nix/store/rcwsvm3zmcpwl71b7r5f9ql599hw6f2b-glib-2.74.5/lib -L/nix/store/lfpcn90d6fwckk3ysihijfy2z5wsi7da-sqlite-connector-odbc-0.9993/lib -L/nix/store/kp51yj0jwdi2b7f8i93ici4c5z0x7bn3-systemd-252.5/lib -L/nix/store/b9ihpihmhnain100fjfd008nzf9ha6xj-util-linux-2.38.1-lib/lib -L/nix/store/xj6h98v3mjiqmwqv6zbw51xd3lgzdz7p-mtdev-1.1.6/lib -L/nix/store/zmqdq7fj6h273kxz969wr3h7g1jhzgz4-lksctp-tools-1.0.17/lib -L/nix/store/gqlj2nh329ymrawhlrhhd3wx9h5nwi38-libselinux-3.3/lib -L/nix/store/i4dbdvj0qdbglgqpa04xx8gs564n8953-libsepol-3.3/lib -L/nix/store/0hhi25jwagxm00kjwmh2zl395cgfdrfh-liburcu-0.13.2/lib -L/nix/store/jqvbspi73y5il9p4mmrf7bnnjvpf4r80-lttng-ust-2.13.1/lib -L/nix/store/izbwynagva4wx96ghpczpcs5v0d82xix-vulkan-loader-1.3.239.0/lib -L/nix/store/cbj48b5jcdhwmvn282gg3wkrnfvqcn0v-libthai-0.1.29/lib -L/nix/store/fp76f9kiv3mwh2h87lhmxcp173gi49jd-libdrm-2.4.114/lib -L/nix/store/4kz52y95zfn9l8pbn8f5jw1w61lgn0js-libdatrie-2019-12-20-lib/lib -L/nix/store/k0yrr5yq9yghbvvfv0qkblyia576kg4f-bzip2-1.0.8/lib -L/nix/store/6ahs2w409ysgvz4r0k1g0kypf6k3iwps-brotli-1.0.9-lib/lib -L/nix/store/2jq0rdhc7wb8fj0q82whsj9p50sdmvcv-freetype-2.12.1/lib -L/nix/store/mv56qyvfin02c96mxrdh60p3c0j05dvn-fontconfig-2.14.0-lib/lib -L/nix/store/cnkr9byk03mz454yzx48jkyy0c2rlfjz-libxcb-1.14/lib -L/nix/store/y0ym7qckhfldadc4wbwv0hs7765v10rd-libX11-1.8.4/lib -L/nix/store/zd5rypkk2h639y4ym6qc3l65dpka3ycc-libXfixes-6.0.0/lib -L/nix/store/8b686hlck6jkpxm9yx3n755cmqvcnhni-libXcomposite-0.4.5/lib -L/nix/store/qnwa2z8b9y76almh1mpp1iwnwdvrzxbj-libXau-1.0.9/lib -L/nix/store/qgg9iiyrp9s1cja2h9cblb9cjyy65ssz-libXext-1.3.4/lib -L/nix/store/kmbps8nyg8nhnwdbcpxkbn5mmcdal5hp-libXi-1.8/lib -L/nix/store/dg1irgbmn4znzbbw2yyc99bh85a1ll3n-libXrender-0.9.10/lib -L/nix/store/03bcgkqn4hsf2l2n0ny5xx2c1z0ga6gy-libxkbcommon-1.5.0/lib -L/nix/store/96azvh5x19v03hz2a7ic90gs9h59kkzq-xcb-util-0.4.0/lib -L/nix/store/xd9vz5ar0kr7fbiibqqykfcczvdd56rc-xcb-util-image-0.4.0/lib -L/nix/store/hk1dsk9bim336dhb78nxxcnz8c20ys9c-xcb-util-keysyms-0.4.0/lib -L/nix/store/6p4yljw6hwnh9jbl29nq9vyrfysyjb8z-xcb-util-renderutil-0.3.9/lib -L/nix/store/nf595y3dfgyq0wvmwnqq380xmbhjjiin-xcb-util-wm-0.4.1/lib -L/nix/store/3bhillndvhi9pvdkr4bb145170s7h7lz-libXdmcp-1.1.3/lib -L/nix/store/75jd6r549krqxk1iq5cl4slrr4vci11n-libXtst-1.2.3/lib -L/nix/store/m5ygz6nz3lxav4cswsgdrfga1lfkcrbr-xcb-util-cursor-0.1.3/lib -L/nix/store/3w5sakz3znb378b7wlfbr7bss3myhdi3-libepoxy-1.5.10/lib -L/nix/store/srnnb3xqzcn0afbc1sg2f3kahdbqp0hb-libGL-1.6.0/lib -L/nix/store/yl6ggfn054z9brd4rlzifn3zpiardjz2-libglvnd-1.6.0/lib -L/nix/store/baz8lrsrakrl0jdlz89hvbqv8mgvcqk9-qtbase-6.4.2/lib -L/nix/store/6dm5g796frdb2k7rqb0nyzm4s76gd3p9-qtsvg-6.4.2/lib -L/nix/store/0bb16bnqa4raz3b8d0fayj25bcs131g3-qtshadertools-6.4.2/lib -L/nix/store/iw1vmh509hcbby8dbpsaanbri4zsq7dj-python3-3.10.10/lib -L/nix/store/4y8vjpf6qb8z43x99pc48yjbpdg1gb81-qtdeclarative-6.4.2/lib -L/nix/store/zvw6fflmybm80k4arxmmpdyzf7gn1msb-qt5compat-6.4.2/lib -L/nix/store/61imhlw6qszhcwmmiwxqdf72kn5fz2y5-quazip-1.3/lib -L/nix/store/5ymj2l7wacvb1b154v5mhlhng406ds0k-tomlplusplus-3.3.0/lib -L/nix/store/dkbq5hvylsc0d76lgmwyx4jm2pld63sl-cmark-0.30.3/lib -L/nix/store/4bmh1h8dn0k0s8bydmb1syk8cfsmgxb6-qtwayland-6.4.2/lib -L/nix/store/zihzfhfq28wp1yzx86dp1q4zccai745r-gamemode-1.7-lib/lib -L/nix/store/va9r2bdg56jc6qizpm6dyb97lnxfrhsy-file-5.44/lib -L/nix/store/mg9l7phyhvi16p9g8g3g8fbyj4mr79gq-zlib-1.2.13/lib -L/nix/store/hmh8yakhrp3r95b7r085m4xnzp8crz3b-libxml2-2.10.3/lib -L/nix/store/8ilmxyjyn4fn3ll7s19shppp7izswp2c-libxslt-1.1.37/lib -L/nix/store/5438qhyypn1kbdnm4312v8db4mkapwhl-openssl-3.0.8/lib -L/nix/store/c651qa8kqilglkx8fhxz0ibc4yfndlm8-sqlite-3.40.1/lib -L/nix/store/ci7r8mfkdg1b4wgawp6fff6ba6vyf33r-unixODBC-2.3.11/lib -L/nix/store/vgasd5zjsvdvq3w7ik13sfyyj1n0m5v7-graphite2-1.3.14/lib -L/nix/store/09yg78bcs6vibbk7py1k1l9qf1im9lwj-harfbuzz-7.0.0/lib -L/nix/store/jbsbrpz89j9sbk0shpqvk5jy3fddkffq-icu4c-72.1/lib -L/nix/store/rvv0110i3pg28vrhadhi1qfmhpgj1azy-libjpeg-turbo-2.1.4/lib -L/nix/store/idx4lcdd1p91dpib06d5mwyhszs6w8xw-libpng-apng-1.6.39/lib -L/nix/store/lm9jab801iavj3f9gjz6vc1fxhvvg2mj-pcre2-10.42/lib -L/nix/store/x6nnam5hk44mljbk782rcbd92jlnz8r6-pcre-8.45/lib -L/nix/store/i1wd03f4gq5l9bbzb8ir2v8aibsbdi47-libproxy-0.4.18/lib -L/nix/store/clln53sqbfn8i0z8x0ji3x3fz6zchqml-zstd-1.5.4/lib -L/nix/store/4hx2f3kfk824b3b44mhjgpph426lnj42-double-conversion-3.2.1/lib -L/nix/store/d9yf24k5n979y1qy03nlj1mnpijhs5rx-libb2-0.98.1/lib -L/nix/store/2pai53mrrahl85w7mbypxmplgx6wfqyd-md4c-0.4.8/lib -L/nix/store/inrxvaqv2zkdhg2v5vhqc0257p92wl2q-expat-2.5.0/lib -L/nix/store/q36hdg6hw9vlls7abq0y08gksqr2m2z2-dbus-1.14.4-lib/lib -L/nix/store/m0fsvgc5hrn3yjwsl9fvj5m6pyjk2il2-libffi-3.4.4/lib -L/nix/store/ik1vzp6bfwjxxg0cdcbmyl17yzn8idd4-gettext-0.21/lib -L/nix/store/rcwsvm3zmcpwl71b7r5f9ql599hw6f2b-glib-2.74.5/lib -L/nix/store/lfpcn90d6fwckk3ysihijfy2z5wsi7da-sqlite-connector-odbc-0.9993/lib -L/nix/store/kp51yj0jwdi2b7f8i93ici4c5z0x7bn3-systemd-252.5/lib -L/nix/store/b9ihpihmhnain100fjfd008nzf9ha6xj-util-linux-2.38.1-lib/lib -L/nix/store/xj6h98v3mjiqmwqv6zbw51xd3lgzdz7p-mtdev-1.1.6/lib -L/nix/store/zmqdq7fj6h273kxz969wr3h7g1jhzgz4-lksctp-tools-1.0.17/lib -L/nix/store/gqlj2nh329ymrawhlrhhd3wx9h5nwi38-libselinux-3.3/lib -L/nix/store/i4dbdvj0qdbglgqpa04xx8gs564n8953-libsepol-3.3/lib -L/nix/store/0hhi25jwagxm00kjwmh2zl395cgfdrfh-liburcu-0.13.2/lib -L/nix/store/jqvbspi73y5il9p4mmrf7bnnjvpf4r80-lttng-ust-2.13.1/lib -L/nix/store/izbwynagva4wx96ghpczpcs5v0d82xix-vulkan-loader-1.3.239.0/lib -L/nix/store/cbj48b5jcdhwmvn282gg3wkrnfvqcn0v-libthai-0.1.29/lib -L/nix/store/fp76f9kiv3mwh2h87lhmxcp173gi49jd-libdrm-2.4.114/lib -L/nix/store/4kz52y95zfn9l8pbn8f5jw1w61lgn0js-libdatrie-2019-12-20-lib/lib -L/nix/store/k0yrr5yq9yghbvvfv0qkblyia576kg4f-bzip2-1.0.8/lib -L/nix/store/6ahs2w409ysgvz4r0k1g0kypf6k3iwps-brotli-1.0.9-lib/lib -L/nix/store/2jq0rdhc7wb8fj0q82whsj9p50sdmvcv-freetype-2.12.1/lib -L/nix/store/mv56qyvfin02c96mxrdh60p3c0j05dvn-fontconfig-2.14.0-lib/lib -L/nix/store/cnkr9byk03mz454yzx48jkyy0c2rlfjz-libxcb-1.14/lib -L/nix/store/y0ym7qckhfldadc4wbwv0hs7765v10rd-libX11-1.8.4/lib -L/nix/store/zd5rypkk2h639y4ym6qc3l65dpka3ycc-libXfixes-6.0.0/lib -L/nix/store/8b686hlck6jkpxm9yx3n755cmqvcnhni-libXcomposite-0.4.5/lib -L/nix/store/qnwa2z8b9y76almh1mpp1iwnwdvrzxbj-libXau-1.0.9/lib -L/nix/store/qgg9iiyrp9s1cja2h9cblb9cjyy65ssz-libXext-1.3.4/lib -L/nix/store/kmbps8nyg8nhnwdbcpxkbn5mmcdal5hp-libXi-1.8/lib -L/nix/store/dg1irgbmn4znzbbw2yyc99bh85a1ll3n-libXrender-0.9.10/lib -L/nix/store/03bcgkqn4hsf2l2n0ny5xx2c1z0ga6gy-libxkbcommon-1.5.0/lib -L/nix/store/96azvh5x19v03hz2a7ic90gs9h59kkzq-xcb-util-0.4.0/lib -L/nix/store/xd9vz5ar0kr7fbiibqqykfcczvdd56rc-xcb-util-image-0.4.0/lib -L/nix/store/hk1dsk9bim336dhb78nxxcnz8c20ys9c-xcb-util-keysyms-0.4.0/lib -L/nix/store/6p4yljw6hwnh9jbl29nq9vyrfysyjb8z-xcb-util-renderutil-0.3.9/lib -L/nix/store/nf595y3dfgyq0wvmwnqq380xmbhjjiin-xcb-util-wm-0.4.1/lib -L/nix/store/3bhillndvhi9pvdkr4bb145170s7h7lz-libXdmcp-1.1.3/lib -L/nix/store/75jd6r549krqxk1iq5cl4slrr4vci11n-libXtst-1.2.3/lib -L/nix/store/m5ygz6nz3lxav4cswsgdrfga1lfkcrbr-xcb-util-cursor-0.1.3/lib -L/nix/store/3w5sakz3znb378b7wlfbr7bss3myhdi3-libepoxy-1.5.10/lib -L/nix/store/srnnb3xqzcn0afbc1sg2f3kahdbqp0hb-libGL-1.6.0/lib -L/nix/store/yl6ggfn054z9brd4rlzifn3zpiardjz2-libglvnd-1.6.0/lib -L/nix/store/baz8lrsrakrl0jdlz89hvbqv8mgvcqk9-qtbase-6.4.2/lib -L/nix/store/6dm5g796frdb2k7rqb0nyzm4s76gd3p9-qtsvg-6.4.2/lib -L/nix/store/0bb16bnqa4raz3b8d0fayj25bcs131g3-qtshadertools-6.4.2/lib -L/nix/store/iw1vmh509hcbby8dbpsaanbri4zsq7dj-python3-3.10.10/lib -L/nix/store/4y8vjpf6qb8z43x99pc48yjbpdg1gb81-qtdeclarative-6.4.2/lib -L/nix/store/zvw6fflmybm80k4arxmmpdyzf7gn1msb-qt5compat-6.4.2/lib -L/nix/store/61imhlw6qszhcwmmiwxqdf72kn5fz2y5-quazip-1.3/lib -L/nix/store/5ymj2l7wacvb1b154v5mhlhng406ds0k-tomlplusplus-3.3.0/lib -L/nix/store/dkbq5hvylsc0d76lgmwyx4jm2pld63sl-cmark-0.30.3/lib -L/nix/store/4bmh1h8dn0k0s8bydmb1syk8cfsmgxb6-qtwayland-6.4.2/lib -L/nix/store/zihzfhfq28wp1yzx86dp1q4zccai745r-gamemode-1.7-lib/lib -L/nix/store/76l4v99sk83ylfwkz8wmwrm4s8h73rhd-glibc-2.35-224/lib -L/nix/store/2w4k8nvdyiggz717ygbbxchpnxrqc6y9-gcc-12.2.0-lib/lib -L/nix/store/76l4v99sk83ylfwkz8wmwrm4s8h73rhd-glibc-2.35-224/lib -L/nix/store/2w4k8nvdyiggz717ygbbxchpnxrqc6y9-gcc-12.2.0-lib/lib -L/nix/store/bfbp3ypd9nm3fapz634gvvs738blrl0y-gcc-wrapper-12.2.0/bin -L/nix/store/wx4nsqbssywgx9zkabwgl9sxm5l61ni3-gcc-12.2.0/lib/gcc/x86_64-unknown-linux-gnu/12.2.0 -L/nix/store/wx4nsqbssywgx9zkabwgl9sxm5l61ni3-gcc-12.2.0/lib/gcc/x86_64-unknown-linux-gnu/12.2.0/../../../../lib64 -L/nix/store/wx4nsqbssywgx9zkabwgl9sxm5l61ni3-gcc-12.2.0/lib/gcc/x86_64-unknown-linux-gnu/12.2.0/../../.. -dynamic-linker=/nix/store/76l4v99sk83ylfwkz8wmwrm4s8h73rhd-glibc-2.35-224/lib/ld-linux-x86-64.so.2 CMakeFiles/cmTC_ad166.dir/CMakeCCompilerABI.c.o -rpath /workspace/PrismLauncher/outputs/out/lib64 -rpath /workspace/PrismLauncher/outputs/out/lib -lgcc --push-state --as-needed -lgcc_s --pop-state -lc -lgcc --push-state --as-needed -lgcc_s --pop-state /nix/store/wx4nsqbssywgx9zkabwgl9sxm5l61ni3-gcc-12.2.0/lib/gcc/x86_64-unknown-linux-gnu/12.2.0/crtend.o /nix/store/76l4v99sk83ylfwkz8wmwrm4s8h73rhd-glibc-2.35-224/lib/crtn.o
COLLECT_GCC_OPTIONS='-fPIC' '-Wformat=1' '-Wformat-security' '-Werror=format-security' '-fstack-protector-strong' '--param=ssp-buffer-size=4' '-O2' '-U' '_FORTIFY_SOURCE' '-D' '_FORTIFY_SOURCE=2' '-fno-strict-overflow' '-v' '-o' 'cmTC_ad166' '-B' '/nix/store/76l4v99sk83ylfwkz8wmwrm4s8h73rhd-glibc-2.35-224/lib/' '-idirafter' '/nix/store/pqnd39aq2sksad2zvswjcpkqdc7ig3f9-glibc-2.35-224-dev/include' '-idirafter' '/nix/store/wx4nsqbssywgx9zkabwgl9sxm5l61ni3-gcc-12.2.0/lib/gcc/x86_64-unknown-linux-gnu/12.2.0/include-fixed' '-B' '/nix/store/2w4k8nvdyiggz717ygbbxchpnxrqc6y9-gcc-12.2.0-lib/lib' '-B' '/nix/store/bfbp3ypd9nm3fapz634gvvs738blrl0y-gcc-wrapper-12.2.0/bin/' '-frandom-seed=sy5449x9ji' '-D' 'QT_NO_DEBUG' '-isystem' '/nix/store/va9r2bdg56jc6qizpm6dyb97lnxfrhsy-file-5.44/include' '-isystem' '/nix/store/jkv8vb24ab371hlsp55fj953kwh01m8n-openjdk-17.0.6+10/include' '-isystem' '/nix/store/i9cf4vmk6kfqlds56vfllmmz0zdk7rp0-qtbase-6.4.2-dev/include' '-isystem' '/nix/store/0z5wasald7dmipjpbx8kw31pj0kzjxpg-libxml2-2.10.3-dev/include' '-isystem' '/nix/store/qgqsyg7gmqy3fz6shvzhcc7m7pkfw2ig-zlib-1.2.13-dev/include' '-isystem' '/nix/store/i57f5lhc83sfnck9d6rik0dbnbxr9qlw-libxslt-1.1.37-dev/include' '-isystem' '/nix/store/fyiwac98bi86nd5qzz9bhvs1bvmmwgad-openssl-3.0.8-dev/include' '-isystem' '/nix/store/i1h2yf133m4rfzgfgl0zdxjxniyy6kvg-sqlite-3.40.1-dev/include' '-isystem' '/nix/store/ci7r8mfkdg1b4wgawp6fff6ba6vyf33r-unixODBC-2.3.11/include' '-isystem' '/nix/store/vddrjv0wnknv73njnwzj3in0467dk9qa-harfbuzz-7.0.0-dev/include' '-isystem' '/nix/store/vgasd5zjsvdvq3w7ik13sfyyj1n0m5v7-graphite2-1.3.14/include' '-isystem' '/nix/store/86nsxqcmzcc85qzrsczb33jwqgcyl35g-icu4c-72.1-dev/include' '-isystem' '/nix/store/dra1y7qr8clxdssfx5s1grbg2lvg5ifd-libjpeg-turbo-2.1.4-dev/include' '-isystem' '/nix/store/463cn57ci7xxwr28c1d68zwbr001ka8h-libpng-apng-1.6.39-dev/include' '-isystem' '/nix/store/vr9naiikd2k84ygclm3vlr3agbjcgvzi-pcre2-10.42-dev/include' '-isystem' '/nix/store/zc41j2il39qmw9kfwa0zl37dz4izcjdp-pcre-8.45-dev/include' '-isystem' '/nix/store/k4w3vafb6k1b3zc2a6v1lr4w0iknnp65-libproxy-0.4.18-dev/include' '-isystem' '/nix/store/s8axys9hpvwxn5718iwrnyvwms4djz96-zstd-1.5.4-dev/include' '-isystem' '/nix/store/4hx2f3kfk824b3b44mhjgpph426lnj42-double-conversion-3.2.1/include' '-isystem' '/nix/store/d9yf24k5n979y1qy03nlj1mnpijhs5rx-libb2-0.98.1/include' '-isystem' '/nix/store/2pai53mrrahl85w7mbypxmplgx6wfqyd-md4c-0.4.8/include' '-isystem' '/nix/store/l8d014vy8n42sp6r6j3wjqldylcyvqyk-dbus-1.14.4-dev/include' '-isystem' '/nix/store/gqvyvc9ckzijwcw641v6qgg7fz8z63mc-expat-2.5.0-dev/include' '-isystem' '/nix/store/152gsygyjagsirvdg3icmz4px39wddwj-glib-2.74.5-dev/include' '-isystem' '/nix/store/4j08mgygxhi9y3957hbwqn1bg02va18y-libffi-3.4.4-dev/include' '-isystem' '/nix/store/ik1vzp6bfwjxxg0cdcbmyl17yzn8idd4-gettext-0.21/include' '-isystem' '/nix/store/1r3a6ji72zxvkyhqfgq1pymdiyjk93l5-glibc-iconv-2.35/include' '-isystem' '/nix/store/f04f2mxjzx7s34payvq6lna9qcaall3s-mariadb-connector-odbc-3.1.14/include' '-isystem' '/nix/store/2gm71c7yljswz2yz3i6125nx2rwkg9n6-systemd-252.5-dev/include' '-isystem' '/nix/store/1gb83p8c3fkjqyb0l30lz0303jhv088k-util-linux-2.38.1-dev/include' '-isystem' '/nix/store/xj6h98v3mjiqmwqv6zbw51xd3lgzdz7p-mtdev-1.1.6/include' '-isystem' '/nix/store/zmqdq7fj6h273kxz969wr3h7g1jhzgz4-lksctp-tools-1.0.17/include' '-isystem' '/nix/store/dvgpj4kwxp5pxhax93zqv80b4ql8xwla-libselinux-3.3-dev/include' '-isystem' '/nix/store/0p1v5zn2mb55xs9297x5p7vgdnhrjjmf-libsepol-3.3-dev/include' '-isystem' '/nix/store/zl2rzaxviah8cpknrlnpawpfvmjvjh0d-lttng-ust-2.13.1-dev/include' '-isystem' '/nix/store/0hhi25jwagxm00kjwmh2zl395cgfdrfh-liburcu-0.13.2/include' '-isystem' '/nix/store/k7pydn7w2dd03cchddkgzdb94brxisp9-vulkan-headers-1.3.239.0/include' '-isystem' '/nix/store/gxsg7g5higv817948fw3jyamypfc229g-libthai-0.1.29-dev/include' '-isystem' '/nix/store/hq2n7bnn6z2p0p94n4mixbbrsyi1qbdf-libdrm-2.4.114-dev/include' '-isystem' '/nix/store/bin4ww0irasbdvhqqg8lcwjg3025x4pq-libdatrie-2019-12-20-dev/include' '-isystem' '/nix/store/6bdds6632r9fp7mrh27qxjv90d7lzh0y-fontconfig-2.14.0-dev/include' '-isystem' '/nix/store/ybd7brnb5kavanvz40mg2p5pmgnczi85-freetype-2.12.1-dev/include' '-isystem' '/nix/store/abs0rlwm6jh4l1k831fvqggpgfrs91pv-bzip2-1.0.8-dev/include' '-isystem' '/nix/store/84r63sb6w4l1y1ab3vmk3xg84is027y2-brotli-1.0.9-dev/include' '-isystem' '/nix/store/q2sjb83p9kh7j653237wr5xzsdc17sgj-libX11-1.8.4-dev/include' '-isystem' '/nix/store/9d1fbfvijywjsxh5b060qy5dd01cqbrs-xorgproto-2021.5/include' '-isystem' '/nix/store/rr353rjxy36vvakib4cyajjj2r3gqw5x-libxcb-1.14-dev/include' '-isystem' '/nix/store/j4i01gassjbbm5i3x4qczy21pmfw05q2-libXcomposite-0.4.5-dev/include' '-isystem' '/nix/store/dbbvxfbsix59452vbjngfndr8xddb3nc-libXfixes-6.0.0-dev/include' '-isystem' '/nix/store/f5blw2z7jr4h2qkzfdmjkwak142353rq-libXext-1.3.4-dev/include' '-isystem' '/nix/store/jhxfmh0lh0dkk11fpys8350w8hk7ljf7-libXau-1.0.9-dev/include' '-isystem' '/nix/store/dci0q5r0v1j5d7vryy13as7banrix0sj-libXi-1.8-dev/include' '-isystem' '/nix/store/slpgdz4ha0w6y2c25n0ljda4536p9yi4-libXrender-0.9.10-dev/include' '-isystem' '/nix/store/l01q7h5h4wxr880jzxpc5fdrwnbqxfzn-libxkbcommon-1.5.0-dev/include' '-isystem' '/nix/store/9qzw3zscs3b4gc97bsaq991iifgz4977-xcb-util-0.4.0-dev/include' '-isystem' '/nix/store/cwvwhmigx77mydbv1h51pp2l2vijr2rs-xcb-util-image-0.4.0-dev/include' '-isystem' '/nix/store/v0qpk37hyfrpgga44f58yrb36gpay3ks-xcb-util-keysyms-0.4.0-dev/include' '-isystem' '/nix/store/x45m835963ss4all6g03wms91284j904-xcb-util-renderutil-0.3.9-dev/include' '-isystem' '/nix/store/qhjq1dap6j4h5g3srizm6dkshz63zdwv-xcb-util-wm-0.4.1-dev/include' '-isystem' '/nix/store/dzkwzx2qnhsx7938ywxqvygw5n28gy63-libXdmcp-1.1.3-dev/include' '-isystem' '/nix/store/75jd6r549krqxk1iq5cl4slrr4vci11n-libXtst-1.2.3/include' '-isystem' '/nix/store/rkz9zhzj975y9hvb8kav017da08hgq2b-xcb-util-cursor-0.1.3-dev/include' '-isystem' '/nix/store/dvrxv7fvlkj5cbjq6262m6f4jdpdvmxx-libepoxy-1.5.10-dev/include' '-isystem' '/nix/store/fqwihpqn2wmhjqw251w1r7dyw659abrh-libGL-1.6.0-dev/include' '-isystem' '/nix/store/y7fpp50b5l7l4g5hk76w2mm2p8jhrwyg-libglvnd-1.6.0-dev/include' '-isystem' '/nix/store/xr3l5mnqwgminijy321myshjx6w55530-qtsvg-6.4.2-dev/include' '-isystem' '/nix/store/a85vmwd6cgixmd25226zr4awdvh50xyd-quazip-1.3-dev/include' '-isystem' '/nix/store/jf4k9zv0nn0dij7jyh9cb7l2s4h5p65y-qt5compat-6.4.2-dev/include' '-isystem' '/nix/store/cj4cjywrz168aijw38dysql6ksafnbjs-qtdeclarative-6.4.2-dev/include' '-isystem' '/nix/store/mnpx93zc62xwqlkx0bycrab6604cdhcm-qtshadertools-6.4.2-dev/include' '-isystem' '/nix/store/iw1vmh509hcbby8dbpsaanbri4zsq7dj-python3-3.10.10/include' '-isystem' '/nix/store/h9a8m4y88pn2jg8h96j6i2blgzarrvcx-filesystem-1.5.12/include' '-isystem' '/nix/store/5ymj2l7wacvb1b154v5mhlhng406ds0k-tomlplusplus-3.3.0/include' '-isystem' '/nix/store/dkbq5hvylsc0d76lgmwyx4jm2pld63sl-cmark-0.30.3/include' '-isystem' '/nix/store/4gxhcwhrh92pn91ax09wxgqg2pqj9i61-qtwayland-6.4.2-dev/include' '-isystem' '/nix/store/wzrqym8dzidzhvm5h308kzqcan2zbf5j-gamemode-1.7-dev/include' '-isystem' '/nix/store/va9r2bdg56jc6qizpm6dyb97lnxfrhsy-file-5.44/include' '-isystem' '/nix/store/jkv8vb24ab371hlsp55fj953kwh01m8n-openjdk-17.0.6+10/include' '-isystem' '/nix/store/i9cf4vmk6kfqlds56vfllmmz0zdk7rp0-qtbase-6.4.2-dev/include' '-isystem' '/nix/store/0z5wasald7dmipjpbx8kw31pj0kzjxpg-libxml2-2.10.3-dev/include' '-isystem' '/nix/store/qgqsyg7gmqy3fz6shvzhcc7m7pkfw2ig-zlib-1.2.13-dev/include' '-isystem' '/nix/store/i57f5lhc83sfnck9d6rik0dbnbxr9qlw-libxslt-1.1.37-dev/include' '-isystem' '/nix/store/fyiwac98bi86nd5qzz9bhvs1bvmmwgad-openssl-3.0.8-dev/include' '-isystem' '/nix/store/i1h2yf133m4rfzgfgl0zdxjxniyy6kvg-sqlite-3.40.1-dev/include' '-isystem' '/nix/store/ci7r8mfkdg1b4wgawp6fff6ba6vyf33r-unixODBC-2.3.11/include' '-isystem' '/nix/store/vddrjv0wnknv73njnwzj3in0467dk9qa-harfbuzz-7.0.0-dev/include' '-isystem' '/nix/store/vgasd5zjsvdvq3w7ik13sfyyj1n0m5v7-graphite2-1.3.14/include' '-isystem' '/nix/store/86nsxqcmzcc85qzrsczb33jwqgcyl35g-icu4c-72.1-dev/include' '-isystem' '/nix/store/dra1y7qr8clxdssfx5s1grbg2lvg5ifd-libjpeg-turbo-2.1.4-dev/include' '-isystem' '/nix/store/463cn57ci7xxwr28c1d68zwbr001ka8h-libpng-apng-1.6.39-dev/include' '-isystem' '/nix/store/vr9naiikd2k84ygclm3vlr3agbjcgvzi-pcre2-10.42-dev/include' '-isystem' '/nix/store/zc41j2il39qmw9kfwa0zl37dz4izcjdp-pcre-8.45-dev/include' '-isystem' '/nix/store/k4w3vafb6k1b3zc2a6v1lr4w0iknnp65-libproxy-0.4.18-dev/include' '-isystem' '/nix/store/s8axys9hpvwxn5718iwrnyvwms4djz96-zstd-1.5.4-dev/include' '-isystem' '/nix/store/4hx2f3kfk824b3b44mhjgpph426lnj42-double-conversion-3.2.1/include' '-isystem' '/nix/store/d9yf24k5n979y1qy03nlj1mnpijhs5rx-libb2-0.98.1/include' '-isystem' '/nix/store/2pai53mrrahl85w7mbypxmplgx6wfqyd-md4c-0.4.8/include' '-isystem' '/nix/store/l8d014vy8n42sp6r6j3wjqldylcyvqyk-dbus-1.14.4-dev/include' '-isystem' '/nix/store/gqvyvc9ckzijwcw641v6qgg7fz8z63mc-expat-2.5.0-dev/include' '-isystem' '/nix/store/152gsygyjagsirvdg3icmz4px39wddwj-glib-2.74.5-dev/include' '-isystem' '/nix/store/4j08mgygxhi9y3957hbwqn1bg02va18y-libffi-3.4.4-dev/include' '-isystem' '/nix/store/ik1vzp6bfwjxxg0cdcbmyl17yzn8idd4-gettext-0.21/include' '-isystem' '/nix/store/1r3a6ji72zxvkyhqfgq1pymdiyjk93l5-glibc-iconv-2.35/include' '-isystem' '/nix/store/f04f2mxjzx7s34payvq6lna9qcaall3s-mariadb-connector-odbc-3.1.14/include' '-isystem' '/nix/store/2gm71c7yljswz2yz3i6125nx2rwkg9n6-systemd-252.5-dev/include' '-isystem' '/nix/store/1gb83p8c3fkjqyb0l30lz0303jhv088k-util-linux-2.38.1-dev/include' '-isystem' '/nix/store/xj6h98v3mjiqmwqv6zbw51xd3lgzdz7p-mtdev-1.1.6/include' '-isystem' '/nix/store/zmqdq7fj6h273kxz969wr3h7g1jhzgz4-lksctp-tools-1.0.17/include' '-isystem' '/nix/store/dvgpj4kwxp5pxhax93zqv80b4ql8xwla-libselinux-3.3-dev/include' '-isystem' '/nix/store/0p1v5zn2mb55xs9297x5p7vgdnhrjjmf-libsepol-3.3-dev/include' '-isystem' '/nix/store/zl2rzaxviah8cpknrlnpawpfvmjvjh0d-lttng-ust-2.13.1-dev/include' '-isystem' '/nix/store/0hhi25jwagxm00kjwmh2zl395cgfdrfh-liburcu-0.13.2/include' '-isystem' '/nix/store/k7pydn7w2dd03cchddkgzdb94brxisp9-vulkan-headers-1.3.239.0/include' '-isystem' '/nix/store/gxsg7g5higv817948fw3jyamypfc229g-libthai-0.1.29-dev/include' '-isystem' '/nix/store/hq2n7bnn6z2p0p94n4mixbbrsyi1qbdf-libdrm-2.4.114-dev/include' '-isystem' '/nix/store/bin4ww0irasbdvhqqg8lcwjg3025x4pq-libdatrie-2019-12-20-dev/include' '-isystem' '/nix/store/6bdds6632r9fp7mrh27qxjv90d7lzh0y-fontconfig-2.14.0-dev/include' '-isystem' '/nix/store/ybd7brnb5kavanvz40mg2p5pmgnczi85-freetype-2.12.1-dev/include' '-isystem' '/nix/store/abs0rlwm6jh4l1k831fvqggpgfrs91pv-bzip2-1.0.8-dev/include' '-isystem' '/nix/store/84r63sb6w4l1y1ab3vmk3xg84is027y2-brotli-1.0.9-dev/include' '-isystem' '/nix/store/q2sjb83p9kh7j653237wr5xzsdc17sgj-libX11-1.8.4-dev/include' '-isystem' '/nix/store/9d1fbfvijywjsxh5b060qy5dd01cqbrs-xorgproto-2021.5/include' '-isystem' '/nix/store/rr353rjxy36vvakib4cyajjj2r3gqw5x-libxcb-1.14-dev/include' '-isystem' '/nix/store/j4i01gassjbbm5i3x4qczy21pmfw05q2-libXcomposite-0.4.5-dev/include' '-isystem' '/nix/store/dbbvxfbsix59452vbjngfndr8xddb3nc-libXfixes-6.0.0-dev/include' '-isystem' '/nix/store/f5blw2z7jr4h2qkzfdmjkwak142353rq-libXext-1.3.4-dev/include' '-isystem' '/nix/store/jhxfmh0lh0dkk11fpys8350w8hk7ljf7-libXau-1.0.9-dev/include' '-isystem' '/nix/store/dci0q5r0v1j5d7vryy13as7banrix0sj-libXi-1.8-dev/include' '-isystem' '/nix/store/slpgdz4ha0w6y2c25n0ljda4536p9yi4-libXrender-0.9.10-dev/include' '-isystem' '/nix/store/l01q7h5h4wxr880jzxpc5fdrwnbqxfzn-libxkbcommon-1.5.0-dev/include' '-isystem' '/nix/store/9qzw3zscs3b4gc97bsaq991iifgz4977-xcb-util-0.4.0-dev/include' '-isystem' '/nix/store/cwvwhmigx77mydbv1h51pp2l2vijr2rs-xcb-util-image-0.4.0-dev/include' '-isystem' '/nix/store/v0qpk37hyfrpgga44f58yrb36gpay3ks-xcb-util-keysyms-0.4.0-dev/include' '-isystem' '/nix/store/x45m835963ss4all6g03wms91284j904-xcb-util-renderutil-0.3.9-dev/include' '-isystem' '/nix/store/qhjq1dap6j4h5g3srizm6dkshz63zdwv-xcb-util-wm-0.4.1-dev/include' '-isystem' '/nix/store/dzkwzx2qnhsx7938ywxqvygw5n28gy63-libXdmcp-1.1.3-dev/include' '-isystem' '/nix/store/75jd6r549krqxk1iq5cl4slrr4vci11n-libXtst-1.2.3/include' '-isystem' '/nix/store/rkz9zhzj975y9hvb8kav017da08hgq2b-xcb-util-cursor-0.1.3-dev/include' '-isystem' '/nix/store/dvrxv7fvlkj5cbjq6262m6f4jdpdvmxx-libepoxy-1.5.10-dev/include' '-isystem' '/nix/store/fqwihpqn2wmhjqw251w1r7dyw659abrh-libGL-1.6.0-dev/include' '-isystem' '/nix/store/y7fpp50b5l7l4g5hk76w2mm2p8jhrwyg-libglvnd-1.6.0-dev/include' '-isystem' '/nix/store/xr3l5mnqwgminijy321myshjx6w55530-qtsvg-6.4.2-dev/include' '-isystem' '/nix/store/a85vmwd6cgixmd25226zr4awdvh50xyd-quazip-1.3-dev/include' '-isystem' '/nix/store/jf4k9zv0nn0dij7jyh9cb7l2s4h5p65y-qt5compat-6.4.2-dev/include' '-isystem' '/nix/store/cj4cjywrz168aijw38dysql6ksafnbjs-qtdeclarative-6.4.2-dev/include' '-isystem' '/nix/store/mnpx93zc62xwqlkx0bycrab6604cdhcm-qtshadertools-6.4.2-dev/include' '-isystem' '/nix/store/iw1vmh509hcbby8dbpsaanbri4zsq7dj-python3-3.10.10/include' '-isystem' '/nix/store/h9a8m4y88pn2jg8h96j6i2blgzarrvcx-filesystem-1.5.12/include' '-isystem' '/nix/store/5ymj2l7wacvb1b154v5mhlhng406ds0k-tomlplusplus-3.3.0/include' '-isystem' '/nix/store/dkbq5hvylsc0d76lgmwyx4jm2pld63sl-cmark-0.30.3/include' '-isystem' '/nix/store/4gxhcwhrh92pn91ax09wxgqg2pqj9i61-qtwayland-6.4.2-dev/include' '-isystem' '/nix/store/wzrqym8dzidzhvm5h308kzqcan2zbf5j-gamemode-1.7-dev/include' '-L/nix/store/va9r2bdg56jc6qizpm6dyb97lnxfrhsy-file-5.44/lib' '-L/nix/store/mg9l7phyhvi16p9g8g3g8fbyj4mr79gq-zlib-1.2.13/lib' '-L/nix/store/hmh8yakhrp3r95b7r085m4xnzp8crz3b-libxml2-2.10.3/lib' '-L/nix/store/8ilmxyjyn4fn3ll7s19shppp7izswp2c-libxslt-1.1.37/lib' '-L/nix/store/5438qhyypn1kbdnm4312v8db4mkapwhl-openssl-3.0.8/lib' '-L/nix/store/c651qa8kqilglkx8fhxz0ibc4yfndlm8-sqlite-3.40.1/lib' '-L/nix/store/ci7r8mfkdg1b4wgawp6fff6ba6vyf33r-unixODBC-2.3.11/lib' '-L/nix/store/vgasd5zjsvdvq3w7ik13sfyyj1n0m5v7-graphite2-1.3.14/lib' '-L/nix/store/09yg78bcs6vibbk7py1k1l9qf1im9lwj-harfbuzz-7.0.0/lib' '-L/nix/store/jbsbrpz89j9sbk0shpqvk5jy3fddkffq-icu4c-72.1/lib' '-L/nix/store/rvv0110i3pg28vrhadhi1qfmhpgj1azy-libjpeg-turbo-2.1.4/lib' '-L/nix/store/idx4lcdd1p91dpib06d5mwyhszs6w8xw-libpng-apng-1.6.39/lib' '-L/nix/store/lm9jab801iavj3f9gjz6vc1fxhvvg2mj-pcre2-10.42/lib' '-L/nix/store/x6nnam5hk44mljbk782rcbd92jlnz8r6-pcre-8.45/lib' '-L/nix/store/i1wd03f4gq5l9bbzb8ir2v8aibsbdi47-libproxy-0.4.18/lib' '-L/nix/store/clln53sqbfn8i0z8x0ji3x3fz6zchqml-zstd-1.5.4/lib' '-L/nix/store/4hx2f3kfk824b3b44mhjgpph426lnj42-double-conversion-3.2.1/lib' '-L/nix/store/d9yf24k5n979y1qy03nlj1mnpijhs5rx-libb2-0.98.1/lib' '-L/nix/store/2pai53mrrahl85w7mbypxmplgx6wfqyd-md4c-0.4.8/lib' '-L/nix/store/inrxvaqv2zkdhg2v5vhqc0257p92wl2q-expat-2.5.0/lib' '-L/nix/store/q36hdg6hw9vlls7abq0y08gksqr2m2z2-dbus-1.14.4-lib/lib' '-L/nix/store/m0fsvgc5hrn3yjwsl9fvj5m6pyjk2il2-libffi-3.4.4/lib' '-L/nix/store/ik1vzp6bfwjxxg0cdcbmyl17yzn8idd4-gettext-0.21/lib' '-L/nix/store/rcwsvm3zmcpwl71b7r5f9ql599hw6f2b-glib-2.74.5/lib' '-L/nix/store/lfpcn90d6fwckk3ysihijfy2z5wsi7da-sqlite-connector-odbc-0.9993/lib' '-L/nix/store/kp51yj0jwdi2b7f8i93ici4c5z0x7bn3-systemd-252.5/lib' '-L/nix/store/b9ihpihmhnain100fjfd008nzf9ha6xj-util-linux-2.38.1-lib/lib' '-L/nix/store/xj6h98v3mjiqmwqv6zbw51xd3lgzdz7p-mtdev-1.1.6/lib' '-L/nix/store/zmqdq7fj6h273kxz969wr3h7g1jhzgz4-lksctp-tools-1.0.17/lib' '-L/nix/store/gqlj2nh329ymrawhlrhhd3wx9h5nwi38-libselinux-3.3/lib' '-L/nix/store/i4dbdvj0qdbglgqpa04xx8gs564n8953-libsepol-3.3/lib' '-L/nix/store/0hhi25jwagxm00kjwmh2zl395cgfdrfh-liburcu-0.13.2/lib' '-L/nix/store/jqvbspi73y5il9p4mmrf7bnnjvpf4r80-lttng-ust-2.13.1/lib' '-L/nix/store/izbwynagva4wx96ghpczpcs5v0d82xix-vulkan-loader-1.3.239.0/lib' '-L/nix/store/cbj48b5jcdhwmvn282gg3wkrnfvqcn0v-libthai-0.1.29/lib' '-L/nix/store/fp76f9kiv3mwh2h87lhmxcp173gi49jd-libdrm-2.4.114/lib' '-L/nix/store/4kz52y95zfn9l8pbn8f5jw1w61lgn0js-libdatrie-2019-12-20-lib/lib' '-L/nix/store/k0yrr5yq9yghbvvfv0qkblyia576kg4f-bzip2-1.0.8/lib' '-L/nix/store/6ahs2w409ysgvz4r0k1g0kypf6k3iwps-brotli-1.0.9-lib/lib' '-L/nix/store/2jq0rdhc7wb8fj0q82whsj9p50sdmvcv-freetype-2.12.1/lib' '-L/nix/store/mv56qyvfin02c96mxrdh60p3c0j05dvn-fontconfig-2.14.0-lib/lib' '-L/nix/store/cnkr9byk03mz454yzx48jkyy0c2rlfjz-libxcb-1.14/lib' '-L/nix/store/y0ym7qckhfldadc4wbwv0hs7765v10rd-libX11-1.8.4/lib' '-L/nix/store/zd5rypkk2h639y4ym6qc3l65dpka3ycc-libXfixes-6.0.0/lib' '-L/nix/store/8b686hlck6jkpxm9yx3n755cmqvcnhni-libXcomposite-0.4.5/lib' '-L/nix/store/qnwa2z8b9y76almh1mpp1iwnwdvrzxbj-libXau-1.0.9/lib' '-L/nix/store/qgg9iiyrp9s1cja2h9cblb9cjyy65ssz-libXext-1.3.4/lib' '-L/nix/store/kmbps8nyg8nhnwdbcpxkbn5mmcdal5hp-libXi-1.8/lib' '-L/nix/store/dg1irgbmn4znzbbw2yyc99bh85a1ll3n-libXrender-0.9.10/lib' '-L/nix/store/03bcgkqn4hsf2l2n0ny5xx2c1z0ga6gy-libxkbcommon-1.5.0/lib' '-L/nix/store/96azvh5x19v03hz2a7ic90gs9h59kkzq-xcb-util-0.4.0/lib' '-L/nix/store/xd9vz5ar0kr7fbiibqqykfcczvdd56rc-xcb-util-image-0.4.0/lib' '-L/nix/store/hk1dsk9bim336dhb78nxxcnz8c20ys9c-xcb-util-keysyms-0.4.0/lib' '-L/nix/store/6p4yljw6hwnh9jbl29nq9vyrfysyjb8z-xcb-util-renderutil-0.3.9/lib' '-L/nix/store/nf595y3dfgyq0wvmwnqq380xmbhjjiin-xcb-util-wm-0.4.1/lib' '-L/nix/store/3bhillndvhi9pvdkr4bb145170s7h7lz-libXdmcp-1.1.3/lib' '-L/nix/store/75jd6r549krqxk1iq5cl4slrr4vci11n-libXtst-1.2.3/lib' '-L/nix/store/m5ygz6nz3lxav4cswsgdrfga1lfkcrbr-xcb-util-cursor-0.1.3/lib' '-L/nix/store/3w5sakz3znb378b7wlfbr7bss3myhdi3-libepoxy-1.5.10/lib' '-L/nix/store/srnnb3xqzcn0afbc1sg2f3kahdbqp0hb-libGL-1.6.0/lib' '-L/nix/store/yl6ggfn054z9brd4rlzifn3zpiardjz2-libglvnd-1.6.0/lib' '-L/nix/store/baz8lrsrakrl0jdlz89hvbqv8mgvcqk9-qtbase-6.4.2/lib' '-L/nix/store/6dm5g796frdb2k7rqb0nyzm4s76gd3p9-qtsvg-6.4.2/lib' '-L/nix/store/0bb16bnqa4raz3b8d0fayj25bcs131g3-qtshadertools-6.4.2/lib' '-L/nix/store/iw1vmh509hcbby8dbpsaanbri4zsq7dj-python3-3.10.10/lib' '-L/nix/store/4y8vjpf6qb8z43x99pc48yjbpdg1gb81-qtdeclarative-6.4.2/lib' '-L/nix/store/zvw6fflmybm80k4arxmmpdyzf7gn1msb-qt5compat-6.4.2/lib' '-L/nix/store/61imhlw6qszhcwmmiwxqdf72kn5fz2y5-quazip-1.3/lib' '-L/nix/store/5ymj2l7wacvb1b154v5mhlhng406ds0k-tomlplusplus-3.3.0/lib' '-L/nix/store/dkbq5hvylsc0d76lgmwyx4jm2pld63sl-cmark-0.30.3/lib' '-L/nix/store/4bmh1h8dn0k0s8bydmb1syk8cfsmgxb6-qtwayland-6.4.2/lib' '-L/nix/store/zihzfhfq28wp1yzx86dp1q4zccai745r-gamemode-1.7-lib/lib' '-L/nix/store/va9r2bdg56jc6qizpm6dyb97lnxfrhsy-file-5.44/lib' '-L/nix/store/mg9l7phyhvi16p9g8g3g8fbyj4mr79gq-zlib-1.2.13/lib' '-L/nix/store/hmh8yakhrp3r95b7r085m4xnzp8crz3b-libxml2-2.10.3/lib' '-L/nix/store/8ilmxyjyn4fn3ll7s19shppp7izswp2c-libxslt-1.1.37/lib' '-L/nix/store/5438qhyypn1kbdnm4312v8db4mkapwhl-openssl-3.0.8/lib' '-L/nix/store/c651qa8kqilglkx8fhxz0ibc4yfndlm8-sqlite-3.40.1/lib' '-L/nix/store/ci7r8mfkdg1b4wgawp6fff6ba6vyf33r-unixODBC-2.3.11/lib' '-L/nix/store/vgasd5zjsvdvq3w7ik13sfyyj1n0m5v7-graphite2-1.3.14/lib' '-L/nix/store/09yg78bcs6vibbk7py1k1l9qf1im9lwj-harfbuzz-7.0.0/lib' '-L/nix/store/jbsbrpz89j9sbk0shpqvk5jy3fddkffq-icu4c-72.1/lib' '-L/nix/store/rvv0110i3pg28vrhadhi1qfmhpgj1azy-libjpeg-turbo-2.1.4/lib' '-L/nix/store/idx4lcdd1p91dpib06d5mwyhszs6w8xw-libpng-apng-1.6.39/lib' '-L/nix/store/lm9jab801iavj3f9gjz6vc1fxhvvg2mj-pcre2-10.42/lib' '-L/nix/store/x6nnam5hk44mljbk782rcbd92jlnz8r6-pcre-8.45/lib' '-L/nix/store/i1wd03f4gq5l9bbzb8ir2v8aibsbdi47-libproxy-0.4.18/lib' '-L/nix/store/clln53sqbfn8i0z8x0ji3x3fz6zchqml-zstd-1.5.4/lib' '-L/nix/store/4hx2f3kfk824b3b44mhjgpph426lnj42-double-conversion-3.2.1/lib' '-L/nix/store/d9yf24k5n979y1qy03nlj1mnpijhs5rx-libb2-0.98.1/lib' '-L/nix/store/2pai53mrrahl85w7mbypxmplgx6wfqyd-md4c-0.4.8/lib' '-L/nix/store/inrxvaqv2zkdhg2v5vhqc0257p92wl2q-expat-2.5.0/lib' '-L/nix/store/q36hdg6hw9vlls7abq0y08gksqr2m2z2-dbus-1.14.4-lib/lib' '-L/nix/store/m0fsvgc5hrn3yjwsl9fvj5m6pyjk2il2-libffi-3.4.4/lib' '-L/nix/store/ik1vzp6bfwjxxg0cdcbmyl17yzn8idd4-gettext-0.21/lib' '-L/nix/store/rcwsvm3zmcpwl71b7r5f9ql599hw6f2b-glib-2.74.5/lib' '-L/nix/store/lfpcn90d6fwckk3ysihijfy2z5wsi7da-sqlite-connector-odbc-0.9993/lib' '-L/nix/store/kp51yj0jwdi2b7f8i93ici4c5z0x7bn3-systemd-252.5/lib' '-L/nix/store/b9ihpihmhnain100fjfd008nzf9ha6xj-util-linux-2.38.1-lib/lib' '-L/nix/store/xj6h98v3mjiqmwqv6zbw51xd3lgzdz7p-mtdev-1.1.6/lib' '-L/nix/store/zmqdq7fj6h273kxz969wr3h7g1jhzgz4-lksctp-tools-1.0.17/lib' '-L/nix/store/gqlj2nh329ymrawhlrhhd3wx9h5nwi38-libselinux-3.3/lib' '-L/nix/store/i4dbdvj0qdbglgqpa04xx8gs564n8953-libsepol-3.3/lib' '-L/nix/store/0hhi25jwagxm00kjwmh2zl395cgfdrfh-liburcu-0.13.2/lib' '-L/nix/store/jqvbspi73y5il9p4mmrf7bnnjvpf4r80-lttng-ust-2.13.1/lib' '-L/nix/store/izbwynagva4wx96ghpczpcs5v0d82xix-vulkan-loader-1.3.239.0/lib' '-L/nix/store/cbj48b5jcdhwmvn282gg3wkrnfvqcn0v-libthai-0.1.29/lib' '-L/nix/store/fp76f9kiv3mwh2h87lhmxcp173gi49jd-libdrm-2.4.114/lib' '-L/nix/store/4kz52y95zfn9l8pbn8f5jw1w61lgn0js-libdatrie-2019-12-20-lib/lib' '-L/nix/store/k0yrr5yq9yghbvvfv0qkblyia576kg4f-bzip2-1.0.8/lib' '-L/nix/store/6ahs2w409ysgvz4r0k1g0kypf6k3iwps-brotli-1.0.9-lib/lib' '-L/nix/store/2jq0rdhc7wb8fj0q82whsj9p50sdmvcv-freetype-2.12.1/lib' '-L/nix/store/mv56qyvfin02c96mxrdh60p3c0j05dvn-fontconfig-2.14.0-lib/lib' '-L/nix/store/cnkr9byk03mz454yzx48jkyy0c2rlfjz-libxcb-1.14/lib' '-L/nix/store/y0ym7qckhfldadc4wbwv0hs7765v10rd-libX11-1.8.4/lib' '-L/nix/store/zd5rypkk2h639y4ym6qc3l65dpka3ycc-libXfixes-6.0.0/lib' '-L/nix/store/8b686hlck6jkpxm9yx3n755cmqvcnhni-libXcomposite-0.4.5/lib' '-L/nix/store/qnwa2z8b9y76almh1mpp1iwnwdvrzxbj-libXau-1.0.9/lib' '-L/nix/store/qgg9iiyrp9s1cja2h9cblb9cjyy65ssz-libXext-1.3.4/lib' '-L/nix/store/kmbps8nyg8nhnwdbcpxkbn5mmcdal5hp-libXi-1.8/lib' '-L/nix/store/dg1irgbmn4znzbbw2yyc99bh85a1ll3n-libXrender-0.9.10/lib' '-L/nix/store/03bcgkqn4hsf2l2n0ny5xx2c1z0ga6gy-libxkbcommon-1.5.0/lib' '-L/nix/store/96azvh5x19v03hz2a7ic90gs9h59kkzq-xcb-util-0.4.0/lib' '-L/nix/store/xd9vz5ar0kr7fbiibqqykfcczvdd56rc-xcb-util-image-0.4.0/lib' '-L/nix/store/hk1dsk9bim336dhb78nxxcnz8c20ys9c-xcb-util-keysyms-0.4.0/lib' '-L/nix/store/6p4yljw6hwnh9jbl29nq9vyrfysyjb8z-xcb-util-renderutil-0.3.9/lib' '-L/nix/store/nf595y3dfgyq0wvmwnqq380xmbhjjiin-xcb-util-wm-0.4.1/lib' '-L/nix/store/3bhillndvhi9pvdkr4bb145170s7h7lz-libXdmcp-1.1.3/lib' '-L/nix/store/75jd6r549krqxk1iq5cl4slrr4vci11n-libXtst-1.2.3/lib' '-L/nix/store/m5ygz6nz3lxav4cswsgdrfga1lfkcrbr-xcb-util-cursor-0.1.3/lib' '-L/nix/store/3w5sakz3znb378b7wlfbr7bss3myhdi3-libepoxy-1.5.10/lib' '-L/nix/store/srnnb3xqzcn0afbc1sg2f3kahdbqp0hb-libGL-1.6.0/lib' '-L/nix/store/yl6ggfn054z9brd4rlzifn3zpiardjz2-libglvnd-1.6.0/lib' '-L/nix/store/baz8lrsrakrl0jdlz89hvbqv8mgvcqk9-qtbase-6.4.2/lib' '-L/nix/store/6dm5g796frdb2k7rqb0nyzm4s76gd3p9-qtsvg-6.4.2/lib' '-L/nix/store/0bb16bnqa4raz3b8d0fayj25bcs131g3-qtshadertools-6.4.2/lib' '-L/nix/store/iw1vmh509hcbby8dbpsaanbri4zsq7dj-python3-3.10.10/lib' '-L/nix/store/4y8vjpf6qb8z43x99pc48yjbpdg1gb81-qtdeclarative-6.4.2/lib' '-L/nix/store/zvw6fflmybm80k4arxmmpdyzf7gn1msb-qt5compat-6.4.2/lib' '-L/nix/store/61imhlw6qszhcwmmiwxqdf72kn5fz2y5-quazip-1.3/lib' '-L/nix/store/5ymj2l7wacvb1b154v5mhlhng406ds0k-tomlplusplus-3.3.0/lib' '-L/nix/store/dkbq5hvylsc0d76lgmwyx4jm2pld63sl-cmark-0.30.3/lib' '-L/nix/store/4bmh1h8dn0k0s8bydmb1syk8cfsmgxb6-qtwayland-6.4.2/lib' '-L/nix/store/zihzfhfq28wp1yzx86dp1q4zccai745r-gamemode-1.7-lib/lib' '-L/nix/store/76l4v99sk83ylfwkz8wmwrm4s8h73rhd-glibc-2.35-224/lib' '-L/nix/store/2w4k8nvdyiggz717ygbbxchpnxrqc6y9-gcc-12.2.0-lib/lib' '-mtune=generic' '-march=x86-64' '-dumpdir' 'cmTC_ad166.'
gmake[1]: Leaving directory '/workspace/PrismLauncher/CMakeFiles/CMakeScratch/TryCompile-KWXpfP'



Parsed C implicit include dir info from above output: rv=done
  found start of include info
  found start of implicit include info
    add: [/nix/store/va9r2bdg56jc6qizpm6dyb97lnxfrhsy-file-5.44/include]
    add: [/nix/store/jkv8vb24ab371hlsp55fj953kwh01m8n-openjdk-17.0.6+10/include]
    add: [/nix/store/i9cf4vmk6kfqlds56vfllmmz0zdk7rp0-qtbase-6.4.2-dev/include]
    add: [/nix/store/0z5wasald7dmipjpbx8kw31pj0kzjxpg-libxml2-2.10.3-dev/include]
    add: [/nix/store/qgqsyg7gmqy3fz6shvzhcc7m7pkfw2ig-zlib-1.2.13-dev/include]
    add: [/nix/store/i57f5lhc83sfnck9d6rik0dbnbxr9qlw-libxslt-1.1.37-dev/include]
    add: [/nix/store/fyiwac98bi86nd5qzz9bhvs1bvmmwgad-openssl-3.0.8-dev/include]
    add: [/nix/store/i1h2yf133m4rfzgfgl0zdxjxniyy6kvg-sqlite-3.40.1-dev/include]
    add: [/nix/store/ci7r8mfkdg1b4wgawp6fff6ba6vyf33r-unixODBC-2.3.11/include]
    add: [/nix/store/vddrjv0wnknv73njnwzj3in0467dk9qa-harfbuzz-7.0.0-dev/include]
    add: [/nix/store/vgasd5zjsvdvq3w7ik13sfyyj1n0m5v7-graphite2-1.3.14/include]
    add: [/nix/store/86nsxqcmzcc85qzrsczb33jwqgcyl35g-icu4c-72.1-dev/include]
    add: [/nix/store/dra1y7qr8clxdssfx5s1grbg2lvg5ifd-libjpeg-turbo-2.1.4-dev/include]
    add: [/nix/store/463cn57ci7xxwr28c1d68zwbr001ka8h-libpng-apng-1.6.39-dev/include]
    add: [/nix/store/vr9naiikd2k84ygclm3vlr3agbjcgvzi-pcre2-10.42-dev/include]
    add: [/nix/store/zc41j2il39qmw9kfwa0zl37dz4izcjdp-pcre-8.45-dev/include]
    add: [/nix/store/k4w3vafb6k1b3zc2a6v1lr4w0iknnp65-libproxy-0.4.18-dev/include]
    add: [/nix/store/s8axys9hpvwxn5718iwrnyvwms4djz96-zstd-1.5.4-dev/include]
    add: [/nix/store/4hx2f3kfk824b3b44mhjgpph426lnj42-double-conversion-3.2.1/include]
    add: [/nix/store/d9yf24k5n979y1qy03nlj1mnpijhs5rx-libb2-0.98.1/include]
    add: [/nix/store/2pai53mrrahl85w7mbypxmplgx6wfqyd-md4c-0.4.8/include]
    add: [/nix/store/l8d014vy8n42sp6r6j3wjqldylcyvqyk-dbus-1.14.4-dev/include]
    add: [/nix/store/gqvyvc9ckzijwcw641v6qgg7fz8z63mc-expat-2.5.0-dev/include]
    add: [/nix/store/152gsygyjagsirvdg3icmz4px39wddwj-glib-2.74.5-dev/include]
    add: [/nix/store/4j08mgygxhi9y3957hbwqn1bg02va18y-libffi-3.4.4-dev/include]
    add: [/nix/store/ik1vzp6bfwjxxg0cdcbmyl17yzn8idd4-gettext-0.21/include]
    add: [/nix/store/1r3a6ji72zxvkyhqfgq1pymdiyjk93l5-glibc-iconv-2.35/include]
    add: [/nix/store/f04f2mxjzx7s34payvq6lna9qcaall3s-mariadb-connector-odbc-3.1.14/include]
    add: [/nix/store/2gm71c7yljswz2yz3i6125nx2rwkg9n6-systemd-252.5-dev/include]
    add: [/nix/store/1gb83p8c3fkjqyb0l30lz0303jhv088k-util-linux-2.38.1-dev/include]
    add: [/nix/store/xj6h98v3mjiqmwqv6zbw51xd3lgzdz7p-mtdev-1.1.6/include]
    add: [/nix/store/zmqdq7fj6h273kxz969wr3h7g1jhzgz4-lksctp-tools-1.0.17/include]
    add: [/nix/store/dvgpj4kwxp5pxhax93zqv80b4ql8xwla-libselinux-3.3-dev/include]
    add: [/nix/store/0p1v5zn2mb55xs9297x5p7vgdnhrjjmf-libsepol-3.3-dev/include]
    add: [/nix/store/zl2rzaxviah8cpknrlnpawpfvmjvjh0d-lttng-ust-2.13.1-dev/include]
    add: [/nix/store/0hhi25jwagxm00kjwmh2zl395cgfdrfh-liburcu-0.13.2/include]
    add: [/nix/store/k7pydn7w2dd03cchddkgzdb94brxisp9-vulkan-headers-1.3.239.0/include]
    add: [/nix/store/gxsg7g5higv817948fw3jyamypfc229g-libthai-0.1.29-dev/include]
    add: [/nix/store/hq2n7bnn6z2p0p94n4mixbbrsyi1qbdf-libdrm-2.4.114-dev/include]
    add: [/nix/store/bin4ww0irasbdvhqqg8lcwjg3025x4pq-libdatrie-2019-12-20-dev/include]
    add: [/nix/store/6bdds6632r9fp7mrh27qxjv90d7lzh0y-fontconfig-2.14.0-dev/include]
    add: [/nix/store/ybd7brnb5kavanvz40mg2p5pmgnczi85-freetype-2.12.1-dev/include]
    add: [/nix/store/abs0rlwm6jh4l1k831fvqggpgfrs91pv-bzip2-1.0.8-dev/include]
    add: [/nix/store/84r63sb6w4l1y1ab3vmk3xg84is027y2-brotli-1.0.9-dev/include]
    add: [/nix/store/q2sjb83p9kh7j653237wr5xzsdc17sgj-libX11-1.8.4-dev/include]
    add: [/nix/store/9d1fbfvijywjsxh5b060qy5dd01cqbrs-xorgproto-2021.5/include]
    add: [/nix/store/rr353rjxy36vvakib4cyajjj2r3gqw5x-libxcb-1.14-dev/include]
    add: [/nix/store/j4i01gassjbbm5i3x4qczy21pmfw05q2-libXcomposite-0.4.5-dev/include]
    add: [/nix/store/dbbvxfbsix59452vbjngfndr8xddb3nc-libXfixes-6.0.0-dev/include]
    add: [/nix/store/f5blw2z7jr4h2qkzfdmjkwak142353rq-libXext-1.3.4-dev/include]
    add: [/nix/store/jhxfmh0lh0dkk11fpys8350w8hk7ljf7-libXau-1.0.9-dev/include]
    add: [/nix/store/dci0q5r0v1j5d7vryy13as7banrix0sj-libXi-1.8-dev/include]
    add: [/nix/store/slpgdz4ha0w6y2c25n0ljda4536p9yi4-libXrender-0.9.10-dev/include]
    add: [/nix/store/l01q7h5h4wxr880jzxpc5fdrwnbqxfzn-libxkbcommon-1.5.0-dev/include]
    add: [/nix/store/9qzw3zscs3b4gc97bsaq991iifgz4977-xcb-util-0.4.0-dev/include]
    add: [/nix/store/cwvwhmigx77mydbv1h51pp2l2vijr2rs-xcb-util-image-0.4.0-dev/include]
    add: [/nix/store/v0qpk37hyfrpgga44f58yrb36gpay3ks-xcb-util-keysyms-0.4.0-dev/include]
    add: [/nix/store/x45m835963ss4all6g03wms91284j904-xcb-util-renderutil-0.3.9-dev/include]
    add: [/nix/store/qhjq1dap6j4h5g3srizm6dkshz63zdwv-xcb-util-wm-0.4.1-dev/include]
    add: [/nix/store/dzkwzx2qnhsx7938ywxqvygw5n28gy63-libXdmcp-1.1.3-dev/include]
    add: [/nix/store/75jd6r549krqxk1iq5cl4slrr4vci11n-libXtst-1.2.3/include]
    add: [/nix/store/rkz9zhzj975y9hvb8kav017da08hgq2b-xcb-util-cursor-0.1.3-dev/include]
    add: [/nix/store/dvrxv7fvlkj5cbjq6262m6f4jdpdvmxx-libepoxy-1.5.10-dev/include]
    add: [/nix/store/fqwihpqn2wmhjqw251w1r7dyw659abrh-libGL-1.6.0-dev/include]
    add: [/nix/store/xr3l5mnqwgminijy321myshjx6w55530-qtsvg-6.4.2-dev/include]
    add: [/nix/store/a85vmwd6cgixmd25226zr4awdvh50xyd-quazip-1.3-dev/include]
    add: [/nix/store/jf4k9zv0nn0dij7jyh9cb7l2s4h5p65y-qt5compat-6.4.2-dev/include]
    add: [/nix/store/cj4cjywrz168aijw38dysql6ksafnbjs-qtdeclarative-6.4.2-dev/include]
    add: [/nix/store/mnpx93zc62xwqlkx0bycrab6604cdhcm-qtshadertools-6.4.2-dev/include]
    add: [/nix/store/iw1vmh509hcbby8dbpsaanbri4zsq7dj-python3-3.10.10/include]
    add: [/nix/store/h9a8m4y88pn2jg8h96j6i2blgzarrvcx-filesystem-1.5.12/include]
    add: [/nix/store/5ymj2l7wacvb1b154v5mhlhng406ds0k-tomlplusplus-3.3.0/include]
    add: [/nix/store/dkbq5hvylsc0d76lgmwyx4jm2pld63sl-cmark-0.30.3/include]
    add: [/nix/store/4gxhcwhrh92pn91ax09wxgqg2pqj9i61-qtwayland-6.4.2-dev/include]
    add: [/nix/store/wzrqym8dzidzhvm5h308kzqcan2zbf5j-gamemode-1.7-dev/include]
    add: [/nix/store/wx4nsqbssywgx9zkabwgl9sxm5l61ni3-gcc-12.2.0/lib/gcc/x86_64-unknown-linux-gnu/12.2.0/include]
    add: [/nix/store/wx4nsqbssywgx9zkabwgl9sxm5l61ni3-gcc-12.2.0/include]
    add: [/nix/store/wx4nsqbssywgx9zkabwgl9sxm5l61ni3-gcc-12.2.0/lib/gcc/x86_64-unknown-linux-gnu/12.2.0/include-fixed]
    add: [/nix/store/pqnd39aq2sksad2zvswjcpkqdc7ig3f9-glibc-2.35-224-dev/include]
  end of search list found
  collapse include dir [/nix/store/va9r2bdg56jc6qizpm6dyb97lnxfrhsy-file-5.44/include] ==> [/nix/store/va9r2bdg56jc6qizpm6dyb97lnxfrhsy-file-5.44/include]
  collapse include dir [/nix/store/jkv8vb24ab371hlsp55fj953kwh01m8n-openjdk-17.0.6+10/include] ==> [/nix/store/jkv8vb24ab371hlsp55fj953kwh01m8n-openjdk-17.0.6+10/include]
  collapse include dir [/nix/store/i9cf4vmk6kfqlds56vfllmmz0zdk7rp0-qtbase-6.4.2-dev/include] ==> [/nix/store/i9cf4vmk6kfqlds56vfllmmz0zdk7rp0-qtbase-6.4.2-dev/include]
  collapse include dir [/nix/store/0z5wasald7dmipjpbx8kw31pj0kzjxpg-libxml2-2.10.3-dev/include] ==> [/nix/store/0z5wasald7dmipjpbx8kw31pj0kzjxpg-libxml2-2.10.3-dev/include]
  collapse include dir [/nix/store/qgqsyg7gmqy3fz6shvzhcc7m7pkfw2ig-zlib-1.2.13-dev/include] ==> [/nix/store/qgqsyg7gmqy3fz6shvzhcc7m7pkfw2ig-zlib-1.2.13-dev/include]
  collapse include dir [/nix/store/i57f5lhc83sfnck9d6rik0dbnbxr9qlw-libxslt-1.1.37-dev/include] ==> [/nix/store/i57f5lhc83sfnck9d6rik0dbnbxr9qlw-libxslt-1.1.37-dev/include]
  collapse include dir [/nix/store/fyiwac98bi86nd5qzz9bhvs1bvmmwgad-openssl-3.0.8-dev/include] ==> [/nix/store/fyiwac98bi86nd5qzz9bhvs1bvmmwgad-openssl-3.0.8-dev/include]
  collapse include dir [/nix/store/i1h2yf133m4rfzgfgl0zdxjxniyy6kvg-sqlite-3.40.1-dev/include] ==> [/nix/store/i1h2yf133m4rfzgfgl0zdxjxniyy6kvg-sqlite-3.40.1-dev/include]
  collapse include dir [/nix/store/ci7r8mfkdg1b4wgawp6fff6ba6vyf33r-unixODBC-2.3.11/include] ==> [/nix/store/ci7r8mfkdg1b4wgawp6fff6ba6vyf33r-unixODBC-2.3.11/include]
  collapse include dir [/nix/store/vddrjv0wnknv73njnwzj3in0467dk9qa-harfbuzz-7.0.0-dev/include] ==> [/nix/store/vddrjv0wnknv73njnwzj3in0467dk9qa-harfbuzz-7.0.0-dev/include]
  collapse include dir [/nix/store/vgasd5zjsvdvq3w7ik13sfyyj1n0m5v7-graphite2-1.3.14/include] ==> [/nix/store/vgasd5zjsvdvq3w7ik13sfyyj1n0m5v7-graphite2-1.3.14/include]
  collapse include dir [/nix/store/86nsxqcmzcc85qzrsczb33jwqgcyl35g-icu4c-72.1-dev/include] ==> [/nix/store/86nsxqcmzcc85qzrsczb33jwqgcyl35g-icu4c-72.1-dev/include]
  collapse include dir [/nix/store/dra1y7qr8clxdssfx5s1grbg2lvg5ifd-libjpeg-turbo-2.1.4-dev/include] ==> [/nix/store/dra1y7qr8clxdssfx5s1grbg2lvg5ifd-libjpeg-turbo-2.1.4-dev/include]
  collapse include dir [/nix/store/463cn57ci7xxwr28c1d68zwbr001ka8h-libpng-apng-1.6.39-dev/include] ==> [/nix/store/463cn57ci7xxwr28c1d68zwbr001ka8h-libpng-apng-1.6.39-dev/include]
  collapse include dir [/nix/store/vr9naiikd2k84ygclm3vlr3agbjcgvzi-pcre2-10.42-dev/include] ==> [/nix/store/vr9naiikd2k84ygclm3vlr3agbjcgvzi-pcre2-10.42-dev/include]
  collapse include dir [/nix/store/zc41j2il39qmw9kfwa0zl37dz4izcjdp-pcre-8.45-dev/include] ==> [/nix/store/zc41j2il39qmw9kfwa0zl37dz4izcjdp-pcre-8.45-dev/include]
  collapse include dir [/nix/store/k4w3vafb6k1b3zc2a6v1lr4w0iknnp65-libproxy-0.4.18-dev/include] ==> [/nix/store/k4w3vafb6k1b3zc2a6v1lr4w0iknnp65-libproxy-0.4.18-dev/include]
  collapse include dir [/nix/store/s8axys9hpvwxn5718iwrnyvwms4djz96-zstd-1.5.4-dev/include] ==> [/nix/store/s8axys9hpvwxn5718iwrnyvwms4djz96-zstd-1.5.4-dev/include]
  collapse include dir [/nix/store/4hx2f3kfk824b3b44mhjgpph426lnj42-double-conversion-3.2.1/include] ==> [/nix/store/4hx2f3kfk824b3b44mhjgpph426lnj42-double-conversion-3.2.1/include]
  collapse include dir [/nix/store/d9yf24k5n979y1qy03nlj1mnpijhs5rx-libb2-0.98.1/include] ==> [/nix/store/d9yf24k5n979y1qy03nlj1mnpijhs5rx-libb2-0.98.1/include]
  collapse include dir [/nix/store/2pai53mrrahl85w7mbypxmplgx6wfqyd-md4c-0.4.8/include] ==> [/nix/store/2pai53mrrahl85w7mbypxmplgx6wfqyd-md4c-0.4.8/include]
  collapse include dir [/nix/store/l8d014vy8n42sp6r6j3wjqldylcyvqyk-dbus-1.14.4-dev/include] ==> [/nix/store/l8d014vy8n42sp6r6j3wjqldylcyvqyk-dbus-1.14.4-dev/include]
  collapse include dir [/nix/store/gqvyvc9ckzijwcw641v6qgg7fz8z63mc-expat-2.5.0-dev/include] ==> [/nix/store/gqvyvc9ckzijwcw641v6qgg7fz8z63mc-expat-2.5.0-dev/include]
  collapse include dir [/nix/store/152gsygyjagsirvdg3icmz4px39wddwj-glib-2.74.5-dev/include] ==> [/nix/store/152gsygyjagsirvdg3icmz4px39wddwj-glib-2.74.5-dev/include]
  collapse include dir [/nix/store/4j08mgygxhi9y3957hbwqn1bg02va18y-libffi-3.4.4-dev/include] ==> [/nix/store/4j08mgygxhi9y3957hbwqn1bg02va18y-libffi-3.4.4-dev/include]
  collapse include dir [/nix/store/ik1vzp6bfwjxxg0cdcbmyl17yzn8idd4-gettext-0.21/include] ==> [/nix/store/ik1vzp6bfwjxxg0cdcbmyl17yzn8idd4-gettext-0.21/include]
  collapse include dir [/nix/store/1r3a6ji72zxvkyhqfgq1pymdiyjk93l5-glibc-iconv-2.35/include] ==> [/nix/store/1r3a6ji72zxvkyhqfgq1pymdiyjk93l5-glibc-iconv-2.35/include]
  collapse include dir [/nix/store/f04f2mxjzx7s34payvq6lna9qcaall3s-mariadb-connector-odbc-3.1.14/include] ==> [/nix/store/f04f2mxjzx7s34payvq6lna9qcaall3s-mariadb-connector-odbc-3.1.14/include]
  collapse include dir [/nix/store/2gm71c7yljswz2yz3i6125nx2rwkg9n6-systemd-252.5-dev/include] ==> [/nix/store/2gm71c7yljswz2yz3i6125nx2rwkg9n6-systemd-252.5-dev/include]
  collapse include dir [/nix/store/1gb83p8c3fkjqyb0l30lz0303jhv088k-util-linux-2.38.1-dev/include] ==> [/nix/store/1gb83p8c3fkjqyb0l30lz0303jhv088k-util-linux-2.38.1-dev/include]
  collapse include dir [/nix/store/xj6h98v3mjiqmwqv6zbw51xd3lgzdz7p-mtdev-1.1.6/include] ==> [/nix/store/xj6h98v3mjiqmwqv6zbw51xd3lgzdz7p-mtdev-1.1.6/include]
  collapse include dir [/nix/store/zmqdq7fj6h273kxz969wr3h7g1jhzgz4-lksctp-tools-1.0.17/include] ==> [/nix/store/zmqdq7fj6h273kxz969wr3h7g1jhzgz4-lksctp-tools-1.0.17/include]
  collapse include dir [/nix/store/dvgpj4kwxp5pxhax93zqv80b4ql8xwla-libselinux-3.3-dev/include] ==> [/nix/store/dvgpj4kwxp5pxhax93zqv80b4ql8xwla-libselinux-3.3-dev/include]
  collapse include dir [/nix/store/0p1v5zn2mb55xs9297x5p7vgdnhrjjmf-libsepol-3.3-dev/include] ==> [/nix/store/0p1v5zn2mb55xs9297x5p7vgdnhrjjmf-libsepol-3.3-dev/include]
  collapse include dir [/nix/store/zl2rzaxviah8cpknrlnpawpfvmjvjh0d-lttng-ust-2.13.1-dev/include] ==> [/nix/store/zl2rzaxviah8cpknrlnpawpfvmjvjh0d-lttng-ust-2.13.1-dev/include]
  collapse include dir [/nix/store/0hhi25jwagxm00kjwmh2zl395cgfdrfh-liburcu-0.13.2/include] ==> [/nix/store/0hhi25jwagxm00kjwmh2zl395cgfdrfh-liburcu-0.13.2/include]
  collapse include dir [/nix/store/k7pydn7w2dd03cchddkgzdb94brxisp9-vulkan-headers-1.3.239.0/include] ==> [/nix/store/k7pydn7w2dd03cchddkgzdb94brxisp9-vulkan-headers-1.3.239.0/include]
  collapse include dir [/nix/store/gxsg7g5higv817948fw3jyamypfc229g-libthai-0.1.29-dev/include] ==> [/nix/store/gxsg7g5higv817948fw3jyamypfc229g-libthai-0.1.29-dev/include]
  collapse include dir [/nix/store/hq2n7bnn6z2p0p94n4mixbbrsyi1qbdf-libdrm-2.4.114-dev/include] ==> [/nix/store/hq2n7bnn6z2p0p94n4mixbbrsyi1qbdf-libdrm-2.4.114-dev/include]
  collapse include dir [/nix/store/bin4ww0irasbdvhqqg8lcwjg3025x4pq-libdatrie-2019-12-20-dev/include] ==> [/nix/store/bin4ww0irasbdvhqqg8lcwjg3025x4pq-libdatrie-2019-12-20-dev/include]
  collapse include dir [/nix/store/6bdds6632r9fp7mrh27qxjv90d7lzh0y-fontconfig-2.14.0-dev/include] ==> [/nix/store/6bdds6632r9fp7mrh27qxjv90d7lzh0y-fontconfig-2.14.0-dev/include]
  collapse include dir [/nix/store/ybd7brnb5kavanvz40mg2p5pmgnczi85-freetype-2.12.1-dev/include] ==> [/nix/store/ybd7brnb5kavanvz40mg2p5pmgnczi85-freetype-2.12.1-dev/include]
  collapse include dir [/nix/store/abs0rlwm6jh4l1k831fvqggpgfrs91pv-bzip2-1.0.8-dev/include] ==> [/nix/store/abs0rlwm6jh4l1k831fvqggpgfrs91pv-bzip2-1.0.8-dev/include]
  collapse include dir [/nix/store/84r63sb6w4l1y1ab3vmk3xg84is027y2-brotli-1.0.9-dev/include] ==> [/nix/store/84r63sb6w4l1y1ab3vmk3xg84is027y2-brotli-1.0.9-dev/include]
  collapse include dir [/nix/store/q2sjb83p9kh7j653237wr5xzsdc17sgj-libX11-1.8.4-dev/include] ==> [/nix/store/q2sjb83p9kh7j653237wr5xzsdc17sgj-libX11-1.8.4-dev/include]
  collapse include dir [/nix/store/9d1fbfvijywjsxh5b060qy5dd01cqbrs-xorgproto-2021.5/include] ==> [/nix/store/9d1fbfvijywjsxh5b060qy5dd01cqbrs-xorgproto-2021.5/include]
  collapse include dir [/nix/store/rr353rjxy36vvakib4cyajjj2r3gqw5x-libxcb-1.14-dev/include] ==> [/nix/store/rr353rjxy36vvakib4cyajjj2r3gqw5x-libxcb-1.14-dev/include]
  collapse include dir [/nix/store/j4i01gassjbbm5i3x4qczy21pmfw05q2-libXcomposite-0.4.5-dev/include] ==> [/nix/store/j4i01gassjbbm5i3x4qczy21pmfw05q2-libXcomposite-0.4.5-dev/include]
  collapse include dir [/nix/store/dbbvxfbsix59452vbjngfndr8xddb3nc-libXfixes-6.0.0-dev/include] ==> [/nix/store/dbbvxfbsix59452vbjngfndr8xddb3nc-libXfixes-6.0.0-dev/include]
  collapse include dir [/nix/store/f5blw2z7jr4h2qkzfdmjkwak142353rq-libXext-1.3.4-dev/include] ==> [/nix/store/f5blw2z7jr4h2qkzfdmjkwak142353rq-libXext-1.3.4-dev/include]
  collapse include dir [/nix/store/jhxfmh0lh0dkk11fpys8350w8hk7ljf7-libXau-1.0.9-dev/include] ==> [/nix/store/jhxfmh0lh0dkk11fpys8350w8hk7ljf7-libXau-1.0.9-dev/include]
  collapse include dir [/nix/store/dci0q5r0v1j5d7vryy13as7banrix0sj-libXi-1.8-dev/include] ==> [/nix/store/dci0q5r0v1j5d7vryy13as7banrix0sj-libXi-1.8-dev/include]
  collapse include dir [/nix/store/slpgdz4ha0w6y2c25n0ljda4536p9yi4-libXrender-0.9.10-dev/include] ==> [/nix/store/slpgdz4ha0w6y2c25n0ljda4536p9yi4-libXrender-0.9.10-dev/include]
  collapse include dir [/nix/store/l01q7h5h4wxr880jzxpc5fdrwnbqxfzn-libxkbcommon-1.5.0-dev/include] ==> [/nix/store/l01q7h5h4wxr880jzxpc5fdrwnbqxfzn-libxkbcommon-1.5.0-dev/include]
  collapse include dir [/nix/store/9qzw3zscs3b4gc97bsaq991iifgz4977-xcb-util-0.4.0-dev/include] ==> [/nix/store/9qzw3zscs3b4gc97bsaq991iifgz4977-xcb-util-0.4.0-dev/include]
  collapse include dir [/nix/store/cwvwhmigx77mydbv1h51pp2l2vijr2rs-xcb-util-image-0.4.0-dev/include] ==> [/nix/store/cwvwhmigx77mydbv1h51pp2l2vijr2rs-xcb-util-image-0.4.0-dev/include]
  collapse include dir [/nix/store/v0qpk37hyfrpgga44f58yrb36gpay3ks-xcb-util-keysyms-0.4.0-dev/include] ==> [/nix/store/v0qpk37hyfrpgga44f58yrb36gpay3ks-xcb-util-keysyms-0.4.0-dev/include]
  collapse include dir [/nix/store/x45m835963ss4all6g03wms91284j904-xcb-util-renderutil-0.3.9-dev/include] ==> [/nix/store/x45m835963ss4all6g03wms91284j904-xcb-util-renderutil-0.3.9-dev/include]
  collapse include dir [/nix/store/qhjq1dap6j4h5g3srizm6dkshz63zdwv-xcb-util-wm-0.4.1-dev/include] ==> [/nix/store/qhjq1dap6j4h5g3srizm6dkshz63zdwv-xcb-util-wm-0.4.1-dev/include]
  collapse include dir [/nix/store/dzkwzx2qnhsx7938ywxqvygw5n28gy63-libXdmcp-1.1.3-dev/include] ==> [/nix/store/dzkwzx2qnhsx7938ywxqvygw5n28gy63-libXdmcp-1.1.3-dev/include]
  collapse include dir [/nix/store/75jd6r549krqxk1iq5cl4slrr4vci11n-libXtst-1.2.3/include] ==> [/nix/store/75jd6r549krqxk1iq5cl4slrr4vci11n-libXtst-1.2.3/include]
  collapse include dir [/nix/store/rkz9zhzj975y9hvb8kav017da08hgq2b-xcb-util-cursor-0.1.3-dev/include] ==> [/nix/store/rkz9zhzj975y9hvb8kav017da08hgq2b-xcb-util-cursor-0.1.3-dev/include]
  collapse include dir [/nix/store/dvrxv7fvlkj5cbjq6262m6f4jdpdvmxx-libepoxy-1.5.10-dev/include] ==> [/nix/store/dvrxv7fvlkj5cbjq6262m6f4jdpdvmxx-libepoxy-1.5.10-dev/include]
  collapse include dir [/nix/store/fqwihpqn2wmhjqw251w1r7dyw659abrh-libGL-1.6.0-dev/include] ==> [/nix/store/fqwihpqn2wmhjqw251w1r7dyw659abrh-libGL-1.6.0-dev/include]
  collapse include dir [/nix/store/xr3l5mnqwgminijy321myshjx6w55530-qtsvg-6.4.2-dev/include] ==> [/nix/store/xr3l5mnqwgminijy321myshjx6w55530-qtsvg-6.4.2-dev/include]
  collapse include dir [/nix/store/a85vmwd6cgixmd25226zr4awdvh50xyd-quazip-1.3-dev/include] ==> [/nix/store/a85vmwd6cgixmd25226zr4awdvh50xyd-quazip-1.3-dev/include]
  collapse include dir [/nix/store/jf4k9zv0nn0dij7jyh9cb7l2s4h5p65y-qt5compat-6.4.2-dev/include] ==> [/nix/store/jf4k9zv0nn0dij7jyh9cb7l2s4h5p65y-qt5compat-6.4.2-dev/include]
  collapse include dir [/nix/store/cj4cjywrz168aijw38dysql6ksafnbjs-qtdeclarative-6.4.2-dev/include] ==> [/nix/store/cj4cjywrz168aijw38dysql6ksafnbjs-qtdeclarative-6.4.2-dev/include]
  collapse include dir [/nix/store/mnpx93zc62xwqlkx0bycrab6604cdhcm-qtshadertools-6.4.2-dev/include] ==> [/nix/store/mnpx93zc62xwqlkx0bycrab6604cdhcm-qtshadertools-6.4.2-dev/include]
  collapse include dir [/nix/store/iw1vmh509hcbby8dbpsaanbri4zsq7dj-python3-3.10.10/include] ==> [/nix/store/iw1vmh509hcbby8dbpsaanbri4zsq7dj-python3-3.10.10/include]
  collapse include dir [/nix/store/h9a8m4y88pn2jg8h96j6i2blgzarrvcx-filesystem-1.5.12/include] ==> [/nix/store/h9a8m4y88pn2jg8h96j6i2blgzarrvcx-filesystem-1.5.12/include]
  collapse include dir [/nix/store/5ymj2l7wacvb1b154v5mhlhng406ds0k-tomlplusplus-3.3.0/include] ==> [/nix/store/5ymj2l7wacvb1b154v5mhlhng406ds0k-tomlplusplus-3.3.0/include]
  collapse include dir [/nix/store/dkbq5hvylsc0d76lgmwyx4jm2pld63sl-cmark-0.30.3/include] ==> [/nix/store/dkbq5hvylsc0d76lgmwyx4jm2pld63sl-cmark-0.30.3/include]
  collapse include dir [/nix/store/4gxhcwhrh92pn91ax09wxgqg2pqj9i61-qtwayland-6.4.2-dev/include] ==> [/nix/store/4gxhcwhrh92pn91ax09wxgqg2pqj9i61-qtwayland-6.4.2-dev/include]
  collapse include dir [/nix/store/wzrqym8dzidzhvm5h308kzqcan2zbf5j-gamemode-1.7-dev/include] ==> [/nix/store/wzrqym8dzidzhvm5h308kzqcan2zbf5j-gamemode-1.7-dev/include]
  collapse include dir [/nix/store/wx4nsqbssywgx9zkabwgl9sxm5l61ni3-gcc-12.2.0/lib/gcc/x86_64-unknown-linux-gnu/12.2.0/include] ==> [/nix/store/wx4nsqbssywgx9zkabwgl9sxm5l61ni3-gcc-12.2.0/lib/gcc/x86_64-unknown-linux-gnu/12.2.0/include]
  collapse include dir [/nix/store/wx4nsqbssywgx9zkabwgl9sxm5l61ni3-gcc-12.2.0/include] ==> [/nix/store/wx4nsqbssywgx9zkabwgl9sxm5l61ni3-gcc-12.2.0/include]
  collapse include dir [/nix/store/wx4nsqbssywgx9zkabwgl9sxm5l61ni3-gcc-12.2.0/lib/gcc/x86_64-unknown-linux-gnu/12.2.0/include-fixed] ==> [/nix/store/wx4nsqbssywgx9zkabwgl9sxm5l61ni3-gcc-12.2.0/lib/gcc/x86_64-unknown-linux-gnu/12.2.0/include-fixed]
  collapse include dir [/nix/store/pqnd39aq2sksad2zvswjcpkqdc7ig3f9-glibc-2.35-224-dev/include] ==> [/nix/store/pqnd39aq2sksad2zvswjcpkqdc7ig3f9-glibc-2.35-224-dev/include]
  implicit include dirs: [/nix/store/va9r2bdg56jc6qizpm6dyb97lnxfrhsy-file-5.44/include;/nix/store/jkv8vb24ab371hlsp55fj953kwh01m8n-openjdk-17.0.6+10/include;/nix/store/i9cf4vmk6kfqlds56vfllmmz0zdk7rp0-qtbase-6.4.2-dev/include;/nix/store/0z5wasald7dmipjpbx8kw31pj0kzjxpg-libxml2-2.10.3-dev/include;/nix/store/qgqsyg7gmqy3fz6shvzhcc7m7pkfw2ig-zlib-1.2.13-dev/include;/nix/store/i57f5lhc83sfnck9d6rik0dbnbxr9qlw-libxslt-1.1.37-dev/include;/nix/store/fyiwac98bi86nd5qzz9bhvs1bvmmwgad-openssl-3.0.8-dev/include;/nix/store/i1h2yf133m4rfzgfgl0zdxjxniyy6kvg-sqlite-3.40.1-dev/include;/nix/store/ci7r8mfkdg1b4wgawp6fff6ba6vyf33r-unixODBC-2.3.11/include;/nix/store/vddrjv0wnknv73njnwzj3in0467dk9qa-harfbuzz-7.0.0-dev/include;/nix/store/vgasd5zjsvdvq3w7ik13sfyyj1n0m5v7-graphite2-1.3.14/include;/nix/store/86nsxqcmzcc85qzrsczb33jwqgcyl35g-icu4c-72.1-dev/include;/nix/store/dra1y7qr8clxdssfx5s1grbg2lvg5ifd-libjpeg-turbo-2.1.4-dev/include;/nix/store/463cn57ci7xxwr28c1d68zwbr001ka8h-libpng-apng-1.6.39-dev/include;/nix/store/vr9naiikd2k84ygclm3vlr3agbjcgvzi-pcre2-10.42-dev/include;/nix/store/zc41j2il39qmw9kfwa0zl37dz4izcjdp-pcre-8.45-dev/include;/nix/store/k4w3vafb6k1b3zc2a6v1lr4w0iknnp65-libproxy-0.4.18-dev/include;/nix/store/s8axys9hpvwxn5718iwrnyvwms4djz96-zstd-1.5.4-dev/include;/nix/store/4hx2f3kfk824b3b44mhjgpph426lnj42-double-conversion-3.2.1/include;/nix/store/d9yf24k5n979y1qy03nlj1mnpijhs5rx-libb2-0.98.1/include;/nix/store/2pai53mrrahl85w7mbypxmplgx6wfqyd-md4c-0.4.8/include;/nix/store/l8d014vy8n42sp6r6j3wjqldylcyvqyk-dbus-1.14.4-dev/include;/nix/store/gqvyvc9ckzijwcw641v6qgg7fz8z63mc-expat-2.5.0-dev/include;/nix/store/152gsygyjagsirvdg3icmz4px39wddwj-glib-2.74.5-dev/include;/nix/store/4j08mgygxhi9y3957hbwqn1bg02va18y-libffi-3.4.4-dev/include;/nix/store/ik1vzp6bfwjxxg0cdcbmyl17yzn8idd4-gettext-0.21/include;/nix/store/1r3a6ji72zxvkyhqfgq1pymdiyjk93l5-glibc-iconv-2.35/include;/nix/store/f04f2mxjzx7s34payvq6lna9qcaall3s-mariadb-connector-odbc-3.1.14/include;/nix/store/2gm71c7yljswz2yz3i6125nx2rwkg9n6-systemd-252.5-dev/include;/nix/store/1gb83p8c3fkjqyb0l30lz0303jhv088k-util-linux-2.38.1-dev/include;/nix/store/xj6h98v3mjiqmwqv6zbw51xd3lgzdz7p-mtdev-1.1.6/include;/nix/store/zmqdq7fj6h273kxz969wr3h7g1jhzgz4-lksctp-tools-1.0.17/include;/nix/store/dvgpj4kwxp5pxhax93zqv80b4ql8xwla-libselinux-3.3-dev/include;/nix/store/0p1v5zn2mb55xs9297x5p7vgdnhrjjmf-libsepol-3.3-dev/include;/nix/store/zl2rzaxviah8cpknrlnpawpfvmjvjh0d-lttng-ust-2.13.1-dev/include;/nix/store/0hhi25jwagxm00kjwmh2zl395cgfdrfh-liburcu-0.13.2/include;/nix/store/k7pydn7w2dd03cchddkgzdb94brxisp9-vulkan-headers-1.3.239.0/include;/nix/store/gxsg7g5higv817948fw3jyamypfc229g-libthai-0.1.29-dev/include;/nix/store/hq2n7bnn6z2p0p94n4mixbbrsyi1qbdf-libdrm-2.4.114-dev/include;/nix/store/bin4ww0irasbdvhqqg8lcwjg3025x4pq-libdatrie-2019-12-20-dev/include;/nix/store/6bdds6632r9fp7mrh27qxjv90d7lzh0y-fontconfig-2.14.0-dev/include;/nix/store/ybd7brnb5kavanvz40mg2p5pmgnczi85-freetype-2.12.1-dev/include;/nix/store/abs0rlwm6jh4l1k831fvqggpgfrs91pv-bzip2-1.0.8-dev/include;/nix/store/84r63sb6w4l1y1ab3vmk3xg84is027y2-brotli-1.0.9-dev/include;/nix/store/q2sjb83p9kh7j653237wr5xzsdc17sgj-libX11-1.8.4-dev/include;/nix/store/9d1fbfvijywjsxh5b060qy5dd01cqbrs-xorgproto-2021.5/include;/nix/store/rr353rjxy36vvakib4cyajjj2r3gqw5x-libxcb-1.14-dev/include;/nix/store/j4i01gassjbbm5i3x4qczy21pmfw05q2-libXcomposite-0.4.5-dev/include;/nix/store/dbbvxfbsix59452vbjngfndr8xddb3nc-libXfixes-6.0.0-dev/include;/nix/store/f5blw2z7jr4h2qkzfdmjkwak142353rq-libXext-1.3.4-dev/include;/nix/store/jhxfmh0lh0dkk11fpys8350w8hk7ljf7-libXau-1.0.9-dev/include;/nix/store/dci0q5r0v1j5d7vryy13as7banrix0sj-libXi-1.8-dev/include;/nix/store/slpgdz4ha0w6y2c25n0ljda4536p9yi4-libXrender-0.9.10-dev/include;/nix/store/l01q7h5h4wxr880jzxpc5fdrwnbqxfzn-libxkbcommon-1.5.0-dev/include;/nix/store/9qzw3zscs3b4gc97bsaq991iifgz4977-xcb-util-0.4.0-dev/include;/nix/store/cwvwhmigx77mydbv1h51pp2l2vijr2rs-xcb-util-image-0.4.0-dev/include;/nix/store/v0qpk37hyfrpgga44f58yrb36gpay3ks-xcb-util-keysyms-0.4.0-dev/include;/nix/store/x45m835963ss4all6g03wms91284j904-xcb-util-renderutil-0.3.9-dev/include;/nix/store/qhjq1dap6j4h5g3srizm6dkshz63zdwv-xcb-util-wm-0.4.1-dev/include;/nix/store/dzkwzx2qnhsx7938ywxqvygw5n28gy63-libXdmcp-1.1.3-dev/include;/nix/store/75jd6r549krqxk1iq5cl4slrr4vci11n-libXtst-1.2.3/include;/nix/store/rkz9zhzj975y9hvb8kav017da08hgq2b-xcb-util-cursor-0.1.3-dev/include;/nix/store/dvrxv7fvlkj5cbjq6262m6f4jdpdvmxx-libepoxy-1.5.10-dev/include;/nix/store/fqwihpqn2wmhjqw251w1r7dyw659abrh-libGL-1.6.0-dev/include;/nix/store/xr3l5mnqwgminijy321myshjx6w55530-qtsvg-6.4.2-dev/include;/nix/store/a85vmwd6cgixmd25226zr4awdvh50xyd-quazip-1.3-dev/include;/nix/store/jf4k9zv0nn0dij7jyh9cb7l2s4h5p65y-qt5compat-6.4.2-dev/include;/nix/store/cj4cjywrz168aijw38dysql6ksafnbjs-qtdeclarative-6.4.2-dev/include;/nix/store/mnpx93zc62xwqlkx0bycrab6604cdhcm-qtshadertools-6.4.2-dev/include;/nix/store/iw1vmh509hcbby8dbpsaanbri4zsq7dj-python3-3.10.10/include;/nix/store/h9a8m4y88pn2jg8h96j6i2blgzarrvcx-filesystem-1.5.12/include;/nix/store/5ymj2l7wacvb1b154v5mhlhng406ds0k-tomlplusplus-3.3.0/include;/nix/store/dkbq5hvylsc0d76lgmwyx4jm2pld63sl-cmark-0.30.3/include;/nix/store/4gxhcwhrh92pn91ax09wxgqg2pqj9i61-qtwayland-6.4.2-dev/include;/nix/store/wzrqym8dzidzhvm5h308kzqcan2zbf5j-gamemode-1.7-dev/include;/nix/store/wx4nsqbssywgx9zkabwgl9sxm5l61ni3-gcc-12.2.0/lib/gcc/x86_64-unknown-linux-gnu/12.2.0/include;/nix/store/wx4nsqbssywgx9zkabwgl9sxm5l61ni3-gcc-12.2.0/include;/nix/store/wx4nsqbssywgx9zkabwgl9sxm5l61ni3-gcc-12.2.0/lib/gcc/x86_64-unknown-linux-gnu/12.2.0/include-fixed;/nix/store/pqnd39aq2sksad2zvswjcpkqdc7ig3f9-glibc-2.35-224-dev/include]


Parsed C implicit link information from above output:
  link line regex: [^( *|.*[/\])(ld|CMAKE_LINK_STARTFILE-NOTFOUND|([^/\]+-)?ld|collect2)[^/\]*( |$)]
  ignore line: [Change Dir: /workspace/PrismLauncher/CMakeFiles/CMakeScratch/TryCompile-KWXpfP]
  ignore line: []
  ignore line: [Run Build Command(s):/usr/bin/gmake -f Makefile cmTC_ad166/fast && /usr/bin/gmake  -f CMakeFiles/cmTC_ad166.dir/build.make CMakeFiles/cmTC_ad166.dir/build]
  ignore line: [gmake[1]: Entering directory '/workspace/PrismLauncher/CMakeFiles/CMakeScratch/TryCompile-KWXpfP']
  ignore line: [Building C object CMakeFiles/cmTC_ad166.dir/CMakeCCompilerABI.c.o]
  ignore line: [/nix/store/bfbp3ypd9nm3fapz634gvvs738blrl0y-gcc-wrapper-12.2.0/bin/gcc   -v -o CMakeFiles/cmTC_ad166.dir/CMakeCCompilerABI.c.o -c /nix/store/l341npqn3j8pwqq1nqgj5cqhnfbzhphd-cmake-3.25.1/share/cmake-3.25/Modules/CMakeCCompilerABI.c]
  ignore line: [Using built-in specs.]
  ignore line: [COLLECT_GCC=/nix/store/wx4nsqbssywgx9zkabwgl9sxm5l61ni3-gcc-12.2.0/bin/gcc]
  ignore line: [Target: x86_64-unknown-linux-gnu]
  ignore line: [Configured with: ]
  ignore line: [Thread model: posix]
  ignore line: [Supported LTO compression algorithms: zlib]
  ignore line: [gcc version 12.2.0 (GCC) ]
  ignore line: [COLLECT_GCC_OPTIONS='-fPIC' '-Wformat=1' '-Wformat-security' '-Werror=format-security' '-fstack-protector-strong' '--param=ssp-buffer-size=4' '-O2' '-U' '_FORTIFY_SOURCE' '-D' '_FORTIFY_SOURCE=2' '-fno-strict-overflow' '-v' '-o' 'CMakeFiles/cmTC_ad166.dir/CMakeCCompilerABI.c.o' '-c' '-B' '/nix/store/76l4v99sk83ylfwkz8wmwrm4s8h73rhd-glibc-2.35-224/lib/' '-idirafter' '/nix/store/pqnd39aq2sksad2zvswjcpkqdc7ig3f9-glibc-2.35-224-dev/include' '-idirafter' '/nix/store/wx4nsqbssywgx9zkabwgl9sxm5l61ni3-gcc-12.2.0/lib/gcc/x86_64-unknown-linux-gnu/12.2.0/include-fixed' '-B' '/nix/store/2w4k8nvdyiggz717ygbbxchpnxrqc6y9-gcc-12.2.0-lib/lib' '-B' '/nix/store/bfbp3ypd9nm3fapz634gvvs738blrl0y-gcc-wrapper-12.2.0/bin/' '-frandom-seed=sy5449x9ji' '-D' 'QT_NO_DEBUG' '-isystem' '/nix/store/va9r2bdg56jc6qizpm6dyb97lnxfrhsy-file-5.44/include' '-isystem' '/nix/store/jkv8vb24ab371hlsp55fj953kwh01m8n-openjdk-17.0.6+10/include' '-isystem' '/nix/store/i9cf4vmk6kfqlds56vfllmmz0zdk7rp0-qtbase-6.4.2-dev/include' '-isystem' '/nix/store/0z5wasald7dmipjpbx8kw31pj0kzjxpg-libxml2-2.10.3-dev/include' '-isystem' '/nix/store/qgqsyg7gmqy3fz6shvzhcc7m7pkfw2ig-zlib-1.2.13-dev/include' '-isystem' '/nix/store/i57f5lhc83sfnck9d6rik0dbnbxr9qlw-libxslt-1.1.37-dev/include' '-isystem' '/nix/store/fyiwac98bi86nd5qzz9bhvs1bvmmwgad-openssl-3.0.8-dev/include' '-isystem' '/nix/store/i1h2yf133m4rfzgfgl0zdxjxniyy6kvg-sqlite-3.40.1-dev/include' '-isystem' '/nix/store/ci7r8mfkdg1b4wgawp6fff6ba6vyf33r-unixODBC-2.3.11/include' '-isystem' '/nix/store/vddrjv0wnknv73njnwzj3in0467dk9qa-harfbuzz-7.0.0-dev/include' '-isystem' '/nix/store/vgasd5zjsvdvq3w7ik13sfyyj1n0m5v7-graphite2-1.3.14/include' '-isystem' '/nix/store/86nsxqcmzcc85qzrsczb33jwqgcyl35g-icu4c-72.1-dev/include' '-isystem' '/nix/store/dra1y7qr8clxdssfx5s1grbg2lvg5ifd-libjpeg-turbo-2.1.4-dev/include' '-isystem' '/nix/store/463cn57ci7xxwr28c1d68zwbr001ka8h-libpng-apng-1.6.39-dev/include' '-isystem' '/nix/store/vr9naiikd2k84ygclm3vlr3agbjcgvzi-pcre2-10.42-dev/include' '-isystem' '/nix/store/zc41j2il39qmw9kfwa0zl37dz4izcjdp-pcre-8.45-dev/include' '-isystem' '/nix/store/k4w3vafb6k1b3zc2a6v1lr4w0iknnp65-libproxy-0.4.18-dev/include' '-isystem' '/nix/store/s8axys9hpvwxn5718iwrnyvwms4djz96-zstd-1.5.4-dev/include' '-isystem' '/nix/store/4hx2f3kfk824b3b44mhjgpph426lnj42-double-conversion-3.2.1/include' '-isystem' '/nix/store/d9yf24k5n979y1qy03nlj1mnpijhs5rx-libb2-0.98.1/include' '-isystem' '/nix/store/2pai53mrrahl85w7mbypxmplgx6wfqyd-md4c-0.4.8/include' '-isystem' '/nix/store/l8d014vy8n42sp6r6j3wjqldylcyvqyk-dbus-1.14.4-dev/include' '-isystem' '/nix/store/gqvyvc9ckzijwcw641v6qgg7fz8z63mc-expat-2.5.0-dev/include' '-isystem' '/nix/store/152gsygyjagsirvdg3icmz4px39wddwj-glib-2.74.5-dev/include' '-isystem' '/nix/store/4j08mgygxhi9y3957hbwqn1bg02va18y-libffi-3.4.4-dev/include' '-isystem' '/nix/store/ik1vzp6bfwjxxg0cdcbmyl17yzn8idd4-gettext-0.21/include' '-isystem' '/nix/store/1r3a6ji72zxvkyhqfgq1pymdiyjk93l5-glibc-iconv-2.35/include' '-isystem' '/nix/store/f04f2mxjzx7s34payvq6lna9qcaall3s-mariadb-connector-odbc-3.1.14/include' '-isystem' '/nix/store/2gm71c7yljswz2yz3i6125nx2rwkg9n6-systemd-252.5-dev/include' '-isystem' '/nix/store/1gb83p8c3fkjqyb0l30lz0303jhv088k-util-linux-2.38.1-dev/include' '-isystem' '/nix/store/xj6h98v3mjiqmwqv6zbw51xd3lgzdz7p-mtdev-1.1.6/include' '-isystem' '/nix/store/zmqdq7fj6h273kxz969wr3h7g1jhzgz4-lksctp-tools-1.0.17/include' '-isystem' '/nix/store/dvgpj4kwxp5pxhax93zqv80b4ql8xwla-libselinux-3.3-dev/include' '-isystem' '/nix/store/0p1v5zn2mb55xs9297x5p7vgdnhrjjmf-libsepol-3.3-dev/include' '-isystem' '/nix/store/zl2rzaxviah8cpknrlnpawpfvmjvjh0d-lttng-ust-2.13.1-dev/include' '-isystem' '/nix/store/0hhi25jwagxm00kjwmh2zl395cgfdrfh-liburcu-0.13.2/include' '-isystem' '/nix/store/k7pydn7w2dd03cchddkgzdb94brxisp9-vulkan-headers-1.3.239.0/include' '-isystem' '/nix/store/gxsg7g5higv817948fw3jyamypfc229g-libthai-0.1.29-dev/include' '-isystem' '/nix/store/hq2n7bnn6z2p0p94n4mixbbrsyi1qbdf-libdrm-2.4.114-dev/include' '-isystem' '/nix/store/bin4ww0irasbdvhqqg8lcwjg3025x4pq-libdatrie-2019-12-20-dev/include' '-isystem' '/nix/store/6bdds6632r9fp7mrh27qxjv90d7lzh0y-fontconfig-2.14.0-dev/include' '-isystem' '/nix/store/ybd7brnb5kavanvz40mg2p5pmgnczi85-freetype-2.12.1-dev/include' '-isystem' '/nix/store/abs0rlwm6jh4l1k831fvqggpgfrs91pv-bzip2-1.0.8-dev/include' '-isystem' '/nix/store/84r63sb6w4l1y1ab3vmk3xg84is027y2-brotli-1.0.9-dev/include' '-isystem' '/nix/store/q2sjb83p9kh7j653237wr5xzsdc17sgj-libX11-1.8.4-dev/include' '-isystem' '/nix/store/9d1fbfvijywjsxh5b060qy5dd01cqbrs-xorgproto-2021.5/include' '-isystem' '/nix/store/rr353rjxy36vvakib4cyajjj2r3gqw5x-libxcb-1.14-dev/include' '-isystem' '/nix/store/j4i01gassjbbm5i3x4qczy21pmfw05q2-libXcomposite-0.4.5-dev/include' '-isystem' '/nix/store/dbbvxfbsix59452vbjngfndr8xddb3nc-libXfixes-6.0.0-dev/include' '-isystem' '/nix/store/f5blw2z7jr4h2qkzfdmjkwak142353rq-libXext-1.3.4-dev/include' '-isystem' '/nix/store/jhxfmh0lh0dkk11fpys8350w8hk7ljf7-libXau-1.0.9-dev/include' '-isystem' '/nix/store/dci0q5r0v1j5d7vryy13as7banrix0sj-libXi-1.8-dev/include' '-isystem' '/nix/store/slpgdz4ha0w6y2c25n0ljda4536p9yi4-libXrender-0.9.10-dev/include' '-isystem' '/nix/store/l01q7h5h4wxr880jzxpc5fdrwnbqxfzn-libxkbcommon-1.5.0-dev/include' '-isystem' '/nix/store/9qzw3zscs3b4gc97bsaq991iifgz4977-xcb-util-0.4.0-dev/include' '-isystem' '/nix/store/cwvwhmigx77mydbv1h51pp2l2vijr2rs-xcb-util-image-0.4.0-dev/include' '-isystem' '/nix/store/v0qpk37hyfrpgga44f58yrb36gpay3ks-xcb-util-keysyms-0.4.0-dev/include' '-isystem' '/nix/store/x45m835963ss4all6g03wms91284j904-xcb-util-renderutil-0.3.9-dev/include' '-isystem' '/nix/store/qhjq1dap6j4h5g3srizm6dkshz63zdwv-xcb-util-wm-0.4.1-dev/include' '-isystem' '/nix/store/dzkwzx2qnhsx7938ywxqvygw5n28gy63-libXdmcp-1.1.3-dev/include' '-isystem' '/nix/store/75jd6r549krqxk1iq5cl4slrr4vci11n-libXtst-1.2.3/include' '-isystem' '/nix/store/rkz9zhzj975y9hvb8kav017da08hgq2b-xcb-util-cursor-0.1.3-dev/include' '-isystem' '/nix/store/dvrxv7fvlkj5cbjq6262m6f4jdpdvmxx-libepoxy-1.5.10-dev/include' '-isystem' '/nix/store/fqwihpqn2wmhjqw251w1r7dyw659abrh-libGL-1.6.0-dev/include' '-isystem' '/nix/store/y7fpp50b5l7l4g5hk76w2mm2p8jhrwyg-libglvnd-1.6.0-dev/include' '-isystem' '/nix/store/xr3l5mnqwgminijy321myshjx6w55530-qtsvg-6.4.2-dev/include' '-isystem' '/nix/store/a85vmwd6cgixmd25226zr4awdvh50xyd-quazip-1.3-dev/include' '-isystem' '/nix/store/jf4k9zv0nn0dij7jyh9cb7l2s4h5p65y-qt5compat-6.4.2-dev/include' '-isystem' '/nix/store/cj4cjywrz168aijw38dysql6ksafnbjs-qtdeclarative-6.4.2-dev/include' '-isystem' '/nix/store/mnpx93zc62xwqlkx0bycrab6604cdhcm-qtshadertools-6.4.2-dev/include' '-isystem' '/nix/store/iw1vmh509hcbby8dbpsaanbri4zsq7dj-python3-3.10.10/include' '-isystem' '/nix/store/h9a8m4y88pn2jg8h96j6i2blgzarrvcx-filesystem-1.5.12/include' '-isystem' '/nix/store/5ymj2l7wacvb1b154v5mhlhng406ds0k-tomlplusplus-3.3.0/include' '-isystem' '/nix/store/dkbq5hvylsc0d76lgmwyx4jm2pld63sl-cmark-0.30.3/include' '-isystem' '/nix/store/4gxhcwhrh92pn91ax09wxgqg2pqj9i61-qtwayland-6.4.2-dev/include' '-isystem' '/nix/store/wzrqym8dzidzhvm5h308kzqcan2zbf5j-gamemode-1.7-dev/include' '-isystem' '/nix/store/va9r2bdg56jc6qizpm6dyb97lnxfrhsy-file-5.44/include' '-isystem' '/nix/store/jkv8vb24ab371hlsp55fj953kwh01m8n-openjdk-17.0.6+10/include' '-isystem' '/nix/store/i9cf4vmk6kfqlds56vfllmmz0zdk7rp0-qtbase-6.4.2-dev/include' '-isystem' '/nix/store/0z5wasald7dmipjpbx8kw31pj0kzjxpg-libxml2-2.10.3-dev/include' '-isystem' '/nix/store/qgqsyg7gmqy3fz6shvzhcc7m7pkfw2ig-zlib-1.2.13-dev/include' '-isystem' '/nix/store/i57f5lhc83sfnck9d6rik0dbnbxr9qlw-libxslt-1.1.37-dev/include' '-isystem' '/nix/store/fyiwac98bi86nd5qzz9bhvs1bvmmwgad-openssl-3.0.8-dev/include' '-isystem' '/nix/store/i1h2yf133m4rfzgfgl0zdxjxniyy6kvg-sqlite-3.40.1-dev/include' '-isystem' '/nix/store/ci7r8mfkdg1b4wgawp6fff6ba6vyf33r-unixODBC-2.3.11/include' '-isystem' '/nix/store/vddrjv0wnknv73njnwzj3in0467dk9qa-harfbuzz-7.0.0-dev/include' '-isystem' '/nix/store/vgasd5zjsvdvq3w7ik13sfyyj1n0m5v7-graphite2-1.3.14/include' '-isystem' '/nix/store/86nsxqcmzcc85qzrsczb33jwqgcyl35g-icu4c-72.1-dev/include' '-isystem' '/nix/store/dra1y7qr8clxdssfx5s1grbg2lvg5ifd-libjpeg-turbo-2.1.4-dev/include' '-isystem' '/nix/store/463cn57ci7xxwr28c1d68zwbr001ka8h-libpng-apng-1.6.39-dev/include' '-isystem' '/nix/store/vr9naiikd2k84ygclm3vlr3agbjcgvzi-pcre2-10.42-dev/include' '-isystem' '/nix/store/zc41j2il39qmw9kfwa0zl37dz4izcjdp-pcre-8.45-dev/include' '-isystem' '/nix/store/k4w3vafb6k1b3zc2a6v1lr4w0iknnp65-libproxy-0.4.18-dev/include' '-isystem' '/nix/store/s8axys9hpvwxn5718iwrnyvwms4djz96-zstd-1.5.4-dev/include' '-isystem' '/nix/store/4hx2f3kfk824b3b44mhjgpph426lnj42-double-conversion-3.2.1/include' '-isystem' '/nix/store/d9yf24k5n979y1qy03nlj1mnpijhs5rx-libb2-0.98.1/include' '-isystem' '/nix/store/2pai53mrrahl85w7mbypxmplgx6wfqyd-md4c-0.4.8/include' '-isystem' '/nix/store/l8d014vy8n42sp6r6j3wjqldylcyvqyk-dbus-1.14.4-dev/include' '-isystem' '/nix/store/gqvyvc9ckzijwcw641v6qgg7fz8z63mc-expat-2.5.0-dev/include' '-isystem' '/nix/store/152gsygyjagsirvdg3icmz4px39wddwj-glib-2.74.5-dev/include' '-isystem' '/nix/store/4j08mgygxhi9y3957hbwqn1bg02va18y-libffi-3.4.4-dev/include' '-isystem' '/nix/store/ik1vzp6bfwjxxg0cdcbmyl17yzn8idd4-gettext-0.21/include' '-isystem' '/nix/store/1r3a6ji72zxvkyhqfgq1pymdiyjk93l5-glibc-iconv-2.35/include' '-isystem' '/nix/store/f04f2mxjzx7s34payvq6lna9qcaall3s-mariadb-connector-odbc-3.1.14/include' '-isystem' '/nix/store/2gm71c7yljswz2yz3i6125nx2rwkg9n6-systemd-252.5-dev/include' '-isystem' '/nix/store/1gb83p8c3fkjqyb0l30lz0303jhv088k-util-linux-2.38.1-dev/include' '-isystem' '/nix/store/xj6h98v3mjiqmwqv6zbw51xd3lgzdz7p-mtdev-1.1.6/include' '-isystem' '/nix/store/zmqdq7fj6h273kxz969wr3h7g1jhzgz4-lksctp-tools-1.0.17/include' '-isystem' '/nix/store/dvgpj4kwxp5pxhax93zqv80b4ql8xwla-libselinux-3.3-dev/include' '-isystem' '/nix/store/0p1v5zn2mb55xs9297x5p7vgdnhrjjmf-libsepol-3.3-dev/include' '-isystem' '/nix/store/zl2rzaxviah8cpknrlnpawpfvmjvjh0d-lttng-ust-2.13.1-dev/include' '-isystem' '/nix/store/0hhi25jwagxm00kjwmh2zl395cgfdrfh-liburcu-0.13.2/include' '-isystem' '/nix/store/k7pydn7w2dd03cchddkgzdb94brxisp9-vulkan-headers-1.3.239.0/include' '-isystem' '/nix/store/gxsg7g5higv817948fw3jyamypfc229g-libthai-0.1.29-dev/include' '-isystem' '/nix/store/hq2n7bnn6z2p0p94n4mixbbrsyi1qbdf-libdrm-2.4.114-dev/include' '-isystem' '/nix/store/bin4ww0irasbdvhqqg8lcwjg3025x4pq-libdatrie-2019-12-20-dev/include' '-isystem' '/nix/store/6bdds6632r9fp7mrh27qxjv90d7lzh0y-fontconfig-2.14.0-dev/include' '-isystem' '/nix/store/ybd7brnb5kavanvz40mg2p5pmgnczi85-freetype-2.12.1-dev/include' '-isystem' '/nix/store/abs0rlwm6jh4l1k831fvqggpgfrs91pv-bzip2-1.0.8-dev/include' '-isystem' '/nix/store/84r63sb6w4l1y1ab3vmk3xg84is027y2-brotli-1.0.9-dev/include' '-isystem' '/nix/store/q2sjb83p9kh7j653237wr5xzsdc17sgj-libX11-1.8.4-dev/include' '-isystem' '/nix/store/9d1fbfvijywjsxh5b060qy5dd01cqbrs-xorgproto-2021.5/include' '-isystem' '/nix/store/rr353rjxy36vvakib4cyajjj2r3gqw5x-libxcb-1.14-dev/include' '-isystem' '/nix/store/j4i01gassjbbm5i3x4qczy21pmfw05q2-libXcomposite-0.4.5-dev/include' '-isystem' '/nix/store/dbbvxfbsix59452vbjngfndr8xddb3nc-libXfixes-6.0.0-dev/include' '-isystem' '/nix/store/f5blw2z7jr4h2qkzfdmjkwak142353rq-libXext-1.3.4-dev/include' '-isystem' '/nix/store/jhxfmh0lh0dkk11fpys8350w8hk7ljf7-libXau-1.0.9-dev/include' '-isystem' '/nix/store/dci0q5r0v1j5d7vryy13as7banrix0sj-libXi-1.8-dev/include' '-isystem' '/nix/store/slpgdz4ha0w6y2c25n0ljda4536p9yi4-libXrender-0.9.10-dev/include' '-isystem' '/nix/store/l01q7h5h4wxr880jzxpc5fdrwnbqxfzn-libxkbcommon-1.5.0-dev/include' '-isystem' '/nix/store/9qzw3zscs3b4gc97bsaq991iifgz4977-xcb-util-0.4.0-dev/include' '-isystem' '/nix/store/cwvwhmigx77mydbv1h51pp2l2vijr2rs-xcb-util-image-0.4.0-dev/include' '-isystem' '/nix/store/v0qpk37hyfrpgga44f58yrb36gpay3ks-xcb-util-keysyms-0.4.0-dev/include' '-isystem' '/nix/store/x45m835963ss4all6g03wms91284j904-xcb-util-renderutil-0.3.9-dev/include' '-isystem' '/nix/store/qhjq1dap6j4h5g3srizm6dkshz63zdwv-xcb-util-wm-0.4.1-dev/include' '-isystem' '/nix/store/dzkwzx2qnhsx7938ywxqvygw5n28gy63-libXdmcp-1.1.3-dev/include' '-isystem' '/nix/store/75jd6r549krqxk1iq5cl4slrr4vci11n-libXtst-1.2.3/include' '-isystem' '/nix/store/rkz9zhzj975y9hvb8kav017da08hgq2b-xcb-util-cursor-0.1.3-dev/include' '-isystem' '/nix/store/dvrxv7fvlkj5cbjq6262m6f4jdpdvmxx-libepoxy-1.5.10-dev/include' '-isystem' '/nix/store/fqwihpqn2wmhjqw251w1r7dyw659abrh-libGL-1.6.0-dev/include' '-isystem' '/nix/store/y7fpp50b5l7l4g5hk76w2mm2p8jhrwyg-libglvnd-1.6.0-dev/include' '-isystem' '/nix/store/xr3l5mnqwgminijy321myshjx6w55530-qtsvg-6.4.2-dev/include' '-isystem' '/nix/store/a85vmwd6cgixmd25226zr4awdvh50xyd-quazip-1.3-dev/include' '-isystem' '/nix/store/jf4k9zv0nn0dij7jyh9cb7l2s4h5p65y-qt5compat-6.4.2-dev/include' '-isystem' '/nix/store/cj4cjywrz168aijw38dysql6ksafnbjs-qtdeclarative-6.4.2-dev/include' '-isystem' '/nix/store/mnpx93zc62xwqlkx0bycrab6604cdhcm-qtshadertools-6.4.2-dev/include' '-isystem' '/nix/store/iw1vmh509hcbby8dbpsaanbri4zsq7dj-python3-3.10.10/include' '-isystem' '/nix/store/h9a8m4y88pn2jg8h96j6i2blgzarrvcx-filesystem-1.5.12/include' '-isystem' '/nix/store/5ymj2l7wacvb1b154v5mhlhng406ds0k-tomlplusplus-3.3.0/include' '-isystem' '/nix/store/dkbq5hvylsc0d76lgmwyx4jm2pld63sl-cmark-0.30.3/include' '-isystem' '/nix/store/4gxhcwhrh92pn91ax09wxgqg2pqj9i61-qtwayland-6.4.2-dev/include' '-isystem' '/nix/store/wzrqym8dzidzhvm5h308kzqcan2zbf5j-gamemode-1.7-dev/include' '-mtune=generic' '-march=x86-64' '-dumpdir' 'CMakeFiles/cmTC_ad166.dir/']
  ignore line: [ /nix/store/wx4nsqbssywgx9zkabwgl9sxm5l61ni3-gcc-12.2.0/libexec/gcc/x86_64-unknown-linux-gnu/12.2.0/cc1 -quiet -v -U _FORTIFY_SOURCE -D _FORTIFY_SOURCE=2 -D QT_NO_DEBUG -idirafter /nix/store/pqnd39aq2sksad2zvswjcpkqdc7ig3f9-glibc-2.35-224-dev/include -idirafter /nix/store/wx4nsqbssywgx9zkabwgl9sxm5l61ni3-gcc-12.2.0/lib/gcc/x86_64-unknown-linux-gnu/12.2.0/include-fixed -isystem /nix/store/va9r2bdg56jc6qizpm6dyb97lnxfrhsy-file-5.44/include -isystem /nix/store/jkv8vb24ab371hlsp55fj953kwh01m8n-openjdk-17.0.6+10/include -isystem /nix/store/i9cf4vmk6kfqlds56vfllmmz0zdk7rp0-qtbase-6.4.2-dev/include -isystem /nix/store/0z5wasald7dmipjpbx8kw31pj0kzjxpg-libxml2-2.10.3-dev/include -isystem /nix/store/qgqsyg7gmqy3fz6shvzhcc7m7pkfw2ig-zlib-1.2.13-dev/include -isystem /nix/store/i57f5lhc83sfnck9d6rik0dbnbxr9qlw-libxslt-1.1.37-dev/include -isystem /nix/store/fyiwac98bi86nd5qzz9bhvs1bvmmwgad-openssl-3.0.8-dev/include -isystem /nix/store/i1h2yf133m4rfzgfgl0zdxjxniyy6kvg-sqlite-3.40.1-dev/include -isystem /nix/store/ci7r8mfkdg1b4wgawp6fff6ba6vyf33r-unixODBC-2.3.11/include -isystem /nix/store/vddrjv0wnknv73njnwzj3in0467dk9qa-harfbuzz-7.0.0-dev/include -isystem /nix/store/vgasd5zjsvdvq3w7ik13sfyyj1n0m5v7-graphite2-1.3.14/include -isystem /nix/store/86nsxqcmzcc85qzrsczb33jwqgcyl35g-icu4c-72.1-dev/include -isystem /nix/store/dra1y7qr8clxdssfx5s1grbg2lvg5ifd-libjpeg-turbo-2.1.4-dev/include -isystem /nix/store/463cn57ci7xxwr28c1d68zwbr001ka8h-libpng-apng-1.6.39-dev/include -isystem /nix/store/vr9naiikd2k84ygclm3vlr3agbjcgvzi-pcre2-10.42-dev/include -isystem /nix/store/zc41j2il39qmw9kfwa0zl37dz4izcjdp-pcre-8.45-dev/include -isystem /nix/store/k4w3vafb6k1b3zc2a6v1lr4w0iknnp65-libproxy-0.4.18-dev/include -isystem /nix/store/s8axys9hpvwxn5718iwrnyvwms4djz96-zstd-1.5.4-dev/include -isystem /nix/store/4hx2f3kfk824b3b44mhjgpph426lnj42-double-conversion-3.2.1/include -isystem /nix/store/d9yf24k5n979y1qy03nlj1mnpijhs5rx-libb2-0.98.1/include -isystem /nix/store/2pai53mrrahl85w7mbypxmplgx6wfqyd-md4c-0.4.8/include -isystem /nix/store/l8d014vy8n42sp6r6j3wjqldylcyvqyk-dbus-1.14.4-dev/include -isystem /nix/store/gqvyvc9ckzijwcw641v6qgg7fz8z63mc-expat-2.5.0-dev/include -isystem /nix/store/152gsygyjagsirvdg3icmz4px39wddwj-glib-2.74.5-dev/include -isystem /nix/store/4j08mgygxhi9y3957hbwqn1bg02va18y-libffi-3.4.4-dev/include -isystem /nix/store/ik1vzp6bfwjxxg0cdcbmyl17yzn8idd4-gettext-0.21/include -isystem /nix/store/1r3a6ji72zxvkyhqfgq1pymdiyjk93l5-glibc-iconv-2.35/include -isystem /nix/store/f04f2mxjzx7s34payvq6lna9qcaall3s-mariadb-connector-odbc-3.1.14/include -isystem /nix/store/2gm71c7yljswz2yz3i6125nx2rwkg9n6-systemd-252.5-dev/include -isystem /nix/store/1gb83p8c3fkjqyb0l30lz0303jhv088k-util-linux-2.38.1-dev/include -isystem /nix/store/xj6h98v3mjiqmwqv6zbw51xd3lgzdz7p-mtdev-1.1.6/include -isystem /nix/store/zmqdq7fj6h273kxz969wr3h7g1jhzgz4-lksctp-tools-1.0.17/include -isystem /nix/store/dvgpj4kwxp5pxhax93zqv80b4ql8xwla-libselinux-3.3-dev/include -isystem /nix/store/0p1v5zn2mb55xs9297x5p7vgdnhrjjmf-libsepol-3.3-dev/include -isystem /nix/store/zl2rzaxviah8cpknrlnpawpfvmjvjh0d-lttng-ust-2.13.1-dev/include -isystem /nix/store/0hhi25jwagxm00kjwmh2zl395cgfdrfh-liburcu-0.13.2/include -isystem /nix/store/k7pydn7w2dd03cchddkgzdb94brxisp9-vulkan-headers-1.3.239.0/include -isystem /nix/store/gxsg7g5higv817948fw3jyamypfc229g-libthai-0.1.29-dev/include -isystem /nix/store/hq2n7bnn6z2p0p94n4mixbbrsyi1qbdf-libdrm-2.4.114-dev/include -isystem /nix/store/bin4ww0irasbdvhqqg8lcwjg3025x4pq-libdatrie-2019-12-20-dev/include -isystem /nix/store/6bdds6632r9fp7mrh27qxjv90d7lzh0y-fontconfig-2.14.0-dev/include -isystem /nix/store/ybd7brnb5kavanvz40mg2p5pmgnczi85-freetype-2.12.1-dev/include -isystem /nix/store/abs0rlwm6jh4l1k831fvqggpgfrs91pv-bzip2-1.0.8-dev/include -isystem /nix/store/84r63sb6w4l1y1ab3vmk3xg84is027y2-brotli-1.0.9-dev/include -isystem /nix/store/q2sjb83p9kh7j653237wr5xzsdc17sgj-libX11-1.8.4-dev/include -isystem /nix/store/9d1fbfvijywjsxh5b060qy5dd01cqbrs-xorgproto-2021.5/include -isystem /nix/store/rr353rjxy36vvakib4cyajjj2r3gqw5x-libxcb-1.14-dev/include -isystem /nix/store/j4i01gassjbbm5i3x4qczy21pmfw05q2-libXcomposite-0.4.5-dev/include -isystem /nix/store/dbbvxfbsix59452vbjngfndr8xddb3nc-libXfixes-6.0.0-dev/include -isystem /nix/store/f5blw2z7jr4h2qkzfdmjkwak142353rq-libXext-1.3.4-dev/include -isystem /nix/store/jhxfmh0lh0dkk11fpys8350w8hk7ljf7-libXau-1.0.9-dev/include -isystem /nix/store/dci0q5r0v1j5d7vryy13as7banrix0sj-libXi-1.8-dev/include -isystem /nix/store/slpgdz4ha0w6y2c25n0ljda4536p9yi4-libXrender-0.9.10-dev/include -isystem /nix/store/l01q7h5h4wxr880jzxpc5fdrwnbqxfzn-libxkbcommon-1.5.0-dev/include -isystem /nix/store/9qzw3zscs3b4gc97bsaq991iifgz4977-xcb-util-0.4.0-dev/include -isystem /nix/store/cwvwhmigx77mydbv1h51pp2l2vijr2rs-xcb-util-image-0.4.0-dev/include -isystem /nix/store/v0qpk37hyfrpgga44f58yrb36gpay3ks-xcb-util-keysyms-0.4.0-dev/include -isystem /nix/store/x45m835963ss4all6g03wms91284j904-xcb-util-renderutil-0.3.9-dev/include -isystem /nix/store/qhjq1dap6j4h5g3srizm6dkshz63zdwv-xcb-util-wm-0.4.1-dev/include -isystem /nix/store/dzkwzx2qnhsx7938ywxqvygw5n28gy63-libXdmcp-1.1.3-dev/include -isystem /nix/store/75jd6r549krqxk1iq5cl4slrr4vci11n-libXtst-1.2.3/include -isystem /nix/store/rkz9zhzj975y9hvb8kav017da08hgq2b-xcb-util-cursor-0.1.3-dev/include -isystem /nix/store/dvrxv7fvlkj5cbjq6262m6f4jdpdvmxx-libepoxy-1.5.10-dev/include -isystem /nix/store/fqwihpqn2wmhjqw251w1r7dyw659abrh-libGL-1.6.0-dev/include -isystem /nix/store/y7fpp50b5l7l4g5hk76w2mm2p8jhrwyg-libglvnd-1.6.0-dev/include -isystem /nix/store/xr3l5mnqwgminijy321myshjx6w55530-qtsvg-6.4.2-dev/include -isystem /nix/store/a85vmwd6cgixmd25226zr4awdvh50xyd-quazip-1.3-dev/include -isystem /nix/store/jf4k9zv0nn0dij7jyh9cb7l2s4h5p65y-qt5compat-6.4.2-dev/include -isystem /nix/store/cj4cjywrz168aijw38dysql6ksafnbjs-qtdeclarative-6.4.2-dev/include -isystem /nix/store/mnpx93zc62xwqlkx0bycrab6604cdhcm-qtshadertools-6.4.2-dev/include -isystem /nix/store/iw1vmh509hcbby8dbpsaanbri4zsq7dj-python3-3.10.10/include -isystem /nix/store/h9a8m4y88pn2jg8h96j6i2blgzarrvcx-filesystem-1.5.12/include -isystem /nix/store/5ymj2l7wacvb1b154v5mhlhng406ds0k-tomlplusplus-3.3.0/include -isystem /nix/store/dkbq5hvylsc0d76lgmwyx4jm2pld63sl-cmark-0.30.3/include -isystem /nix/store/4gxhcwhrh92pn91ax09wxgqg2pqj9i61-qtwayland-6.4.2-dev/include -isystem /nix/store/wzrqym8dzidzhvm5h308kzqcan2zbf5j-gamemode-1.7-dev/include -isystem /nix/store/va9r2bdg56jc6qizpm6dyb97lnxfrhsy-file-5.44/include -isystem /nix/store/jkv8vb24ab371hlsp55fj953kwh01m8n-openjdk-17.0.6+10/include -isystem /nix/store/i9cf4vmk6kfqlds56vfllmmz0zdk7rp0-qtbase-6.4.2-dev/include -isystem /nix/store/0z5wasald7dmipjpbx8kw31pj0kzjxpg-libxml2-2.10.3-dev/include -isystem /nix/store/qgqsyg7gmqy3fz6shvzhcc7m7pkfw2ig-zlib-1.2.13-dev/include -isystem /nix/store/i57f5lhc83sfnck9d6rik0dbnbxr9qlw-libxslt-1.1.37-dev/include -isystem /nix/store/fyiwac98bi86nd5qzz9bhvs1bvmmwgad-openssl-3.0.8-dev/include -isystem /nix/store/i1h2yf133m4rfzgfgl0zdxjxniyy6kvg-sqlite-3.40.1-dev/include -isystem /nix/store/ci7r8mfkdg1b4wgawp6fff6ba6vyf33r-unixODBC-2.3.11/include -isystem /nix/store/vddrjv0wnknv73njnwzj3in0467dk9qa-harfbuzz-7.0.0-dev/include -isystem /nix/store/vgasd5zjsvdvq3w7ik13sfyyj1n0m5v7-graphite2-1.3.14/include -isystem /nix/store/86nsxqcmzcc85qzrsczb33jwqgcyl35g-icu4c-72.1-dev/include -isystem /nix/store/dra1y7qr8clxdssfx5s1grbg2lvg5ifd-libjpeg-turbo-2.1.4-dev/include -isystem /nix/store/463cn57ci7xxwr28c1d68zwbr001ka8h-libpng-apng-1.6.39-dev/include -isystem /nix/store/vr9naiikd2k84ygclm3vlr3agbjcgvzi-pcre2-10.42-dev/include -isystem /nix/store/zc41j2il39qmw9kfwa0zl37dz4izcjdp-pcre-8.45-dev/include -isystem /nix/store/k4w3vafb6k1b3zc2a6v1lr4w0iknnp65-libproxy-0.4.18-dev/include -isystem /nix/store/s8axys9hpvwxn5718iwrnyvwms4djz96-zstd-1.5.4-dev/include -isystem /nix/store/4hx2f3kfk824b3b44mhjgpph426lnj42-double-conversion-3.2.1/include -isystem /nix/store/d9yf24k5n979y1qy03nlj1mnpijhs5rx-libb2-0.98.1/include -isystem /nix/store/2pai53mrrahl85w7mbypxmplgx6wfqyd-md4c-0.4.8/include -isystem /nix/store/l8d014vy8n42sp6r6j3wjqldylcyvqyk-dbus-1.14.4-dev/include -isystem /nix/store/gqvyvc9ckzijwcw641v6qgg7fz8z63mc-expat-2.5.0-dev/include -isystem /nix/store/152gsygyjagsirvdg3icmz4px39wddwj-glib-2.74.5-dev/include -isystem /nix/store/4j08mgygxhi9y3957hbwqn1bg02va18y-libffi-3.4.4-dev/include -isystem /nix/store/ik1vzp6bfwjxxg0cdcbmyl17yzn8idd4-gettext-0.21/include -isystem /nix/store/1r3a6ji72zxvkyhqfgq1pymdiyjk93l5-glibc-iconv-2.35/include -isystem /nix/store/f04f2mxjzx7s34payvq6lna9qcaall3s-mariadb-connector-odbc-3.1.14/include -isystem /nix/store/2gm71c7yljswz2yz3i6125nx2rwkg9n6-systemd-252.5-dev/include -isystem /nix/store/1gb83p8c3fkjqyb0l30lz0303jhv088k-util-linux-2.38.1-dev/include -isystem /nix/store/xj6h98v3mjiqmwqv6zbw51xd3lgzdz7p-mtdev-1.1.6/include -isystem /nix/store/zmqdq7fj6h273kxz969wr3h7g1jhzgz4-lksctp-tools-1.0.17/include -isystem /nix/store/dvgpj4kwxp5pxhax93zqv80b4ql8xwla-libselinux-3.3-dev/include -isystem /nix/store/0p1v5zn2mb55xs9297x5p7vgdnhrjjmf-libsepol-3.3-dev/include -isystem /nix/store/zl2rzaxviah8cpknrlnpawpfvmjvjh0d-lttng-ust-2.13.1-dev/include -isystem /nix/store/0hhi25jwagxm00kjwmh2zl395cgfdrfh-liburcu-0.13.2/include -isystem /nix/store/k7pydn7w2dd03cchddkgzdb94brxisp9-vulkan-headers-1.3.239.0/include -isystem /nix/store/gxsg7g5higv817948fw3jyamypfc229g-libthai-0.1.29-dev/include -isystem /nix/store/hq2n7bnn6z2p0p94n4mixbbrsyi1qbdf-libdrm-2.4.114-dev/include -isystem /nix/store/bin4ww0irasbdvhqqg8lcwjg3025x4pq-libdatrie-2019-12-20-dev/include -isystem /nix/store/6bdds6632r9fp7mrh27qxjv90d7lzh0y-fontconfig-2.14.0-dev/include -isystem /nix/store/ybd7brnb5kavanvz40mg2p5pmgnczi85-freetype-2.12.1-dev/include -isystem /nix/store/abs0rlwm6jh4l1k831fvqggpgfrs91pv-bzip2-1.0.8-dev/include -isystem /nix/store/84r63sb6w4l1y1ab3vmk3xg84is027y2-brotli-1.0.9-dev/include -isystem /nix/store/q2sjb83p9kh7j653237wr5xzsdc17sgj-libX11-1.8.4-dev/include -isystem /nix/store/9d1fbfvijywjsxh5b060qy5dd01cqbrs-xorgproto-2021.5/include -isystem /nix/store/rr353rjxy36vvakib4cyajjj2r3gqw5x-libxcb-1.14-dev/include -isystem /nix/store/j4i01gassjbbm5i3x4qczy21pmfw05q2-libXcomposite-0.4.5-dev/include -isystem /nix/store/dbbvxfbsix59452vbjngfndr8xddb3nc-libXfixes-6.0.0-dev/include -isystem /nix/store/f5blw2z7jr4h2qkzfdmjkwak142353rq-libXext-1.3.4-dev/include -isystem /nix/store/jhxfmh0lh0dkk11fpys8350w8hk7ljf7-libXau-1.0.9-dev/include -isystem /nix/store/dci0q5r0v1j5d7vryy13as7banrix0sj-libXi-1.8-dev/include -isystem /nix/store/slpgdz4ha0w6y2c25n0ljda4536p9yi4-libXrender-0.9.10-dev/include -isystem /nix/store/l01q7h5h4wxr880jzxpc5fdrwnbqxfzn-libxkbcommon-1.5.0-dev/include -isystem /nix/store/9qzw3zscs3b4gc97bsaq991iifgz4977-xcb-util-0.4.0-dev/include -isystem /nix/store/cwvwhmigx77mydbv1h51pp2l2vijr2rs-xcb-util-image-0.4.0-dev/include -isystem /nix/store/v0qpk37hyfrpgga44f58yrb36gpay3ks-xcb-util-keysyms-0.4.0-dev/include -isystem /nix/store/x45m835963ss4all6g03wms91284j904-xcb-util-renderutil-0.3.9-dev/include -isystem /nix/store/qhjq1dap6j4h5g3srizm6dkshz63zdwv-xcb-util-wm-0.4.1-dev/include -isystem /nix/store/dzkwzx2qnhsx7938ywxqvygw5n28gy63-libXdmcp-1.1.3-dev/include -isystem /nix/store/75jd6r549krqxk1iq5cl4slrr4vci11n-libXtst-1.2.3/include -isystem /nix/store/rkz9zhzj975y9hvb8kav017da08hgq2b-xcb-util-cursor-0.1.3-dev/include -isystem /nix/store/dvrxv7fvlkj5cbjq6262m6f4jdpdvmxx-libepoxy-1.5.10-dev/include -isystem /nix/store/fqwihpqn2wmhjqw251w1r7dyw659abrh-libGL-1.6.0-dev/include -isystem /nix/store/y7fpp50b5l7l4g5hk76w2mm2p8jhrwyg-libglvnd-1.6.0-dev/include -isystem /nix/store/xr3l5mnqwgminijy321myshjx6w55530-qtsvg-6.4.2-dev/include -isystem /nix/store/a85vmwd6cgixmd25226zr4awdvh50xyd-quazip-1.3-dev/include -isystem /nix/store/jf4k9zv0nn0dij7jyh9cb7l2s4h5p65y-qt5compat-6.4.2-dev/include -isystem /nix/store/cj4cjywrz168aijw38dysql6ksafnbjs-qtdeclarative-6.4.2-dev/include -isystem /nix/store/mnpx93zc62xwqlkx0bycrab6604cdhcm-qtshadertools-6.4.2-dev/include -isystem /nix/store/iw1vmh509hcbby8dbpsaanbri4zsq7dj-python3-3.10.10/include -isystem /nix/store/h9a8m4y88pn2jg8h96j6i2blgzarrvcx-filesystem-1.5.12/include -isystem /nix/store/5ymj2l7wacvb1b154v5mhlhng406ds0k-tomlplusplus-3.3.0/include -isystem /nix/store/dkbq5hvylsc0d76lgmwyx4jm2pld63sl-cmark-0.30.3/include -isystem /nix/store/4gxhcwhrh92pn91ax09wxgqg2pqj9i61-qtwayland-6.4.2-dev/include -isystem /nix/store/wzrqym8dzidzhvm5h308kzqcan2zbf5j-gamemode-1.7-dev/include /nix/store/l341npqn3j8pwqq1nqgj5cqhnfbzhphd-cmake-3.25.1/share/cmake-3.25/Modules/CMakeCCompilerABI.c -quiet -dumpdir CMakeFiles/cmTC_ad166.dir/ -dumpbase CMakeCCompilerABI.c.c -dumpbase-ext .c -mtune=generic -march=x86-64 -O2 -Wformat=1 -Wformat-security -Werror=format-security -version -fPIC -fstack-protector-strong -fno-strict-overflow -frandom-seed=sy5449x9ji --param=ssp-buffer-size=4 -o /tmp/nix-shell.QeuHwI/ccJIvJEe.s]
  ignore line: [GNU C17 (GCC) version 12.2.0 (x86_64-unknown-linux-gnu)]
  ignore line: [	compiled by GNU C version 12.2.0  GMP version 6.2.1  MPFR version 4.2.0  MPC version 1.3.1  isl version isl-0.20-GMP]
  ignore line: []
  ignore line: [GGC heuristics: --param ggc-min-expand=100 --param ggc-min-heapsize=131072]
  ignore line: [ignoring duplicate directory "/nix/store/y7fpp50b5l7l4g5hk76w2mm2p8jhrwyg-libglvnd-1.6.0-dev/include"]
  ignore line: [ignoring duplicate directory "/nix/store/va9r2bdg56jc6qizpm6dyb97lnxfrhsy-file-5.44/include"]
  ignore line: [ignoring duplicate directory "/nix/store/jkv8vb24ab371hlsp55fj953kwh01m8n-openjdk-17.0.6+10/include"]
  ignore line: [ignoring duplicate directory "/nix/store/i9cf4vmk6kfqlds56vfllmmz0zdk7rp0-qtbase-6.4.2-dev/include"]
  ignore line: [ignoring duplicate directory "/nix/store/0z5wasald7dmipjpbx8kw31pj0kzjxpg-libxml2-2.10.3-dev/include"]
  ignore line: [ignoring duplicate directory "/nix/store/qgqsyg7gmqy3fz6shvzhcc7m7pkfw2ig-zlib-1.2.13-dev/include"]
  ignore line: [ignoring duplicate directory "/nix/store/i57f5lhc83sfnck9d6rik0dbnbxr9qlw-libxslt-1.1.37-dev/include"]
  ignore line: [ignoring duplicate directory "/nix/store/fyiwac98bi86nd5qzz9bhvs1bvmmwgad-openssl-3.0.8-dev/include"]
  ignore line: [ignoring duplicate directory "/nix/store/i1h2yf133m4rfzgfgl0zdxjxniyy6kvg-sqlite-3.40.1-dev/include"]
  ignore line: [ignoring duplicate directory "/nix/store/ci7r8mfkdg1b4wgawp6fff6ba6vyf33r-unixODBC-2.3.11/include"]
  ignore line: [ignoring duplicate directory "/nix/store/vddrjv0wnknv73njnwzj3in0467dk9qa-harfbuzz-7.0.0-dev/include"]
  ignore line: [ignoring duplicate directory "/nix/store/vgasd5zjsvdvq3w7ik13sfyyj1n0m5v7-graphite2-1.3.14/include"]
  ignore line: [ignoring duplicate directory "/nix/store/86nsxqcmzcc85qzrsczb33jwqgcyl35g-icu4c-72.1-dev/include"]
  ignore line: [ignoring duplicate directory "/nix/store/dra1y7qr8clxdssfx5s1grbg2lvg5ifd-libjpeg-turbo-2.1.4-dev/include"]
  ignore line: [ignoring duplicate directory "/nix/store/463cn57ci7xxwr28c1d68zwbr001ka8h-libpng-apng-1.6.39-dev/include"]
  ignore line: [ignoring duplicate directory "/nix/store/vr9naiikd2k84ygclm3vlr3agbjcgvzi-pcre2-10.42-dev/include"]
  ignore line: [ignoring duplicate directory "/nix/store/zc41j2il39qmw9kfwa0zl37dz4izcjdp-pcre-8.45-dev/include"]
  ignore line: [ignoring duplicate directory "/nix/store/k4w3vafb6k1b3zc2a6v1lr4w0iknnp65-libproxy-0.4.18-dev/include"]
  ignore line: [ignoring duplicate directory "/nix/store/s8axys9hpvwxn5718iwrnyvwms4djz96-zstd-1.5.4-dev/include"]
  ignore line: [ignoring duplicate directory "/nix/store/4hx2f3kfk824b3b44mhjgpph426lnj42-double-conversion-3.2.1/include"]
  ignore line: [ignoring duplicate directory "/nix/store/d9yf24k5n979y1qy03nlj1mnpijhs5rx-libb2-0.98.1/include"]
  ignore line: [ignoring duplicate directory "/nix/store/2pai53mrrahl85w7mbypxmplgx6wfqyd-md4c-0.4.8/include"]
  ignore line: [ignoring duplicate directory "/nix/store/l8d014vy8n42sp6r6j3wjqldylcyvqyk-dbus-1.14.4-dev/include"]
  ignore line: [ignoring duplicate directory "/nix/store/gqvyvc9ckzijwcw641v6qgg7fz8z63mc-expat-2.5.0-dev/include"]
  ignore line: [ignoring duplicate directory "/nix/store/152gsygyjagsirvdg3icmz4px39wddwj-glib-2.74.5-dev/include"]
  ignore line: [ignoring duplicate directory "/nix/store/4j08mgygxhi9y3957hbwqn1bg02va18y-libffi-3.4.4-dev/include"]
  ignore line: [ignoring duplicate directory "/nix/store/ik1vzp6bfwjxxg0cdcbmyl17yzn8idd4-gettext-0.21/include"]
  ignore line: [ignoring duplicate directory "/nix/store/1r3a6ji72zxvkyhqfgq1pymdiyjk93l5-glibc-iconv-2.35/include"]
  ignore line: [ignoring duplicate directory "/nix/store/f04f2mxjzx7s34payvq6lna9qcaall3s-mariadb-connector-odbc-3.1.14/include"]
  ignore line: [ignoring duplicate directory "/nix/store/2gm71c7yljswz2yz3i6125nx2rwkg9n6-systemd-252.5-dev/include"]
  ignore line: [ignoring duplicate directory "/nix/store/1gb83p8c3fkjqyb0l30lz0303jhv088k-util-linux-2.38.1-dev/include"]
  ignore line: [ignoring duplicate directory "/nix/store/xj6h98v3mjiqmwqv6zbw51xd3lgzdz7p-mtdev-1.1.6/include"]
  ignore line: [ignoring duplicate directory "/nix/store/zmqdq7fj6h273kxz969wr3h7g1jhzgz4-lksctp-tools-1.0.17/include"]
  ignore line: [ignoring duplicate directory "/nix/store/dvgpj4kwxp5pxhax93zqv80b4ql8xwla-libselinux-3.3-dev/include"]
  ignore line: [ignoring duplicate directory "/nix/store/0p1v5zn2mb55xs9297x5p7vgdnhrjjmf-libsepol-3.3-dev/include"]
  ignore line: [ignoring duplicate directory "/nix/store/zl2rzaxviah8cpknrlnpawpfvmjvjh0d-lttng-ust-2.13.1-dev/include"]
  ignore line: [ignoring duplicate directory "/nix/store/0hhi25jwagxm00kjwmh2zl395cgfdrfh-liburcu-0.13.2/include"]
  ignore line: [ignoring duplicate directory "/nix/store/k7pydn7w2dd03cchddkgzdb94brxisp9-vulkan-headers-1.3.239.0/include"]
  ignore line: [ignoring duplicate directory "/nix/store/gxsg7g5higv817948fw3jyamypfc229g-libthai-0.1.29-dev/include"]
  ignore line: [ignoring duplicate directory "/nix/store/hq2n7bnn6z2p0p94n4mixbbrsyi1qbdf-libdrm-2.4.114-dev/include"]
  ignore line: [ignoring duplicate directory "/nix/store/bin4ww0irasbdvhqqg8lcwjg3025x4pq-libdatrie-2019-12-20-dev/include"]
  ignore line: [ignoring duplicate directory "/nix/store/6bdds6632r9fp7mrh27qxjv90d7lzh0y-fontconfig-2.14.0-dev/include"]
  ignore line: [ignoring duplicate directory "/nix/store/ybd7brnb5kavanvz40mg2p5pmgnczi85-freetype-2.12.1-dev/include"]
  ignore line: [ignoring duplicate directory "/nix/store/abs0rlwm6jh4l1k831fvqggpgfrs91pv-bzip2-1.0.8-dev/include"]
  ignore line: [ignoring duplicate directory "/nix/store/84r63sb6w4l1y1ab3vmk3xg84is027y2-brotli-1.0.9-dev/include"]
  ignore line: [ignoring duplicate directory "/nix/store/q2sjb83p9kh7j653237wr5xzsdc17sgj-libX11-1.8.4-dev/include"]
  ignore line: [ignoring duplicate directory "/nix/store/9d1fbfvijywjsxh5b060qy5dd01cqbrs-xorgproto-2021.5/include"]
  ignore line: [ignoring duplicate directory "/nix/store/rr353rjxy36vvakib4cyajjj2r3gqw5x-libxcb-1.14-dev/include"]
  ignore line: [ignoring duplicate directory "/nix/store/j4i01gassjbbm5i3x4qczy21pmfw05q2-libXcomposite-0.4.5-dev/include"]
  ignore line: [ignoring duplicate directory "/nix/store/dbbvxfbsix59452vbjngfndr8xddb3nc-libXfixes-6.0.0-dev/include"]
  ignore line: [ignoring duplicate directory "/nix/store/f5blw2z7jr4h2qkzfdmjkwak142353rq-libXext-1.3.4-dev/include"]
  ignore line: [ignoring duplicate directory "/nix/store/jhxfmh0lh0dkk11fpys8350w8hk7ljf7-libXau-1.0.9-dev/include"]
  ignore line: [ignoring duplicate directory "/nix/store/dci0q5r0v1j5d7vryy13as7banrix0sj-libXi-1.8-dev/include"]
  ignore line: [ignoring duplicate directory "/nix/store/slpgdz4ha0w6y2c25n0ljda4536p9yi4-libXrender-0.9.10-dev/include"]
  ignore line: [ignoring duplicate directory "/nix/store/l01q7h5h4wxr880jzxpc5fdrwnbqxfzn-libxkbcommon-1.5.0-dev/include"]
  ignore line: [ignoring duplicate directory "/nix/store/9qzw3zscs3b4gc97bsaq991iifgz4977-xcb-util-0.4.0-dev/include"]
  ignore line: [ignoring duplicate directory "/nix/store/cwvwhmigx77mydbv1h51pp2l2vijr2rs-xcb-util-image-0.4.0-dev/include"]
  ignore line: [ignoring duplicate directory "/nix/store/v0qpk37hyfrpgga44f58yrb36gpay3ks-xcb-util-keysyms-0.4.0-dev/include"]
  ignore line: [ignoring duplicate directory "/nix/store/x45m835963ss4all6g03wms91284j904-xcb-util-renderutil-0.3.9-dev/include"]
  ignore line: [ignoring duplicate directory "/nix/store/qhjq1dap6j4h5g3srizm6dkshz63zdwv-xcb-util-wm-0.4.1-dev/include"]
  ignore line: [ignoring duplicate directory "/nix/store/dzkwzx2qnhsx7938ywxqvygw5n28gy63-libXdmcp-1.1.3-dev/include"]
  ignore line: [ignoring duplicate directory "/nix/store/75jd6r549krqxk1iq5cl4slrr4vci11n-libXtst-1.2.3/include"]
  ignore line: [ignoring duplicate directory "/nix/store/rkz9zhzj975y9hvb8kav017da08hgq2b-xcb-util-cursor-0.1.3-dev/include"]
  ignore line: [ignoring duplicate directory "/nix/store/dvrxv7fvlkj5cbjq6262m6f4jdpdvmxx-libepoxy-1.5.10-dev/include"]
  ignore line: [ignoring duplicate directory "/nix/store/fqwihpqn2wmhjqw251w1r7dyw659abrh-libGL-1.6.0-dev/include"]
  ignore line: [ignoring duplicate directory "/nix/store/y7fpp50b5l7l4g5hk76w2mm2p8jhrwyg-libglvnd-1.6.0-dev/include"]
  ignore line: [ignoring duplicate directory "/nix/store/xr3l5mnqwgminijy321myshjx6w55530-qtsvg-6.4.2-dev/include"]
  ignore line: [ignoring duplicate directory "/nix/store/a85vmwd6cgixmd25226zr4awdvh50xyd-quazip-1.3-dev/include"]
  ignore line: [ignoring duplicate directory "/nix/store/jf4k9zv0nn0dij7jyh9cb7l2s4h5p65y-qt5compat-6.4.2-dev/include"]
  ignore line: [ignoring duplicate directory "/nix/store/cj4cjywrz168aijw38dysql6ksafnbjs-qtdeclarative-6.4.2-dev/include"]
  ignore line: [ignoring duplicate directory "/nix/store/mnpx93zc62xwqlkx0bycrab6604cdhcm-qtshadertools-6.4.2-dev/include"]
  ignore line: [ignoring duplicate directory "/nix/store/iw1vmh509hcbby8dbpsaanbri4zsq7dj-python3-3.10.10/include"]
  ignore line: [ignoring duplicate directory "/nix/store/h9a8m4y88pn2jg8h96j6i2blgzarrvcx-filesystem-1.5.12/include"]
  ignore line: [ignoring duplicate directory "/nix/store/5ymj2l7wacvb1b154v5mhlhng406ds0k-tomlplusplus-3.3.0/include"]
  ignore line: [ignoring duplicate directory "/nix/store/dkbq5hvylsc0d76lgmwyx4jm2pld63sl-cmark-0.30.3/include"]
  ignore line: [ignoring duplicate directory "/nix/store/4gxhcwhrh92pn91ax09wxgqg2pqj9i61-qtwayland-6.4.2-dev/include"]
  ignore line: [ignoring duplicate directory "/nix/store/wzrqym8dzidzhvm5h308kzqcan2zbf5j-gamemode-1.7-dev/include"]
  ignore line: [ignoring nonexistent directory "/nix/store/wx4nsqbssywgx9zkabwgl9sxm5l61ni3-gcc-12.2.0/lib/gcc/x86_64-unknown-linux-gnu/12.2.0/../../../../x86_64-unknown-linux-gnu/include"]
  ignore line: [ignoring duplicate directory "/nix/store/pqnd39aq2sksad2zvswjcpkqdc7ig3f9-glibc-2.35-224-dev/include"]
  ignore line: [ignoring duplicate directory "/nix/store/wx4nsqbssywgx9zkabwgl9sxm5l61ni3-gcc-12.2.0/lib/gcc/x86_64-unknown-linux-gnu/12.2.0/include-fixed"]
  ignore line: [#include "..." search starts here:]
  ignore line: [#include <...> search starts here:]
  ignore line: [ /nix/store/va9r2bdg56jc6qizpm6dyb97lnxfrhsy-file-5.44/include]
  ignore line: [ /nix/store/jkv8vb24ab371hlsp55fj953kwh01m8n-openjdk-17.0.6+10/include]
  ignore line: [ /nix/store/i9cf4vmk6kfqlds56vfllmmz0zdk7rp0-qtbase-6.4.2-dev/include]
  ignore line: [ /nix/store/0z5wasald7dmipjpbx8kw31pj0kzjxpg-libxml2-2.10.3-dev/include]
  ignore line: [ /nix/store/qgqsyg7gmqy3fz6shvzhcc7m7pkfw2ig-zlib-1.2.13-dev/include]
  ignore line: [ /nix/store/i57f5lhc83sfnck9d6rik0dbnbxr9qlw-libxslt-1.1.37-dev/include]
  ignore line: [ /nix/store/fyiwac98bi86nd5qzz9bhvs1bvmmwgad-openssl-3.0.8-dev/include]
  ignore line: [ /nix/store/i1h2yf133m4rfzgfgl0zdxjxniyy6kvg-sqlite-3.40.1-dev/include]
  ignore line: [ /nix/store/ci7r8mfkdg1b4wgawp6fff6ba6vyf33r-unixODBC-2.3.11/include]
  ignore line: [ /nix/store/vddrjv0wnknv73njnwzj3in0467dk9qa-harfbuzz-7.0.0-dev/include]
  ignore line: [ /nix/store/vgasd5zjsvdvq3w7ik13sfyyj1n0m5v7-graphite2-1.3.14/include]
  ignore line: [ /nix/store/86nsxqcmzcc85qzrsczb33jwqgcyl35g-icu4c-72.1-dev/include]
  ignore line: [ /nix/store/dra1y7qr8clxdssfx5s1grbg2lvg5ifd-libjpeg-turbo-2.1.4-dev/include]
  ignore line: [ /nix/store/463cn57ci7xxwr28c1d68zwbr001ka8h-libpng-apng-1.6.39-dev/include]
  ignore line: [ /nix/store/vr9naiikd2k84ygclm3vlr3agbjcgvzi-pcre2-10.42-dev/include]
  ignore line: [ /nix/store/zc41j2il39qmw9kfwa0zl37dz4izcjdp-pcre-8.45-dev/include]
  ignore line: [ /nix/store/k4w3vafb6k1b3zc2a6v1lr4w0iknnp65-libproxy-0.4.18-dev/include]
  ignore line: [ /nix/store/s8axys9hpvwxn5718iwrnyvwms4djz96-zstd-1.5.4-dev/include]
  ignore line: [ /nix/store/4hx2f3kfk824b3b44mhjgpph426lnj42-double-conversion-3.2.1/include]
  ignore line: [ /nix/store/d9yf24k5n979y1qy03nlj1mnpijhs5rx-libb2-0.98.1/include]
  ignore line: [ /nix/store/2pai53mrrahl85w7mbypxmplgx6wfqyd-md4c-0.4.8/include]
  ignore line: [ /nix/store/l8d014vy8n42sp6r6j3wjqldylcyvqyk-dbus-1.14.4-dev/include]
  ignore line: [ /nix/store/gqvyvc9ckzijwcw641v6qgg7fz8z63mc-expat-2.5.0-dev/include]
  ignore line: [ /nix/store/152gsygyjagsirvdg3icmz4px39wddwj-glib-2.74.5-dev/include]
  ignore line: [ /nix/store/4j08mgygxhi9y3957hbwqn1bg02va18y-libffi-3.4.4-dev/include]
  ignore line: [ /nix/store/ik1vzp6bfwjxxg0cdcbmyl17yzn8idd4-gettext-0.21/include]
  ignore line: [ /nix/store/1r3a6ji72zxvkyhqfgq1pymdiyjk93l5-glibc-iconv-2.35/include]
  ignore line: [ /nix/store/f04f2mxjzx7s34payvq6lna9qcaall3s-mariadb-connector-odbc-3.1.14/include]
  ignore line: [ /nix/store/2gm71c7yljswz2yz3i6125nx2rwkg9n6-systemd-252.5-dev/include]
  ignore line: [ /nix/store/1gb83p8c3fkjqyb0l30lz0303jhv088k-util-linux-2.38.1-dev/include]
  ignore line: [ /nix/store/xj6h98v3mjiqmwqv6zbw51xd3lgzdz7p-mtdev-1.1.6/include]
  ignore line: [ /nix/store/zmqdq7fj6h273kxz969wr3h7g1jhzgz4-lksctp-tools-1.0.17/include]
  ignore line: [ /nix/store/dvgpj4kwxp5pxhax93zqv80b4ql8xwla-libselinux-3.3-dev/include]
  ignore line: [ /nix/store/0p1v5zn2mb55xs9297x5p7vgdnhrjjmf-libsepol-3.3-dev/include]
  ignore line: [ /nix/store/zl2rzaxviah8cpknrlnpawpfvmjvjh0d-lttng-ust-2.13.1-dev/include]
  ignore line: [ /nix/store/0hhi25jwagxm00kjwmh2zl395cgfdrfh-liburcu-0.13.2/include]
  ignore line: [ /nix/store/k7pydn7w2dd03cchddkgzdb94brxisp9-vulkan-headers-1.3.239.0/include]
  ignore line: [ /nix/store/gxsg7g5higv817948fw3jyamypfc229g-libthai-0.1.29-dev/include]
  ignore line: [ /nix/store/hq2n7bnn6z2p0p94n4mixbbrsyi1qbdf-libdrm-2.4.114-dev/include]
  ignore line: [ /nix/store/bin4ww0irasbdvhqqg8lcwjg3025x4pq-libdatrie-2019-12-20-dev/include]
  ignore line: [ /nix/store/6bdds6632r9fp7mrh27qxjv90d7lzh0y-fontconfig-2.14.0-dev/include]
  ignore line: [ /nix/store/ybd7brnb5kavanvz40mg2p5pmgnczi85-freetype-2.12.1-dev/include]
  ignore line: [ /nix/store/abs0rlwm6jh4l1k831fvqggpgfrs91pv-bzip2-1.0.8-dev/include]
  ignore line: [ /nix/store/84r63sb6w4l1y1ab3vmk3xg84is027y2-brotli-1.0.9-dev/include]
  ignore line: [ /nix/store/q2sjb83p9kh7j653237wr5xzsdc17sgj-libX11-1.8.4-dev/include]
  ignore line: [ /nix/store/9d1fbfvijywjsxh5b060qy5dd01cqbrs-xorgproto-2021.5/include]
  ignore line: [ /nix/store/rr353rjxy36vvakib4cyajjj2r3gqw5x-libxcb-1.14-dev/include]
  ignore line: [ /nix/store/j4i01gassjbbm5i3x4qczy21pmfw05q2-libXcomposite-0.4.5-dev/include]
  ignore line: [ /nix/store/dbbvxfbsix59452vbjngfndr8xddb3nc-libXfixes-6.0.0-dev/include]
  ignore line: [ /nix/store/f5blw2z7jr4h2qkzfdmjkwak142353rq-libXext-1.3.4-dev/include]
  ignore line: [ /nix/store/jhxfmh0lh0dkk11fpys8350w8hk7ljf7-libXau-1.0.9-dev/include]
  ignore line: [ /nix/store/dci0q5r0v1j5d7vryy13as7banrix0sj-libXi-1.8-dev/include]
  ignore line: [ /nix/store/slpgdz4ha0w6y2c25n0ljda4536p9yi4-libXrender-0.9.10-dev/include]
  ignore line: [ /nix/store/l01q7h5h4wxr880jzxpc5fdrwnbqxfzn-libxkbcommon-1.5.0-dev/include]
  ignore line: [ /nix/store/9qzw3zscs3b4gc97bsaq991iifgz4977-xcb-util-0.4.0-dev/include]
  ignore line: [ /nix/store/cwvwhmigx77mydbv1h51pp2l2vijr2rs-xcb-util-image-0.4.0-dev/include]
  ignore line: [ /nix/store/v0qpk37hyfrpgga44f58yrb36gpay3ks-xcb-util-keysyms-0.4.0-dev/include]
  ignore line: [ /nix/store/x45m835963ss4all6g03wms91284j904-xcb-util-renderutil-0.3.9-dev/include]
  ignore line: [ /nix/store/qhjq1dap6j4h5g3srizm6dkshz63zdwv-xcb-util-wm-0.4.1-dev/include]
  ignore line: [ /nix/store/dzkwzx2qnhsx7938ywxqvygw5n28gy63-libXdmcp-1.1.3-dev/include]
  ignore line: [ /nix/store/75jd6r549krqxk1iq5cl4slrr4vci11n-libXtst-1.2.3/include]
  ignore line: [ /nix/store/rkz9zhzj975y9hvb8kav017da08hgq2b-xcb-util-cursor-0.1.3-dev/include]
  ignore line: [ /nix/store/dvrxv7fvlkj5cbjq6262m6f4jdpdvmxx-libepoxy-1.5.10-dev/include]
  ignore line: [ /nix/store/fqwihpqn2wmhjqw251w1r7dyw659abrh-libGL-1.6.0-dev/include]
  ignore line: [ /nix/store/xr3l5mnqwgminijy321myshjx6w55530-qtsvg-6.4.2-dev/include]
  ignore line: [ /nix/store/a85vmwd6cgixmd25226zr4awdvh50xyd-quazip-1.3-dev/include]
  ignore line: [ /nix/store/jf4k9zv0nn0dij7jyh9cb7l2s4h5p65y-qt5compat-6.4.2-dev/include]
  ignore line: [ /nix/store/cj4cjywrz168aijw38dysql6ksafnbjs-qtdeclarative-6.4.2-dev/include]
  ignore line: [ /nix/store/mnpx93zc62xwqlkx0bycrab6604cdhcm-qtshadertools-6.4.2-dev/include]
  ignore line: [ /nix/store/iw1vmh509hcbby8dbpsaanbri4zsq7dj-python3-3.10.10/include]
  ignore line: [ /nix/store/h9a8m4y88pn2jg8h96j6i2blgzarrvcx-filesystem-1.5.12/include]
  ignore line: [ /nix/store/5ymj2l7wacvb1b154v5mhlhng406ds0k-tomlplusplus-3.3.0/include]
  ignore line: [ /nix/store/dkbq5hvylsc0d76lgmwyx4jm2pld63sl-cmark-0.30.3/include]
  ignore line: [ /nix/store/4gxhcwhrh92pn91ax09wxgqg2pqj9i61-qtwayland-6.4.2-dev/include]
  ignore line: [ /nix/store/wzrqym8dzidzhvm5h308kzqcan2zbf5j-gamemode-1.7-dev/include]
  ignore line: [ /nix/store/wx4nsqbssywgx9zkabwgl9sxm5l61ni3-gcc-12.2.0/lib/gcc/x86_64-unknown-linux-gnu/12.2.0/include]
  ignore line: [ /nix/store/wx4nsqbssywgx9zkabwgl9sxm5l61ni3-gcc-12.2.0/include]
  ignore line: [ /nix/store/wx4nsqbssywgx9zkabwgl9sxm5l61ni3-gcc-12.2.0/lib/gcc/x86_64-unknown-linux-gnu/12.2.0/include-fixed]
  ignore line: [ /nix/store/pqnd39aq2sksad2zvswjcpkqdc7ig3f9-glibc-2.35-224-dev/include]
  ignore line: [End of search list.]
  ignore line: [GNU C17 (GCC) version 12.2.0 (x86_64-unknown-linux-gnu)]
  ignore line: [	compiled by GNU C version 12.2.0  GMP version 6.2.1  MPFR version 4.2.0  MPC version 1.3.1  isl version isl-0.20-GMP]
  ignore line: []
  ignore line: [GGC heuristics: --param ggc-min-expand=100 --param ggc-min-heapsize=131072]
  ignore line: [Compiler executable checksum: a8ebfe3ab78a1cfcc8b78efc9ca0f788]
  ignore line: [COLLECT_GCC_OPTIONS='-fPIC' '-Wformat=1' '-Wformat-security' '-Werror=format-security' '-fstack-protector-strong' '--param=ssp-buffer-size=4' '-O2' '-U' '_FORTIFY_SOURCE' '-D' '_FORTIFY_SOURCE=2' '-fno-strict-overflow' '-v' '-o' 'CMakeFiles/cmTC_ad166.dir/CMakeCCompilerABI.c.o' '-c' '-B' '/nix/store/76l4v99sk83ylfwkz8wmwrm4s8h73rhd-glibc-2.35-224/lib/' '-idirafter' '/nix/store/pqnd39aq2sksad2zvswjcpkqdc7ig3f9-glibc-2.35-224-dev/include' '-idirafter' '/nix/store/wx4nsqbssywgx9zkabwgl9sxm5l61ni3-gcc-12.2.0/lib/gcc/x86_64-unknown-linux-gnu/12.2.0/include-fixed' '-B' '/nix/store/2w4k8nvdyiggz717ygbbxchpnxrqc6y9-gcc-12.2.0-lib/lib' '-B' '/nix/store/bfbp3ypd9nm3fapz634gvvs738blrl0y-gcc-wrapper-12.2.0/bin/' '-frandom-seed=sy5449x9ji' '-D' 'QT_NO_DEBUG' '-isystem' '/nix/store/va9r2bdg56jc6qizpm6dyb97lnxfrhsy-file-5.44/include' '-isystem' '/nix/store/jkv8vb24ab371hlsp55fj953kwh01m8n-openjdk-17.0.6+10/include' '-isystem' '/nix/store/i9cf4vmk6kfqlds56vfllmmz0zdk7rp0-qtbase-6.4.2-dev/include' '-isystem' '/nix/store/0z5wasald7dmipjpbx8kw31pj0kzjxpg-libxml2-2.10.3-dev/include' '-isystem' '/nix/store/qgqsyg7gmqy3fz6shvzhcc7m7pkfw2ig-zlib-1.2.13-dev/include' '-isystem' '/nix/store/i57f5lhc83sfnck9d6rik0dbnbxr9qlw-libxslt-1.1.37-dev/include' '-isystem' '/nix/store/fyiwac98bi86nd5qzz9bhvs1bvmmwgad-openssl-3.0.8-dev/include' '-isystem' '/nix/store/i1h2yf133m4rfzgfgl0zdxjxniyy6kvg-sqlite-3.40.1-dev/include' '-isystem' '/nix/store/ci7r8mfkdg1b4wgawp6fff6ba6vyf33r-unixODBC-2.3.11/include' '-isystem' '/nix/store/vddrjv0wnknv73njnwzj3in0467dk9qa-harfbuzz-7.0.0-dev/include' '-isystem' '/nix/store/vgasd5zjsvdvq3w7ik13sfyyj1n0m5v7-graphite2-1.3.14/include' '-isystem' '/nix/store/86nsxqcmzcc85qzrsczb33jwqgcyl35g-icu4c-72.1-dev/include' '-isystem' '/nix/store/dra1y7qr8clxdssfx5s1grbg2lvg5ifd-libjpeg-turbo-2.1.4-dev/include' '-isystem' '/nix/store/463cn57ci7xxwr28c1d68zwbr001ka8h-libpng-apng-1.6.39-dev/include' '-isystem' '/nix/store/vr9naiikd2k84ygclm3vlr3agbjcgvzi-pcre2-10.42-dev/include' '-isystem' '/nix/store/zc41j2il39qmw9kfwa0zl37dz4izcjdp-pcre-8.45-dev/include' '-isystem' '/nix/store/k4w3vafb6k1b3zc2a6v1lr4w0iknnp65-libproxy-0.4.18-dev/include' '-isystem' '/nix/store/s8axys9hpvwxn5718iwrnyvwms4djz96-zstd-1.5.4-dev/include' '-isystem' '/nix/store/4hx2f3kfk824b3b44mhjgpph426lnj42-double-conversion-3.2.1/include' '-isystem' '/nix/store/d9yf24k5n979y1qy03nlj1mnpijhs5rx-libb2-0.98.1/include' '-isystem' '/nix/store/2pai53mrrahl85w7mbypxmplgx6wfqyd-md4c-0.4.8/include' '-isystem' '/nix/store/l8d014vy8n42sp6r6j3wjqldylcyvqyk-dbus-1.14.4-dev/include' '-isystem' '/nix/store/gqvyvc9ckzijwcw641v6qgg7fz8z63mc-expat-2.5.0-dev/include' '-isystem' '/nix/store/152gsygyjagsirvdg3icmz4px39wddwj-glib-2.74.5-dev/include' '-isystem' '/nix/store/4j08mgygxhi9y3957hbwqn1bg02va18y-libffi-3.4.4-dev/include' '-isystem' '/nix/store/ik1vzp6bfwjxxg0cdcbmyl17yzn8idd4-gettext-0.21/include' '-isystem' '/nix/store/1r3a6ji72zxvkyhqfgq1pymdiyjk93l5-glibc-iconv-2.35/include' '-isystem' '/nix/store/f04f2mxjzx7s34payvq6lna9qcaall3s-mariadb-connector-odbc-3.1.14/include' '-isystem' '/nix/store/2gm71c7yljswz2yz3i6125nx2rwkg9n6-systemd-252.5-dev/include' '-isystem' '/nix/store/1gb83p8c3fkjqyb0l30lz0303jhv088k-util-linux-2.38.1-dev/include' '-isystem' '/nix/store/xj6h98v3mjiqmwqv6zbw51xd3lgzdz7p-mtdev-1.1.6/include' '-isystem' '/nix/store/zmqdq7fj6h273kxz969wr3h7g1jhzgz4-lksctp-tools-1.0.17/include' '-isystem' '/nix/store/dvgpj4kwxp5pxhax93zqv80b4ql8xwla-libselinux-3.3-dev/include' '-isystem' '/nix/store/0p1v5zn2mb55xs9297x5p7vgdnhrjjmf-libsepol-3.3-dev/include' '-isystem' '/nix/store/zl2rzaxviah8cpknrlnpawpfvmjvjh0d-lttng-ust-2.13.1-dev/include' '-isystem' '/nix/store/0hhi25jwagxm00kjwmh2zl395cgfdrfh-liburcu-0.13.2/include' '-isystem' '/nix/store/k7pydn7w2dd03cchddkgzdb94brxisp9-vulkan-headers-1.3.239.0/include' '-isystem' '/nix/store/gxsg7g5higv817948fw3jyamypfc229g-libthai-0.1.29-dev/include' '-isystem' '/nix/store/hq2n7bnn6z2p0p94n4mixbbrsyi1qbdf-libdrm-2.4.114-dev/include' '-isystem' '/nix/store/bin4ww0irasbdvhqqg8lcwjg3025x4pq-libdatrie-2019-12-20-dev/include' '-isystem' '/nix/store/6bdds6632r9fp7mrh27qxjv90d7lzh0y-fontconfig-2.14.0-dev/include' '-isystem' '/nix/store/ybd7brnb5kavanvz40mg2p5pmgnczi85-freetype-2.12.1-dev/include' '-isystem' '/nix/store/abs0rlwm6jh4l1k831fvqggpgfrs91pv-bzip2-1.0.8-dev/include' '-isystem' '/nix/store/84r63sb6w4l1y1ab3vmk3xg84is027y2-brotli-1.0.9-dev/include' '-isystem' '/nix/store/q2sjb83p9kh7j653237wr5xzsdc17sgj-libX11-1.8.4-dev/include' '-isystem' '/nix/store/9d1fbfvijywjsxh5b060qy5dd01cqbrs-xorgproto-2021.5/include' '-isystem' '/nix/store/rr353rjxy36vvakib4cyajjj2r3gqw5x-libxcb-1.14-dev/include' '-isystem' '/nix/store/j4i01gassjbbm5i3x4qczy21pmfw05q2-libXcomposite-0.4.5-dev/include' '-isystem' '/nix/store/dbbvxfbsix59452vbjngfndr8xddb3nc-libXfixes-6.0.0-dev/include' '-isystem' '/nix/store/f5blw2z7jr4h2qkzfdmjkwak142353rq-libXext-1.3.4-dev/include' '-isystem' '/nix/store/jhxfmh0lh0dkk11fpys8350w8hk7ljf7-libXau-1.0.9-dev/include' '-isystem' '/nix/store/dci0q5r0v1j5d7vryy13as7banrix0sj-libXi-1.8-dev/include' '-isystem' '/nix/store/slpgdz4ha0w6y2c25n0ljda4536p9yi4-libXrender-0.9.10-dev/include' '-isystem' '/nix/store/l01q7h5h4wxr880jzxpc5fdrwnbqxfzn-libxkbcommon-1.5.0-dev/include' '-isystem' '/nix/store/9qzw3zscs3b4gc97bsaq991iifgz4977-xcb-util-0.4.0-dev/include' '-isystem' '/nix/store/cwvwhmigx77mydbv1h51pp2l2vijr2rs-xcb-util-image-0.4.0-dev/include' '-isystem' '/nix/store/v0qpk37hyfrpgga44f58yrb36gpay3ks-xcb-util-keysyms-0.4.0-dev/include' '-isystem' '/nix/store/x45m835963ss4all6g03wms91284j904-xcb-util-renderutil-0.3.9-dev/include' '-isystem' '/nix/store/qhjq1dap6j4h5g3srizm6dkshz63zdwv-xcb-util-wm-0.4.1-dev/include' '-isystem' '/nix/store/dzkwzx2qnhsx7938ywxqvygw5n28gy63-libXdmcp-1.1.3-dev/include' '-isystem' '/nix/store/75jd6r549krqxk1iq5cl4slrr4vci11n-libXtst-1.2.3/include' '-isystem' '/nix/store/rkz9zhzj975y9hvb8kav017da08hgq2b-xcb-util-cursor-0.1.3-dev/include' '-isystem' '/nix/store/dvrxv7fvlkj5cbjq6262m6f4jdpdvmxx-libepoxy-1.5.10-dev/include' '-isystem' '/nix/store/fqwihpqn2wmhjqw251w1r7dyw659abrh-libGL-1.6.0-dev/include' '-isystem' '/nix/store/y7fpp50b5l7l4g5hk76w2mm2p8jhrwyg-libglvnd-1.6.0-dev/include' '-isystem' '/nix/store/xr3l5mnqwgminijy321myshjx6w55530-qtsvg-6.4.2-dev/include' '-isystem' '/nix/store/a85vmwd6cgixmd25226zr4awdvh50xyd-quazip-1.3-dev/include' '-isystem' '/nix/store/jf4k9zv0nn0dij7jyh9cb7l2s4h5p65y-qt5compat-6.4.2-dev/include' '-isystem' '/nix/store/cj4cjywrz168aijw38dysql6ksafnbjs-qtdeclarative-6.4.2-dev/include' '-isystem' '/nix/store/mnpx93zc62xwqlkx0bycrab6604cdhcm-qtshadertools-6.4.2-dev/include' '-isystem' '/nix/store/iw1vmh509hcbby8dbpsaanbri4zsq7dj-python3-3.10.10/include' '-isystem' '/nix/store/h9a8m4y88pn2jg8h96j6i2blgzarrvcx-filesystem-1.5.12/include' '-isystem' '/nix/store/5ymj2l7wacvb1b154v5mhlhng406ds0k-tomlplusplus-3.3.0/include' '-isystem' '/nix/store/dkbq5hvylsc0d76lgmwyx4jm2pld63sl-cmark-0.30.3/include' '-isystem' '/nix/store/4gxhcwhrh92pn91ax09wxgqg2pqj9i61-qtwayland-6.4.2-dev/include' '-isystem' '/nix/store/wzrqym8dzidzhvm5h308kzqcan2zbf5j-gamemode-1.7-dev/include' '-isystem' '/nix/store/va9r2bdg56jc6qizpm6dyb97lnxfrhsy-file-5.44/include' '-isystem' '/nix/store/jkv8vb24ab371hlsp55fj953kwh01m8n-openjdk-17.0.6+10/include' '-isystem' '/nix/store/i9cf4vmk6kfqlds56vfllmmz0zdk7rp0-qtbase-6.4.2-dev/include' '-isystem' '/nix/store/0z5wasald7dmipjpbx8kw31pj0kzjxpg-libxml2-2.10.3-dev/include' '-isystem' '/nix/store/qgqsyg7gmqy3fz6shvzhcc7m7pkfw2ig-zlib-1.2.13-dev/include' '-isystem' '/nix/store/i57f5lhc83sfnck9d6rik0dbnbxr9qlw-libxslt-1.1.37-dev/include' '-isystem' '/nix/store/fyiwac98bi86nd5qzz9bhvs1bvmmwgad-openssl-3.0.8-dev/include' '-isystem' '/nix/store/i1h2yf133m4rfzgfgl0zdxjxniyy6kvg-sqlite-3.40.1-dev/include' '-isystem' '/nix/store/ci7r8mfkdg1b4wgawp6fff6ba6vyf33r-unixODBC-2.3.11/include' '-isystem' '/nix/store/vddrjv0wnknv73njnwzj3in0467dk9qa-harfbuzz-7.0.0-dev/include' '-isystem' '/nix/store/vgasd5zjsvdvq3w7ik13sfyyj1n0m5v7-graphite2-1.3.14/include' '-isystem' '/nix/store/86nsxqcmzcc85qzrsczb33jwqgcyl35g-icu4c-72.1-dev/include' '-isystem' '/nix/store/dra1y7qr8clxdssfx5s1grbg2lvg5ifd-libjpeg-turbo-2.1.4-dev/include' '-isystem' '/nix/store/463cn57ci7xxwr28c1d68zwbr001ka8h-libpng-apng-1.6.39-dev/include' '-isystem' '/nix/store/vr9naiikd2k84ygclm3vlr3agbjcgvzi-pcre2-10.42-dev/include' '-isystem' '/nix/store/zc41j2il39qmw9kfwa0zl37dz4izcjdp-pcre-8.45-dev/include' '-isystem' '/nix/store/k4w3vafb6k1b3zc2a6v1lr4w0iknnp65-libproxy-0.4.18-dev/include' '-isystem' '/nix/store/s8axys9hpvwxn5718iwrnyvwms4djz96-zstd-1.5.4-dev/include' '-isystem' '/nix/store/4hx2f3kfk824b3b44mhjgpph426lnj42-double-conversion-3.2.1/include' '-isystem' '/nix/store/d9yf24k5n979y1qy03nlj1mnpijhs5rx-libb2-0.98.1/include' '-isystem' '/nix/store/2pai53mrrahl85w7mbypxmplgx6wfqyd-md4c-0.4.8/include' '-isystem' '/nix/store/l8d014vy8n42sp6r6j3wjqldylcyvqyk-dbus-1.14.4-dev/include' '-isystem' '/nix/store/gqvyvc9ckzijwcw641v6qgg7fz8z63mc-expat-2.5.0-dev/include' '-isystem' '/nix/store/152gsygyjagsirvdg3icmz4px39wddwj-glib-2.74.5-dev/include' '-isystem' '/nix/store/4j08mgygxhi9y3957hbwqn1bg02va18y-libffi-3.4.4-dev/include' '-isystem' '/nix/store/ik1vzp6bfwjxxg0cdcbmyl17yzn8idd4-gettext-0.21/include' '-isystem' '/nix/store/1r3a6ji72zxvkyhqfgq1pymdiyjk93l5-glibc-iconv-2.35/include' '-isystem' '/nix/store/f04f2mxjzx7s34payvq6lna9qcaall3s-mariadb-connector-odbc-3.1.14/include' '-isystem' '/nix/store/2gm71c7yljswz2yz3i6125nx2rwkg9n6-systemd-252.5-dev/include' '-isystem' '/nix/store/1gb83p8c3fkjqyb0l30lz0303jhv088k-util-linux-2.38.1-dev/include' '-isystem' '/nix/store/xj6h98v3mjiqmwqv6zbw51xd3lgzdz7p-mtdev-1.1.6/include' '-isystem' '/nix/store/zmqdq7fj6h273kxz969wr3h7g1jhzgz4-lksctp-tools-1.0.17/include' '-isystem' '/nix/store/dvgpj4kwxp5pxhax93zqv80b4ql8xwla-libselinux-3.3-dev/include' '-isystem' '/nix/store/0p1v5zn2mb55xs9297x5p7vgdnhrjjmf-libsepol-3.3-dev/include' '-isystem' '/nix/store/zl2rzaxviah8cpknrlnpawpfvmjvjh0d-lttng-ust-2.13.1-dev/include' '-isystem' '/nix/store/0hhi25jwagxm00kjwmh2zl395cgfdrfh-liburcu-0.13.2/include' '-isystem' '/nix/store/k7pydn7w2dd03cchddkgzdb94brxisp9-vulkan-headers-1.3.239.0/include' '-isystem' '/nix/store/gxsg7g5higv817948fw3jyamypfc229g-libthai-0.1.29-dev/include' '-isystem' '/nix/store/hq2n7bnn6z2p0p94n4mixbbrsyi1qbdf-libdrm-2.4.114-dev/include' '-isystem' '/nix/store/bin4ww0irasbdvhqqg8lcwjg3025x4pq-libdatrie-2019-12-20-dev/include' '-isystem' '/nix/store/6bdds6632r9fp7mrh27qxjv90d7lzh0y-fontconfig-2.14.0-dev/include' '-isystem' '/nix/store/ybd7brnb5kavanvz40mg2p5pmgnczi85-freetype-2.12.1-dev/include' '-isystem' '/nix/store/abs0rlwm6jh4l1k831fvqggpgfrs91pv-bzip2-1.0.8-dev/include' '-isystem' '/nix/store/84r63sb6w4l1y1ab3vmk3xg84is027y2-brotli-1.0.9-dev/include' '-isystem' '/nix/store/q2sjb83p9kh7j653237wr5xzsdc17sgj-libX11-1.8.4-dev/include' '-isystem' '/nix/store/9d1fbfvijywjsxh5b060qy5dd01cqbrs-xorgproto-2021.5/include' '-isystem' '/nix/store/rr353rjxy36vvakib4cyajjj2r3gqw5x-libxcb-1.14-dev/include' '-isystem' '/nix/store/j4i01gassjbbm5i3x4qczy21pmfw05q2-libXcomposite-0.4.5-dev/include' '-isystem' '/nix/store/dbbvxfbsix59452vbjngfndr8xddb3nc-libXfixes-6.0.0-dev/include' '-isystem' '/nix/store/f5blw2z7jr4h2qkzfdmjkwak142353rq-libXext-1.3.4-dev/include' '-isystem' '/nix/store/jhxfmh0lh0dkk11fpys8350w8hk7ljf7-libXau-1.0.9-dev/include' '-isystem' '/nix/store/dci0q5r0v1j5d7vryy13as7banrix0sj-libXi-1.8-dev/include' '-isystem' '/nix/store/slpgdz4ha0w6y2c25n0ljda4536p9yi4-libXrender-0.9.10-dev/include' '-isystem' '/nix/store/l01q7h5h4wxr880jzxpc5fdrwnbqxfzn-libxkbcommon-1.5.0-dev/include' '-isystem' '/nix/store/9qzw3zscs3b4gc97bsaq991iifgz4977-xcb-util-0.4.0-dev/include' '-isystem' '/nix/store/cwvwhmigx77mydbv1h51pp2l2vijr2rs-xcb-util-image-0.4.0-dev/include' '-isystem' '/nix/store/v0qpk37hyfrpgga44f58yrb36gpay3ks-xcb-util-keysyms-0.4.0-dev/include' '-isystem' '/nix/store/x45m835963ss4all6g03wms91284j904-xcb-util-renderutil-0.3.9-dev/include' '-isystem' '/nix/store/qhjq1dap6j4h5g3srizm6dkshz63zdwv-xcb-util-wm-0.4.1-dev/include' '-isystem' '/nix/store/dzkwzx2qnhsx7938ywxqvygw5n28gy63-libXdmcp-1.1.3-dev/include' '-isystem' '/nix/store/75jd6r549krqxk1iq5cl4slrr4vci11n-libXtst-1.2.3/include' '-isystem' '/nix/store/rkz9zhzj975y9hvb8kav017da08hgq2b-xcb-util-cursor-0.1.3-dev/include' '-isystem' '/nix/store/dvrxv7fvlkj5cbjq6262m6f4jdpdvmxx-libepoxy-1.5.10-dev/include' '-isystem' '/nix/store/fqwihpqn2wmhjqw251w1r7dyw659abrh-libGL-1.6.0-dev/include' '-isystem' '/nix/store/y7fpp50b5l7l4g5hk76w2mm2p8jhrwyg-libglvnd-1.6.0-dev/include' '-isystem' '/nix/store/xr3l5mnqwgminijy321myshjx6w55530-qtsvg-6.4.2-dev/include' '-isystem' '/nix/store/a85vmwd6cgixmd25226zr4awdvh50xyd-quazip-1.3-dev/include' '-isystem' '/nix/store/jf4k9zv0nn0dij7jyh9cb7l2s4h5p65y-qt5compat-6.4.2-dev/include' '-isystem' '/nix/store/cj4cjywrz168aijw38dysql6ksafnbjs-qtdeclarative-6.4.2-dev/include' '-isystem' '/nix/store/mnpx93zc62xwqlkx0bycrab6604cdhcm-qtshadertools-6.4.2-dev/include' '-isystem' '/nix/store/iw1vmh509hcbby8dbpsaanbri4zsq7dj-python3-3.10.10/include' '-isystem' '/nix/store/h9a8m4y88pn2jg8h96j6i2blgzarrvcx-filesystem-1.5.12/include' '-isystem' '/nix/store/5ymj2l7wacvb1b154v5mhlhng406ds0k-tomlplusplus-3.3.0/include' '-isystem' '/nix/store/dkbq5hvylsc0d76lgmwyx4jm2pld63sl-cmark-0.30.3/include' '-isystem' '/nix/store/4gxhcwhrh92pn91ax09wxgqg2pqj9i61-qtwayland-6.4.2-dev/include' '-isystem' '/nix/store/wzrqym8dzidzhvm5h308kzqcan2zbf5j-gamemode-1.7-dev/include' '-mtune=generic' '-march=x86-64' '-dumpdir' 'CMakeFiles/cmTC_ad166.dir/']
  ignore line: [ /nix/store/bfbp3ypd9nm3fapz634gvvs738blrl0y-gcc-wrapper-12.2.0/bin/as -v --64 -o CMakeFiles/cmTC_ad166.dir/CMakeCCompilerABI.c.o /tmp/nix-shell.QeuHwI/ccJIvJEe.s]
  ignore line: [GNU assembler version 2.40 (x86_64-unknown-linux-gnu) using BFD version (GNU Binutils) 2.40]
  ignore line: [COMPILER_PATH=/nix/store/76l4v99sk83ylfwkz8wmwrm4s8h73rhd-glibc-2.35-224/lib/:/nix/store/2w4k8nvdyiggz717ygbbxchpnxrqc6y9-gcc-12.2.0-lib/lib/:/nix/store/bfbp3ypd9nm3fapz634gvvs738blrl0y-gcc-wrapper-12.2.0/bin/:/nix/store/wx4nsqbssywgx9zkabwgl9sxm5l61ni3-gcc-12.2.0/libexec/gcc/x86_64-unknown-linux-gnu/12.2.0/:/nix/store/wx4nsqbssywgx9zkabwgl9sxm5l61ni3-gcc-12.2.0/libexec/gcc/x86_64-unknown-linux-gnu/12.2.0/:/nix/store/wx4nsqbssywgx9zkabwgl9sxm5l61ni3-gcc-12.2.0/libexec/gcc/x86_64-unknown-linux-gnu/:/nix/store/wx4nsqbssywgx9zkabwgl9sxm5l61ni3-gcc-12.2.0/lib/gcc/x86_64-unknown-linux-gnu/12.2.0/:/nix/store/wx4nsqbssywgx9zkabwgl9sxm5l61ni3-gcc-12.2.0/lib/gcc/x86_64-unknown-linux-gnu/]
  ignore line: [LIBRARY_PATH=/nix/store/76l4v99sk83ylfwkz8wmwrm4s8h73rhd-glibc-2.35-224/lib/:/nix/store/2w4k8nvdyiggz717ygbbxchpnxrqc6y9-gcc-12.2.0-lib/lib/:/nix/store/bfbp3ypd9nm3fapz634gvvs738blrl0y-gcc-wrapper-12.2.0/bin/:/nix/store/wx4nsqbssywgx9zkabwgl9sxm5l61ni3-gcc-12.2.0/lib/gcc/x86_64-unknown-linux-gnu/12.2.0/:/nix/store/wx4nsqbssywgx9zkabwgl9sxm5l61ni3-gcc-12.2.0/lib/gcc/x86_64-unknown-linux-gnu/12.2.0/../../../../lib64/:/nix/store/wx4nsqbssywgx9zkabwgl9sxm5l61ni3-gcc-12.2.0/lib/gcc/x86_64-unknown-linux-gnu/12.2.0/../../../]
  ignore line: [COLLECT_GCC_OPTIONS='-fPIC' '-Wformat=1' '-Wformat-security' '-Werror=format-security' '-fstack-protector-strong' '--param=ssp-buffer-size=4' '-O2' '-U' '_FORTIFY_SOURCE' '-D' '_FORTIFY_SOURCE=2' '-fno-strict-overflow' '-v' '-o' 'CMakeFiles/cmTC_ad166.dir/CMakeCCompilerABI.c.o' '-c' '-B' '/nix/store/76l4v99sk83ylfwkz8wmwrm4s8h73rhd-glibc-2.35-224/lib/' '-idirafter' '/nix/store/pqnd39aq2sksad2zvswjcpkqdc7ig3f9-glibc-2.35-224-dev/include' '-idirafter' '/nix/store/wx4nsqbssywgx9zkabwgl9sxm5l61ni3-gcc-12.2.0/lib/gcc/x86_64-unknown-linux-gnu/12.2.0/include-fixed' '-B' '/nix/store/2w4k8nvdyiggz717ygbbxchpnxrqc6y9-gcc-12.2.0-lib/lib' '-B' '/nix/store/bfbp3ypd9nm3fapz634gvvs738blrl0y-gcc-wrapper-12.2.0/bin/' '-frandom-seed=sy5449x9ji' '-D' 'QT_NO_DEBUG' '-isystem' '/nix/store/va9r2bdg56jc6qizpm6dyb97lnxfrhsy-file-5.44/include' '-isystem' '/nix/store/jkv8vb24ab371hlsp55fj953kwh01m8n-openjdk-17.0.6+10/include' '-isystem' '/nix/store/i9cf4vmk6kfqlds56vfllmmz0zdk7rp0-qtbase-6.4.2-dev/include' '-isystem' '/nix/store/0z5wasald7dmipjpbx8kw31pj0kzjxpg-libxml2-2.10.3-dev/include' '-isystem' '/nix/store/qgqsyg7gmqy3fz6shvzhcc7m7pkfw2ig-zlib-1.2.13-dev/include' '-isystem' '/nix/store/i57f5lhc83sfnck9d6rik0dbnbxr9qlw-libxslt-1.1.37-dev/include' '-isystem' '/nix/store/fyiwac98bi86nd5qzz9bhvs1bvmmwgad-openssl-3.0.8-dev/include' '-isystem' '/nix/store/i1h2yf133m4rfzgfgl0zdxjxniyy6kvg-sqlite-3.40.1-dev/include' '-isystem' '/nix/store/ci7r8mfkdg1b4wgawp6fff6ba6vyf33r-unixODBC-2.3.11/include' '-isystem' '/nix/store/vddrjv0wnknv73njnwzj3in0467dk9qa-harfbuzz-7.0.0-dev/include' '-isystem' '/nix/store/vgasd5zjsvdvq3w7ik13sfyyj1n0m5v7-graphite2-1.3.14/include' '-isystem' '/nix/store/86nsxqcmzcc85qzrsczb33jwqgcyl35g-icu4c-72.1-dev/include' '-isystem' '/nix/store/dra1y7qr8clxdssfx5s1grbg2lvg5ifd-libjpeg-turbo-2.1.4-dev/include' '-isystem' '/nix/store/463cn57ci7xxwr28c1d68zwbr001ka8h-libpng-apng-1.6.39-dev/include' '-isystem' '/nix/store/vr9naiikd2k84ygclm3vlr3agbjcgvzi-pcre2-10.42-dev/include' '-isystem' '/nix/store/zc41j2il39qmw9kfwa0zl37dz4izcjdp-pcre-8.45-dev/include' '-isystem' '/nix/store/k4w3vafb6k1b3zc2a6v1lr4w0iknnp65-libproxy-0.4.18-dev/include' '-isystem' '/nix/store/s8axys9hpvwxn5718iwrnyvwms4djz96-zstd-1.5.4-dev/include' '-isystem' '/nix/store/4hx2f3kfk824b3b44mhjgpph426lnj42-double-conversion-3.2.1/include' '-isystem' '/nix/store/d9yf24k5n979y1qy03nlj1mnpijhs5rx-libb2-0.98.1/include' '-isystem' '/nix/store/2pai53mrrahl85w7mbypxmplgx6wfqyd-md4c-0.4.8/include' '-isystem' '/nix/store/l8d014vy8n42sp6r6j3wjqldylcyvqyk-dbus-1.14.4-dev/include' '-isystem' '/nix/store/gqvyvc9ckzijwcw641v6qgg7fz8z63mc-expat-2.5.0-dev/include' '-isystem' '/nix/store/152gsygyjagsirvdg3icmz4px39wddwj-glib-2.74.5-dev/include' '-isystem' '/nix/store/4j08mgygxhi9y3957hbwqn1bg02va18y-libffi-3.4.4-dev/include' '-isystem' '/nix/store/ik1vzp6bfwjxxg0cdcbmyl17yzn8idd4-gettext-0.21/include' '-isystem' '/nix/store/1r3a6ji72zxvkyhqfgq1pymdiyjk93l5-glibc-iconv-2.35/include' '-isystem' '/nix/store/f04f2mxjzx7s34payvq6lna9qcaall3s-mariadb-connector-odbc-3.1.14/include' '-isystem' '/nix/store/2gm71c7yljswz2yz3i6125nx2rwkg9n6-systemd-252.5-dev/include' '-isystem' '/nix/store/1gb83p8c3fkjqyb0l30lz0303jhv088k-util-linux-2.38.1-dev/include' '-isystem' '/nix/store/xj6h98v3mjiqmwqv6zbw51xd3lgzdz7p-mtdev-1.1.6/include' '-isystem' '/nix/store/zmqdq7fj6h273kxz969wr3h7g1jhzgz4-lksctp-tools-1.0.17/include' '-isystem' '/nix/store/dvgpj4kwxp5pxhax93zqv80b4ql8xwla-libselinux-3.3-dev/include' '-isystem' '/nix/store/0p1v5zn2mb55xs9297x5p7vgdnhrjjmf-libsepol-3.3-dev/include' '-isystem' '/nix/store/zl2rzaxviah8cpknrlnpawpfvmjvjh0d-lttng-ust-2.13.1-dev/include' '-isystem' '/nix/store/0hhi25jwagxm00kjwmh2zl395cgfdrfh-liburcu-0.13.2/include' '-isystem' '/nix/store/k7pydn7w2dd03cchddkgzdb94brxisp9-vulkan-headers-1.3.239.0/include' '-isystem' '/nix/store/gxsg7g5higv817948fw3jyamypfc229g-libthai-0.1.29-dev/include' '-isystem' '/nix/store/hq2n7bnn6z2p0p94n4mixbbrsyi1qbdf-libdrm-2.4.114-dev/include' '-isystem' '/nix/store/bin4ww0irasbdvhqqg8lcwjg3025x4pq-libdatrie-2019-12-20-dev/include' '-isystem' '/nix/store/6bdds6632r9fp7mrh27qxjv90d7lzh0y-fontconfig-2.14.0-dev/include' '-isystem' '/nix/store/ybd7brnb5kavanvz40mg2p5pmgnczi85-freetype-2.12.1-dev/include' '-isystem' '/nix/store/abs0rlwm6jh4l1k831fvqggpgfrs91pv-bzip2-1.0.8-dev/include' '-isystem' '/nix/store/84r63sb6w4l1y1ab3vmk3xg84is027y2-brotli-1.0.9-dev/include' '-isystem' '/nix/store/q2sjb83p9kh7j653237wr5xzsdc17sgj-libX11-1.8.4-dev/include' '-isystem' '/nix/store/9d1fbfvijywjsxh5b060qy5dd01cqbrs-xorgproto-2021.5/include' '-isystem' '/nix/store/rr353rjxy36vvakib4cyajjj2r3gqw5x-libxcb-1.14-dev/include' '-isystem' '/nix/store/j4i01gassjbbm5i3x4qczy21pmfw05q2-libXcomposite-0.4.5-dev/include' '-isystem' '/nix/store/dbbvxfbsix59452vbjngfndr8xddb3nc-libXfixes-6.0.0-dev/include' '-isystem' '/nix/store/f5blw2z7jr4h2qkzfdmjkwak142353rq-libXext-1.3.4-dev/include' '-isystem' '/nix/store/jhxfmh0lh0dkk11fpys8350w8hk7ljf7-libXau-1.0.9-dev/include' '-isystem' '/nix/store/dci0q5r0v1j5d7vryy13as7banrix0sj-libXi-1.8-dev/include' '-isystem' '/nix/store/slpgdz4ha0w6y2c25n0ljda4536p9yi4-libXrender-0.9.10-dev/include' '-isystem' '/nix/store/l01q7h5h4wxr880jzxpc5fdrwnbqxfzn-libxkbcommon-1.5.0-dev/include' '-isystem' '/nix/store/9qzw3zscs3b4gc97bsaq991iifgz4977-xcb-util-0.4.0-dev/include' '-isystem' '/nix/store/cwvwhmigx77mydbv1h51pp2l2vijr2rs-xcb-util-image-0.4.0-dev/include' '-isystem' '/nix/store/v0qpk37hyfrpgga44f58yrb36gpay3ks-xcb-util-keysyms-0.4.0-dev/include' '-isystem' '/nix/store/x45m835963ss4all6g03wms91284j904-xcb-util-renderutil-0.3.9-dev/include' '-isystem' '/nix/store/qhjq1dap6j4h5g3srizm6dkshz63zdwv-xcb-util-wm-0.4.1-dev/include' '-isystem' '/nix/store/dzkwzx2qnhsx7938ywxqvygw5n28gy63-libXdmcp-1.1.3-dev/include' '-isystem' '/nix/store/75jd6r549krqxk1iq5cl4slrr4vci11n-libXtst-1.2.3/include' '-isystem' '/nix/store/rkz9zhzj975y9hvb8kav017da08hgq2b-xcb-util-cursor-0.1.3-dev/include' '-isystem' '/nix/store/dvrxv7fvlkj5cbjq6262m6f4jdpdvmxx-libepoxy-1.5.10-dev/include' '-isystem' '/nix/store/fqwihpqn2wmhjqw251w1r7dyw659abrh-libGL-1.6.0-dev/include' '-isystem' '/nix/store/y7fpp50b5l7l4g5hk76w2mm2p8jhrwyg-libglvnd-1.6.0-dev/include' '-isystem' '/nix/store/xr3l5mnqwgminijy321myshjx6w55530-qtsvg-6.4.2-dev/include' '-isystem' '/nix/store/a85vmwd6cgixmd25226zr4awdvh50xyd-quazip-1.3-dev/include' '-isystem' '/nix/store/jf4k9zv0nn0dij7jyh9cb7l2s4h5p65y-qt5compat-6.4.2-dev/include' '-isystem' '/nix/store/cj4cjywrz168aijw38dysql6ksafnbjs-qtdeclarative-6.4.2-dev/include' '-isystem' '/nix/store/mnpx93zc62xwqlkx0bycrab6604cdhcm-qtshadertools-6.4.2-dev/include' '-isystem' '/nix/store/iw1vmh509hcbby8dbpsaanbri4zsq7dj-python3-3.10.10/include' '-isystem' '/nix/store/h9a8m4y88pn2jg8h96j6i2blgzarrvcx-filesystem-1.5.12/include' '-isystem' '/nix/store/5ymj2l7wacvb1b154v5mhlhng406ds0k-tomlplusplus-3.3.0/include' '-isystem' '/nix/store/dkbq5hvylsc0d76lgmwyx4jm2pld63sl-cmark-0.30.3/include' '-isystem' '/nix/store/4gxhcwhrh92pn91ax09wxgqg2pqj9i61-qtwayland-6.4.2-dev/include' '-isystem' '/nix/store/wzrqym8dzidzhvm5h308kzqcan2zbf5j-gamemode-1.7-dev/include' '-isystem' '/nix/store/va9r2bdg56jc6qizpm6dyb97lnxfrhsy-file-5.44/include' '-isystem' '/nix/store/jkv8vb24ab371hlsp55fj953kwh01m8n-openjdk-17.0.6+10/include' '-isystem' '/nix/store/i9cf4vmk6kfqlds56vfllmmz0zdk7rp0-qtbase-6.4.2-dev/include' '-isystem' '/nix/store/0z5wasald7dmipjpbx8kw31pj0kzjxpg-libxml2-2.10.3-dev/include' '-isystem' '/nix/store/qgqsyg7gmqy3fz6shvzhcc7m7pkfw2ig-zlib-1.2.13-dev/include' '-isystem' '/nix/store/i57f5lhc83sfnck9d6rik0dbnbxr9qlw-libxslt-1.1.37-dev/include' '-isystem' '/nix/store/fyiwac98bi86nd5qzz9bhvs1bvmmwgad-openssl-3.0.8-dev/include' '-isystem' '/nix/store/i1h2yf133m4rfzgfgl0zdxjxniyy6kvg-sqlite-3.40.1-dev/include' '-isystem' '/nix/store/ci7r8mfkdg1b4wgawp6fff6ba6vyf33r-unixODBC-2.3.11/include' '-isystem' '/nix/store/vddrjv0wnknv73njnwzj3in0467dk9qa-harfbuzz-7.0.0-dev/include' '-isystem' '/nix/store/vgasd5zjsvdvq3w7ik13sfyyj1n0m5v7-graphite2-1.3.14/include' '-isystem' '/nix/store/86nsxqcmzcc85qzrsczb33jwqgcyl35g-icu4c-72.1-dev/include' '-isystem' '/nix/store/dra1y7qr8clxdssfx5s1grbg2lvg5ifd-libjpeg-turbo-2.1.4-dev/include' '-isystem' '/nix/store/463cn57ci7xxwr28c1d68zwbr001ka8h-libpng-apng-1.6.39-dev/include' '-isystem' '/nix/store/vr9naiikd2k84ygclm3vlr3agbjcgvzi-pcre2-10.42-dev/include' '-isystem' '/nix/store/zc41j2il39qmw9kfwa0zl37dz4izcjdp-pcre-8.45-dev/include' '-isystem' '/nix/store/k4w3vafb6k1b3zc2a6v1lr4w0iknnp65-libproxy-0.4.18-dev/include' '-isystem' '/nix/store/s8axys9hpvwxn5718iwrnyvwms4djz96-zstd-1.5.4-dev/include' '-isystem' '/nix/store/4hx2f3kfk824b3b44mhjgpph426lnj42-double-conversion-3.2.1/include' '-isystem' '/nix/store/d9yf24k5n979y1qy03nlj1mnpijhs5rx-libb2-0.98.1/include' '-isystem' '/nix/store/2pai53mrrahl85w7mbypxmplgx6wfqyd-md4c-0.4.8/include' '-isystem' '/nix/store/l8d014vy8n42sp6r6j3wjqldylcyvqyk-dbus-1.14.4-dev/include' '-isystem' '/nix/store/gqvyvc9ckzijwcw641v6qgg7fz8z63mc-expat-2.5.0-dev/include' '-isystem' '/nix/store/152gsygyjagsirvdg3icmz4px39wddwj-glib-2.74.5-dev/include' '-isystem' '/nix/store/4j08mgygxhi9y3957hbwqn1bg02va18y-libffi-3.4.4-dev/include' '-isystem' '/nix/store/ik1vzp6bfwjxxg0cdcbmyl17yzn8idd4-gettext-0.21/include' '-isystem' '/nix/store/1r3a6ji72zxvkyhqfgq1pymdiyjk93l5-glibc-iconv-2.35/include' '-isystem' '/nix/store/f04f2mxjzx7s34payvq6lna9qcaall3s-mariadb-connector-odbc-3.1.14/include' '-isystem' '/nix/store/2gm71c7yljswz2yz3i6125nx2rwkg9n6-systemd-252.5-dev/include' '-isystem' '/nix/store/1gb83p8c3fkjqyb0l30lz0303jhv088k-util-linux-2.38.1-dev/include' '-isystem' '/nix/store/xj6h98v3mjiqmwqv6zbw51xd3lgzdz7p-mtdev-1.1.6/include' '-isystem' '/nix/store/zmqdq7fj6h273kxz969wr3h7g1jhzgz4-lksctp-tools-1.0.17/include' '-isystem' '/nix/store/dvgpj4kwxp5pxhax93zqv80b4ql8xwla-libselinux-3.3-dev/include' '-isystem' '/nix/store/0p1v5zn2mb55xs9297x5p7vgdnhrjjmf-libsepol-3.3-dev/include' '-isystem' '/nix/store/zl2rzaxviah8cpknrlnpawpfvmjvjh0d-lttng-ust-2.13.1-dev/include' '-isystem' '/nix/store/0hhi25jwagxm00kjwmh2zl395cgfdrfh-liburcu-0.13.2/include' '-isystem' '/nix/store/k7pydn7w2dd03cchddkgzdb94brxisp9-vulkan-headers-1.3.239.0/include' '-isystem' '/nix/store/gxsg7g5higv817948fw3jyamypfc229g-libthai-0.1.29-dev/include' '-isystem' '/nix/store/hq2n7bnn6z2p0p94n4mixbbrsyi1qbdf-libdrm-2.4.114-dev/include' '-isystem' '/nix/store/bin4ww0irasbdvhqqg8lcwjg3025x4pq-libdatrie-2019-12-20-dev/include' '-isystem' '/nix/store/6bdds6632r9fp7mrh27qxjv90d7lzh0y-fontconfig-2.14.0-dev/include' '-isystem' '/nix/store/ybd7brnb5kavanvz40mg2p5pmgnczi85-freetype-2.12.1-dev/include' '-isystem' '/nix/store/abs0rlwm6jh4l1k831fvqggpgfrs91pv-bzip2-1.0.8-dev/include' '-isystem' '/nix/store/84r63sb6w4l1y1ab3vmk3xg84is027y2-brotli-1.0.9-dev/include' '-isystem' '/nix/store/q2sjb83p9kh7j653237wr5xzsdc17sgj-libX11-1.8.4-dev/include' '-isystem' '/nix/store/9d1fbfvijywjsxh5b060qy5dd01cqbrs-xorgproto-2021.5/include' '-isystem' '/nix/store/rr353rjxy36vvakib4cyajjj2r3gqw5x-libxcb-1.14-dev/include' '-isystem' '/nix/store/j4i01gassjbbm5i3x4qczy21pmfw05q2-libXcomposite-0.4.5-dev/include' '-isystem' '/nix/store/dbbvxfbsix59452vbjngfndr8xddb3nc-libXfixes-6.0.0-dev/include' '-isystem' '/nix/store/f5blw2z7jr4h2qkzfdmjkwak142353rq-libXext-1.3.4-dev/include' '-isystem' '/nix/store/jhxfmh0lh0dkk11fpys8350w8hk7ljf7-libXau-1.0.9-dev/include' '-isystem' '/nix/store/dci0q5r0v1j5d7vryy13as7banrix0sj-libXi-1.8-dev/include' '-isystem' '/nix/store/slpgdz4ha0w6y2c25n0ljda4536p9yi4-libXrender-0.9.10-dev/include' '-isystem' '/nix/store/l01q7h5h4wxr880jzxpc5fdrwnbqxfzn-libxkbcommon-1.5.0-dev/include' '-isystem' '/nix/store/9qzw3zscs3b4gc97bsaq991iifgz4977-xcb-util-0.4.0-dev/include' '-isystem' '/nix/store/cwvwhmigx77mydbv1h51pp2l2vijr2rs-xcb-util-image-0.4.0-dev/include' '-isystem' '/nix/store/v0qpk37hyfrpgga44f58yrb36gpay3ks-xcb-util-keysyms-0.4.0-dev/include' '-isystem' '/nix/store/x45m835963ss4all6g03wms91284j904-xcb-util-renderutil-0.3.9-dev/include' '-isystem' '/nix/store/qhjq1dap6j4h5g3srizm6dkshz63zdwv-xcb-util-wm-0.4.1-dev/include' '-isystem' '/nix/store/dzkwzx2qnhsx7938ywxqvygw5n28gy63-libXdmcp-1.1.3-dev/include' '-isystem' '/nix/store/75jd6r549krqxk1iq5cl4slrr4vci11n-libXtst-1.2.3/include' '-isystem' '/nix/store/rkz9zhzj975y9hvb8kav017da08hgq2b-xcb-util-cursor-0.1.3-dev/include' '-isystem' '/nix/store/dvrxv7fvlkj5cbjq6262m6f4jdpdvmxx-libepoxy-1.5.10-dev/include' '-isystem' '/nix/store/fqwihpqn2wmhjqw251w1r7dyw659abrh-libGL-1.6.0-dev/include' '-isystem' '/nix/store/y7fpp50b5l7l4g5hk76w2mm2p8jhrwyg-libglvnd-1.6.0-dev/include' '-isystem' '/nix/store/xr3l5mnqwgminijy321myshjx6w55530-qtsvg-6.4.2-dev/include' '-isystem' '/nix/store/a85vmwd6cgixmd25226zr4awdvh50xyd-quazip-1.3-dev/include' '-isystem' '/nix/store/jf4k9zv0nn0dij7jyh9cb7l2s4h5p65y-qt5compat-6.4.2-dev/include' '-isystem' '/nix/store/cj4cjywrz168aijw38dysql6ksafnbjs-qtdeclarative-6.4.2-dev/include' '-isystem' '/nix/store/mnpx93zc62xwqlkx0bycrab6604cdhcm-qtshadertools-6.4.2-dev/include' '-isystem' '/nix/store/iw1vmh509hcbby8dbpsaanbri4zsq7dj-python3-3.10.10/include' '-isystem' '/nix/store/h9a8m4y88pn2jg8h96j6i2blgzarrvcx-filesystem-1.5.12/include' '-isystem' '/nix/store/5ymj2l7wacvb1b154v5mhlhng406ds0k-tomlplusplus-3.3.0/include' '-isystem' '/nix/store/dkbq5hvylsc0d76lgmwyx4jm2pld63sl-cmark-0.30.3/include' '-isystem' '/nix/store/4gxhcwhrh92pn91ax09wxgqg2pqj9i61-qtwayland-6.4.2-dev/include' '-isystem' '/nix/store/wzrqym8dzidzhvm5h308kzqcan2zbf5j-gamemode-1.7-dev/include' '-mtune=generic' '-march=x86-64' '-dumpdir' 'CMakeFiles/cmTC_ad166.dir/CMakeCCompilerABI.c.']
  ignore line: [Linking C executable cmTC_ad166]
  ignore line: [/nix/store/l341npqn3j8pwqq1nqgj5cqhnfbzhphd-cmake-3.25.1/bin/cmake -E cmake_link_script CMakeFiles/cmTC_ad166.dir/link.txt --verbose=1]
  ignore line: [/nix/store/bfbp3ypd9nm3fapz634gvvs738blrl0y-gcc-wrapper-12.2.0/bin/gcc  -v CMakeFiles/cmTC_ad166.dir/CMakeCCompilerABI.c.o -o cmTC_ad166 ]
  ignore line: [Using built-in specs.]
  ignore line: [COLLECT_GCC=/nix/store/wx4nsqbssywgx9zkabwgl9sxm5l61ni3-gcc-12.2.0/bin/gcc]
  ignore line: [COLLECT_LTO_WRAPPER=/nix/store/wx4nsqbssywgx9zkabwgl9sxm5l61ni3-gcc-12.2.0/libexec/gcc/x86_64-unknown-linux-gnu/12.2.0/lto-wrapper]
  ignore line: [Target: x86_64-unknown-linux-gnu]
  ignore line: [Configured with: ]
  ignore line: [Thread model: posix]
  ignore line: [Supported LTO compression algorithms: zlib]
  ignore line: [gcc version 12.2.0 (GCC) ]
  ignore line: [COMPILER_PATH=/nix/store/76l4v99sk83ylfwkz8wmwrm4s8h73rhd-glibc-2.35-224/lib/:/nix/store/2w4k8nvdyiggz717ygbbxchpnxrqc6y9-gcc-12.2.0-lib/lib/:/nix/store/bfbp3ypd9nm3fapz634gvvs738blrl0y-gcc-wrapper-12.2.0/bin/:/nix/store/wx4nsqbssywgx9zkabwgl9sxm5l61ni3-gcc-12.2.0/libexec/gcc/x86_64-unknown-linux-gnu/12.2.0/:/nix/store/wx4nsqbssywgx9zkabwgl9sxm5l61ni3-gcc-12.2.0/libexec/gcc/x86_64-unknown-linux-gnu/12.2.0/:/nix/store/wx4nsqbssywgx9zkabwgl9sxm5l61ni3-gcc-12.2.0/libexec/gcc/x86_64-unknown-linux-gnu/:/nix/store/wx4nsqbssywgx9zkabwgl9sxm5l61ni3-gcc-12.2.0/lib/gcc/x86_64-unknown-linux-gnu/12.2.0/:/nix/store/wx4nsqbssywgx9zkabwgl9sxm5l61ni3-gcc-12.2.0/lib/gcc/x86_64-unknown-linux-gnu/]
  ignore line: [LIBRARY_PATH=/nix/store/76l4v99sk83ylfwkz8wmwrm4s8h73rhd-glibc-2.35-224/lib/:/nix/store/2w4k8nvdyiggz717ygbbxchpnxrqc6y9-gcc-12.2.0-lib/lib/:/nix/store/bfbp3ypd9nm3fapz634gvvs738blrl0y-gcc-wrapper-12.2.0/bin/:/nix/store/wx4nsqbssywgx9zkabwgl9sxm5l61ni3-gcc-12.2.0/lib/gcc/x86_64-unknown-linux-gnu/12.2.0/:/nix/store/wx4nsqbssywgx9zkabwgl9sxm5l61ni3-gcc-12.2.0/lib/gcc/x86_64-unknown-linux-gnu/12.2.0/../../../../lib64/:/nix/store/wx4nsqbssywgx9zkabwgl9sxm5l61ni3-gcc-12.2.0/lib/gcc/x86_64-unknown-linux-gnu/12.2.0/../../../]
  ignore line: [COLLECT_GCC_OPTIONS='-fPIC' '-Wformat=1' '-Wformat-security' '-Werror=format-security' '-fstack-protector-strong' '--param=ssp-buffer-size=4' '-O2' '-U' '_FORTIFY_SOURCE' '-D' '_FORTIFY_SOURCE=2' '-fno-strict-overflow' '-v' '-o' 'cmTC_ad166' '-B' '/nix/store/76l4v99sk83ylfwkz8wmwrm4s8h73rhd-glibc-2.35-224/lib/' '-idirafter' '/nix/store/pqnd39aq2sksad2zvswjcpkqdc7ig3f9-glibc-2.35-224-dev/include' '-idirafter' '/nix/store/wx4nsqbssywgx9zkabwgl9sxm5l61ni3-gcc-12.2.0/lib/gcc/x86_64-unknown-linux-gnu/12.2.0/include-fixed' '-B' '/nix/store/2w4k8nvdyiggz717ygbbxchpnxrqc6y9-gcc-12.2.0-lib/lib' '-B' '/nix/store/bfbp3ypd9nm3fapz634gvvs738blrl0y-gcc-wrapper-12.2.0/bin/' '-frandom-seed=sy5449x9ji' '-D' 'QT_NO_DEBUG' '-isystem' '/nix/store/va9r2bdg56jc6qizpm6dyb97lnxfrhsy-file-5.44/include' '-isystem' '/nix/store/jkv8vb24ab371hlsp55fj953kwh01m8n-openjdk-17.0.6+10/include' '-isystem' '/nix/store/i9cf4vmk6kfqlds56vfllmmz0zdk7rp0-qtbase-6.4.2-dev/include' '-isystem' '/nix/store/0z5wasald7dmipjpbx8kw31pj0kzjxpg-libxml2-2.10.3-dev/include' '-isystem' '/nix/store/qgqsyg7gmqy3fz6shvzhcc7m7pkfw2ig-zlib-1.2.13-dev/include' '-isystem' '/nix/store/i57f5lhc83sfnck9d6rik0dbnbxr9qlw-libxslt-1.1.37-dev/include' '-isystem' '/nix/store/fyiwac98bi86nd5qzz9bhvs1bvmmwgad-openssl-3.0.8-dev/include' '-isystem' '/nix/store/i1h2yf133m4rfzgfgl0zdxjxniyy6kvg-sqlite-3.40.1-dev/include' '-isystem' '/nix/store/ci7r8mfkdg1b4wgawp6fff6ba6vyf33r-unixODBC-2.3.11/include' '-isystem' '/nix/store/vddrjv0wnknv73njnwzj3in0467dk9qa-harfbuzz-7.0.0-dev/include' '-isystem' '/nix/store/vgasd5zjsvdvq3w7ik13sfyyj1n0m5v7-graphite2-1.3.14/include' '-isystem' '/nix/store/86nsxqcmzcc85qzrsczb33jwqgcyl35g-icu4c-72.1-dev/include' '-isystem' '/nix/store/dra1y7qr8clxdssfx5s1grbg2lvg5ifd-libjpeg-turbo-2.1.4-dev/include' '-isystem' '/nix/store/463cn57ci7xxwr28c1d68zwbr001ka8h-libpng-apng-1.6.39-dev/include' '-isystem' '/nix/store/vr9naiikd2k84ygclm3vlr3agbjcgvzi-pcre2-10.42-dev/include' '-isystem' '/nix/store/zc41j2il39qmw9kfwa0zl37dz4izcjdp-pcre-8.45-dev/include' '-isystem' '/nix/store/k4w3vafb6k1b3zc2a6v1lr4w0iknnp65-libproxy-0.4.18-dev/include' '-isystem' '/nix/store/s8axys9hpvwxn5718iwrnyvwms4djz96-zstd-1.5.4-dev/include' '-isystem' '/nix/store/4hx2f3kfk824b3b44mhjgpph426lnj42-double-conversion-3.2.1/include' '-isystem' '/nix/store/d9yf24k5n979y1qy03nlj1mnpijhs5rx-libb2-0.98.1/include' '-isystem' '/nix/store/2pai53mrrahl85w7mbypxmplgx6wfqyd-md4c-0.4.8/include' '-isystem' '/nix/store/l8d014vy8n42sp6r6j3wjqldylcyvqyk-dbus-1.14.4-dev/include' '-isystem' '/nix/store/gqvyvc9ckzijwcw641v6qgg7fz8z63mc-expat-2.5.0-dev/include' '-isystem' '/nix/store/152gsygyjagsirvdg3icmz4px39wddwj-glib-2.74.5-dev/include' '-isystem' '/nix/store/4j08mgygxhi9y3957hbwqn1bg02va18y-libffi-3.4.4-dev/include' '-isystem' '/nix/store/ik1vzp6bfwjxxg0cdcbmyl17yzn8idd4-gettext-0.21/include' '-isystem' '/nix/store/1r3a6ji72zxvkyhqfgq1pymdiyjk93l5-glibc-iconv-2.35/include' '-isystem' '/nix/store/f04f2mxjzx7s34payvq6lna9qcaall3s-mariadb-connector-odbc-3.1.14/include' '-isystem' '/nix/store/2gm71c7yljswz2yz3i6125nx2rwkg9n6-systemd-252.5-dev/include' '-isystem' '/nix/store/1gb83p8c3fkjqyb0l30lz0303jhv088k-util-linux-2.38.1-dev/include' '-isystem' '/nix/store/xj6h98v3mjiqmwqv6zbw51xd3lgzdz7p-mtdev-1.1.6/include' '-isystem' '/nix/store/zmqdq7fj6h273kxz969wr3h7g1jhzgz4-lksctp-tools-1.0.17/include' '-isystem' '/nix/store/dvgpj4kwxp5pxhax93zqv80b4ql8xwla-libselinux-3.3-dev/include' '-isystem' '/nix/store/0p1v5zn2mb55xs9297x5p7vgdnhrjjmf-libsepol-3.3-dev/include' '-isystem' '/nix/store/zl2rzaxviah8cpknrlnpawpfvmjvjh0d-lttng-ust-2.13.1-dev/include' '-isystem' '/nix/store/0hhi25jwagxm00kjwmh2zl395cgfdrfh-liburcu-0.13.2/include' '-isystem' '/nix/store/k7pydn7w2dd03cchddkgzdb94brxisp9-vulkan-headers-1.3.239.0/include' '-isystem' '/nix/store/gxsg7g5higv817948fw3jyamypfc229g-libthai-0.1.29-dev/include' '-isystem' '/nix/store/hq2n7bnn6z2p0p94n4mixbbrsyi1qbdf-libdrm-2.4.114-dev/include' '-isystem' '/nix/store/bin4ww0irasbdvhqqg8lcwjg3025x4pq-libdatrie-2019-12-20-dev/include' '-isystem' '/nix/store/6bdds6632r9fp7mrh27qxjv90d7lzh0y-fontconfig-2.14.0-dev/include' '-isystem' '/nix/store/ybd7brnb5kavanvz40mg2p5pmgnczi85-freetype-2.12.1-dev/include' '-isystem' '/nix/store/abs0rlwm6jh4l1k831fvqggpgfrs91pv-bzip2-1.0.8-dev/include' '-isystem' '/nix/store/84r63sb6w4l1y1ab3vmk3xg84is027y2-brotli-1.0.9-dev/include' '-isystem' '/nix/store/q2sjb83p9kh7j653237wr5xzsdc17sgj-libX11-1.8.4-dev/include' '-isystem' '/nix/store/9d1fbfvijywjsxh5b060qy5dd01cqbrs-xorgproto-2021.5/include' '-isystem' '/nix/store/rr353rjxy36vvakib4cyajjj2r3gqw5x-libxcb-1.14-dev/include' '-isystem' '/nix/store/j4i01gassjbbm5i3x4qczy21pmfw05q2-libXcomposite-0.4.5-dev/include' '-isystem' '/nix/store/dbbvxfbsix59452vbjngfndr8xddb3nc-libXfixes-6.0.0-dev/include' '-isystem' '/nix/store/f5blw2z7jr4h2qkzfdmjkwak142353rq-libXext-1.3.4-dev/include' '-isystem' '/nix/store/jhxfmh0lh0dkk11fpys8350w8hk7ljf7-libXau-1.0.9-dev/include' '-isystem' '/nix/store/dci0q5r0v1j5d7vryy13as7banrix0sj-libXi-1.8-dev/include' '-isystem' '/nix/store/slpgdz4ha0w6y2c25n0ljda4536p9yi4-libXrender-0.9.10-dev/include' '-isystem' '/nix/store/l01q7h5h4wxr880jzxpc5fdrwnbqxfzn-libxkbcommon-1.5.0-dev/include' '-isystem' '/nix/store/9qzw3zscs3b4gc97bsaq991iifgz4977-xcb-util-0.4.0-dev/include' '-isystem' '/nix/store/cwvwhmigx77mydbv1h51pp2l2vijr2rs-xcb-util-image-0.4.0-dev/include' '-isystem' '/nix/store/v0qpk37hyfrpgga44f58yrb36gpay3ks-xcb-util-keysyms-0.4.0-dev/include' '-isystem' '/nix/store/x45m835963ss4all6g03wms91284j904-xcb-util-renderutil-0.3.9-dev/include' '-isystem' '/nix/store/qhjq1dap6j4h5g3srizm6dkshz63zdwv-xcb-util-wm-0.4.1-dev/include' '-isystem' '/nix/store/dzkwzx2qnhsx7938ywxqvygw5n28gy63-libXdmcp-1.1.3-dev/include' '-isystem' '/nix/store/75jd6r549krqxk1iq5cl4slrr4vci11n-libXtst-1.2.3/include' '-isystem' '/nix/store/rkz9zhzj975y9hvb8kav017da08hgq2b-xcb-util-cursor-0.1.3-dev/include' '-isystem' '/nix/store/dvrxv7fvlkj5cbjq6262m6f4jdpdvmxx-libepoxy-1.5.10-dev/include' '-isystem' '/nix/store/fqwihpqn2wmhjqw251w1r7dyw659abrh-libGL-1.6.0-dev/include' '-isystem' '/nix/store/y7fpp50b5l7l4g5hk76w2mm2p8jhrwyg-libglvnd-1.6.0-dev/include' '-isystem' '/nix/store/xr3l5mnqwgminijy321myshjx6w55530-qtsvg-6.4.2-dev/include' '-isystem' '/nix/store/a85vmwd6cgixmd25226zr4awdvh50xyd-quazip-1.3-dev/include' '-isystem' '/nix/store/jf4k9zv0nn0dij7jyh9cb7l2s4h5p65y-qt5compat-6.4.2-dev/include' '-isystem' '/nix/store/cj4cjywrz168aijw38dysql6ksafnbjs-qtdeclarative-6.4.2-dev/include' '-isystem' '/nix/store/mnpx93zc62xwqlkx0bycrab6604cdhcm-qtshadertools-6.4.2-dev/include' '-isystem' '/nix/store/iw1vmh509hcbby8dbpsaanbri4zsq7dj-python3-3.10.10/include' '-isystem' '/nix/store/h9a8m4y88pn2jg8h96j6i2blgzarrvcx-filesystem-1.5.12/include' '-isystem' '/nix/store/5ymj2l7wacvb1b154v5mhlhng406ds0k-tomlplusplus-3.3.0/include' '-isystem' '/nix/store/dkbq5hvylsc0d76lgmwyx4jm2pld63sl-cmark-0.30.3/include' '-isystem' '/nix/store/4gxhcwhrh92pn91ax09wxgqg2pqj9i61-qtwayland-6.4.2-dev/include' '-isystem' '/nix/store/wzrqym8dzidzhvm5h308kzqcan2zbf5j-gamemode-1.7-dev/include' '-isystem' '/nix/store/va9r2bdg56jc6qizpm6dyb97lnxfrhsy-file-5.44/include' '-isystem' '/nix/store/jkv8vb24ab371hlsp55fj953kwh01m8n-openjdk-17.0.6+10/include' '-isystem' '/nix/store/i9cf4vmk6kfqlds56vfllmmz0zdk7rp0-qtbase-6.4.2-dev/include' '-isystem' '/nix/store/0z5wasald7dmipjpbx8kw31pj0kzjxpg-libxml2-2.10.3-dev/include' '-isystem' '/nix/store/qgqsyg7gmqy3fz6shvzhcc7m7pkfw2ig-zlib-1.2.13-dev/include' '-isystem' '/nix/store/i57f5lhc83sfnck9d6rik0dbnbxr9qlw-libxslt-1.1.37-dev/include' '-isystem' '/nix/store/fyiwac98bi86nd5qzz9bhvs1bvmmwgad-openssl-3.0.8-dev/include' '-isystem' '/nix/store/i1h2yf133m4rfzgfgl0zdxjxniyy6kvg-sqlite-3.40.1-dev/include' '-isystem' '/nix/store/ci7r8mfkdg1b4wgawp6fff6ba6vyf33r-unixODBC-2.3.11/include' '-isystem' '/nix/store/vddrjv0wnknv73njnwzj3in0467dk9qa-harfbuzz-7.0.0-dev/include' '-isystem' '/nix/store/vgasd5zjsvdvq3w7ik13sfyyj1n0m5v7-graphite2-1.3.14/include' '-isystem' '/nix/store/86nsxqcmzcc85qzrsczb33jwqgcyl35g-icu4c-72.1-dev/include' '-isystem' '/nix/store/dra1y7qr8clxdssfx5s1grbg2lvg5ifd-libjpeg-turbo-2.1.4-dev/include' '-isystem' '/nix/store/463cn57ci7xxwr28c1d68zwbr001ka8h-libpng-apng-1.6.39-dev/include' '-isystem' '/nix/store/vr9naiikd2k84ygclm3vlr3agbjcgvzi-pcre2-10.42-dev/include' '-isystem' '/nix/store/zc41j2il39qmw9kfwa0zl37dz4izcjdp-pcre-8.45-dev/include' '-isystem' '/nix/store/k4w3vafb6k1b3zc2a6v1lr4w0iknnp65-libproxy-0.4.18-dev/include' '-isystem' '/nix/store/s8axys9hpvwxn5718iwrnyvwms4djz96-zstd-1.5.4-dev/include' '-isystem' '/nix/store/4hx2f3kfk824b3b44mhjgpph426lnj42-double-conversion-3.2.1/include' '-isystem' '/nix/store/d9yf24k5n979y1qy03nlj1mnpijhs5rx-libb2-0.98.1/include' '-isystem' '/nix/store/2pai53mrrahl85w7mbypxmplgx6wfqyd-md4c-0.4.8/include' '-isystem' '/nix/store/l8d014vy8n42sp6r6j3wjqldylcyvqyk-dbus-1.14.4-dev/include' '-isystem' '/nix/store/gqvyvc9ckzijwcw641v6qgg7fz8z63mc-expat-2.5.0-dev/include' '-isystem' '/nix/store/152gsygyjagsirvdg3icmz4px39wddwj-glib-2.74.5-dev/include' '-isystem' '/nix/store/4j08mgygxhi9y3957hbwqn1bg02va18y-libffi-3.4.4-dev/include' '-isystem' '/nix/store/ik1vzp6bfwjxxg0cdcbmyl17yzn8idd4-gettext-0.21/include' '-isystem' '/nix/store/1r3a6ji72zxvkyhqfgq1pymdiyjk93l5-glibc-iconv-2.35/include' '-isystem' '/nix/store/f04f2mxjzx7s34payvq6lna9qcaall3s-mariadb-connector-odbc-3.1.14/include' '-isystem' '/nix/store/2gm71c7yljswz2yz3i6125nx2rwkg9n6-systemd-252.5-dev/include' '-isystem' '/nix/store/1gb83p8c3fkjqyb0l30lz0303jhv088k-util-linux-2.38.1-dev/include' '-isystem' '/nix/store/xj6h98v3mjiqmwqv6zbw51xd3lgzdz7p-mtdev-1.1.6/include' '-isystem' '/nix/store/zmqdq7fj6h273kxz969wr3h7g1jhzgz4-lksctp-tools-1.0.17/include' '-isystem' '/nix/store/dvgpj4kwxp5pxhax93zqv80b4ql8xwla-libselinux-3.3-dev/include' '-isystem' '/nix/store/0p1v5zn2mb55xs9297x5p7vgdnhrjjmf-libsepol-3.3-dev/include' '-isystem' '/nix/store/zl2rzaxviah8cpknrlnpawpfvmjvjh0d-lttng-ust-2.13.1-dev/include' '-isystem' '/nix/store/0hhi25jwagxm00kjwmh2zl395cgfdrfh-liburcu-0.13.2/include' '-isystem' '/nix/store/k7pydn7w2dd03cchddkgzdb94brxisp9-vulkan-headers-1.3.239.0/include' '-isystem' '/nix/store/gxsg7g5higv817948fw3jyamypfc229g-libthai-0.1.29-dev/include' '-isystem' '/nix/store/hq2n7bnn6z2p0p94n4mixbbrsyi1qbdf-libdrm-2.4.114-dev/include' '-isystem' '/nix/store/bin4ww0irasbdvhqqg8lcwjg3025x4pq-libdatrie-2019-12-20-dev/include' '-isystem' '/nix/store/6bdds6632r9fp7mrh27qxjv90d7lzh0y-fontconfig-2.14.0-dev/include' '-isystem' '/nix/store/ybd7brnb5kavanvz40mg2p5pmgnczi85-freetype-2.12.1-dev/include' '-isystem' '/nix/store/abs0rlwm6jh4l1k831fvqggpgfrs91pv-bzip2-1.0.8-dev/include' '-isystem' '/nix/store/84r63sb6w4l1y1ab3vmk3xg84is027y2-brotli-1.0.9-dev/include' '-isystem' '/nix/store/q2sjb83p9kh7j653237wr5xzsdc17sgj-libX11-1.8.4-dev/include' '-isystem' '/nix/store/9d1fbfvijywjsxh5b060qy5dd01cqbrs-xorgproto-2021.5/include' '-isystem' '/nix/store/rr353rjxy36vvakib4cyajjj2r3gqw5x-libxcb-1.14-dev/include' '-isystem' '/nix/store/j4i01gassjbbm5i3x4qczy21pmfw05q2-libXcomposite-0.4.5-dev/include' '-isystem' '/nix/store/dbbvxfbsix59452vbjngfndr8xddb3nc-libXfixes-6.0.0-dev/include' '-isystem' '/nix/store/f5blw2z7jr4h2qkzfdmjkwak142353rq-libXext-1.3.4-dev/include' '-isystem' '/nix/store/jhxfmh0lh0dkk11fpys8350w8hk7ljf7-libXau-1.0.9-dev/include' '-isystem' '/nix/store/dci0q5r0v1j5d7vryy13as7banrix0sj-libXi-1.8-dev/include' '-isystem' '/nix/store/slpgdz4ha0w6y2c25n0ljda4536p9yi4-libXrender-0.9.10-dev/include' '-isystem' '/nix/store/l01q7h5h4wxr880jzxpc5fdrwnbqxfzn-libxkbcommon-1.5.0-dev/include' '-isystem' '/nix/store/9qzw3zscs3b4gc97bsaq991iifgz4977-xcb-util-0.4.0-dev/include' '-isystem' '/nix/store/cwvwhmigx77mydbv1h51pp2l2vijr2rs-xcb-util-image-0.4.0-dev/include' '-isystem' '/nix/store/v0qpk37hyfrpgga44f58yrb36gpay3ks-xcb-util-keysyms-0.4.0-dev/include' '-isystem' '/nix/store/x45m835963ss4all6g03wms91284j904-xcb-util-renderutil-0.3.9-dev/include' '-isystem' '/nix/store/qhjq1dap6j4h5g3srizm6dkshz63zdwv-xcb-util-wm-0.4.1-dev/include' '-isystem' '/nix/store/dzkwzx2qnhsx7938ywxqvygw5n28gy63-libXdmcp-1.1.3-dev/include' '-isystem' '/nix/store/75jd6r549krqxk1iq5cl4slrr4vci11n-libXtst-1.2.3/include' '-isystem' '/nix/store/rkz9zhzj975y9hvb8kav017da08hgq2b-xcb-util-cursor-0.1.3-dev/include' '-isystem' '/nix/store/dvrxv7fvlkj5cbjq6262m6f4jdpdvmxx-libepoxy-1.5.10-dev/include' '-isystem' '/nix/store/fqwihpqn2wmhjqw251w1r7dyw659abrh-libGL-1.6.0-dev/include' '-isystem' '/nix/store/y7fpp50b5l7l4g5hk76w2mm2p8jhrwyg-libglvnd-1.6.0-dev/include' '-isystem' '/nix/store/xr3l5mnqwgminijy321myshjx6w55530-qtsvg-6.4.2-dev/include' '-isystem' '/nix/store/a85vmwd6cgixmd25226zr4awdvh50xyd-quazip-1.3-dev/include' '-isystem' '/nix/store/jf4k9zv0nn0dij7jyh9cb7l2s4h5p65y-qt5compat-6.4.2-dev/include' '-isystem' '/nix/store/cj4cjywrz168aijw38dysql6ksafnbjs-qtdeclarative-6.4.2-dev/include' '-isystem' '/nix/store/mnpx93zc62xwqlkx0bycrab6604cdhcm-qtshadertools-6.4.2-dev/include' '-isystem' '/nix/store/iw1vmh509hcbby8dbpsaanbri4zsq7dj-python3-3.10.10/include' '-isystem' '/nix/store/h9a8m4y88pn2jg8h96j6i2blgzarrvcx-filesystem-1.5.12/include' '-isystem' '/nix/store/5ymj2l7wacvb1b154v5mhlhng406ds0k-tomlplusplus-3.3.0/include' '-isystem' '/nix/store/dkbq5hvylsc0d76lgmwyx4jm2pld63sl-cmark-0.30.3/include' '-isystem' '/nix/store/4gxhcwhrh92pn91ax09wxgqg2pqj9i61-qtwayland-6.4.2-dev/include' '-isystem' '/nix/store/wzrqym8dzidzhvm5h308kzqcan2zbf5j-gamemode-1.7-dev/include' '-L/nix/store/va9r2bdg56jc6qizpm6dyb97lnxfrhsy-file-5.44/lib' '-L/nix/store/mg9l7phyhvi16p9g8g3g8fbyj4mr79gq-zlib-1.2.13/lib' '-L/nix/store/hmh8yakhrp3r95b7r085m4xnzp8crz3b-libxml2-2.10.3/lib' '-L/nix/store/8ilmxyjyn4fn3ll7s19shppp7izswp2c-libxslt-1.1.37/lib' '-L/nix/store/5438qhyypn1kbdnm4312v8db4mkapwhl-openssl-3.0.8/lib' '-L/nix/store/c651qa8kqilglkx8fhxz0ibc4yfndlm8-sqlite-3.40.1/lib' '-L/nix/store/ci7r8mfkdg1b4wgawp6fff6ba6vyf33r-unixODBC-2.3.11/lib' '-L/nix/store/vgasd5zjsvdvq3w7ik13sfyyj1n0m5v7-graphite2-1.3.14/lib' '-L/nix/store/09yg78bcs6vibbk7py1k1l9qf1im9lwj-harfbuzz-7.0.0/lib' '-L/nix/store/jbsbrpz89j9sbk0shpqvk5jy3fddkffq-icu4c-72.1/lib' '-L/nix/store/rvv0110i3pg28vrhadhi1qfmhpgj1azy-libjpeg-turbo-2.1.4/lib' '-L/nix/store/idx4lcdd1p91dpib06d5mwyhszs6w8xw-libpng-apng-1.6.39/lib' '-L/nix/store/lm9jab801iavj3f9gjz6vc1fxhvvg2mj-pcre2-10.42/lib' '-L/nix/store/x6nnam5hk44mljbk782rcbd92jlnz8r6-pcre-8.45/lib' '-L/nix/store/i1wd03f4gq5l9bbzb8ir2v8aibsbdi47-libproxy-0.4.18/lib' '-L/nix/store/clln53sqbfn8i0z8x0ji3x3fz6zchqml-zstd-1.5.4/lib' '-L/nix/store/4hx2f3kfk824b3b44mhjgpph426lnj42-double-conversion-3.2.1/lib' '-L/nix/store/d9yf24k5n979y1qy03nlj1mnpijhs5rx-libb2-0.98.1/lib' '-L/nix/store/2pai53mrrahl85w7mbypxmplgx6wfqyd-md4c-0.4.8/lib' '-L/nix/store/inrxvaqv2zkdhg2v5vhqc0257p92wl2q-expat-2.5.0/lib' '-L/nix/store/q36hdg6hw9vlls7abq0y08gksqr2m2z2-dbus-1.14.4-lib/lib' '-L/nix/store/m0fsvgc5hrn3yjwsl9fvj5m6pyjk2il2-libffi-3.4.4/lib' '-L/nix/store/ik1vzp6bfwjxxg0cdcbmyl17yzn8idd4-gettext-0.21/lib' '-L/nix/store/rcwsvm3zmcpwl71b7r5f9ql599hw6f2b-glib-2.74.5/lib' '-L/nix/store/lfpcn90d6fwckk3ysihijfy2z5wsi7da-sqlite-connector-odbc-0.9993/lib' '-L/nix/store/kp51yj0jwdi2b7f8i93ici4c5z0x7bn3-systemd-252.5/lib' '-L/nix/store/b9ihpihmhnain100fjfd008nzf9ha6xj-util-linux-2.38.1-lib/lib' '-L/nix/store/xj6h98v3mjiqmwqv6zbw51xd3lgzdz7p-mtdev-1.1.6/lib' '-L/nix/store/zmqdq7fj6h273kxz969wr3h7g1jhzgz4-lksctp-tools-1.0.17/lib' '-L/nix/store/gqlj2nh329ymrawhlrhhd3wx9h5nwi38-libselinux-3.3/lib' '-L/nix/store/i4dbdvj0qdbglgqpa04xx8gs564n8953-libsepol-3.3/lib' '-L/nix/store/0hhi25jwagxm00kjwmh2zl395cgfdrfh-liburcu-0.13.2/lib' '-L/nix/store/jqvbspi73y5il9p4mmrf7bnnjvpf4r80-lttng-ust-2.13.1/lib' '-L/nix/store/izbwynagva4wx96ghpczpcs5v0d82xix-vulkan-loader-1.3.239.0/lib' '-L/nix/store/cbj48b5jcdhwmvn282gg3wkrnfvqcn0v-libthai-0.1.29/lib' '-L/nix/store/fp76f9kiv3mwh2h87lhmxcp173gi49jd-libdrm-2.4.114/lib' '-L/nix/store/4kz52y95zfn9l8pbn8f5jw1w61lgn0js-libdatrie-2019-12-20-lib/lib' '-L/nix/store/k0yrr5yq9yghbvvfv0qkblyia576kg4f-bzip2-1.0.8/lib' '-L/nix/store/6ahs2w409ysgvz4r0k1g0kypf6k3iwps-brotli-1.0.9-lib/lib' '-L/nix/store/2jq0rdhc7wb8fj0q82whsj9p50sdmvcv-freetype-2.12.1/lib' '-L/nix/store/mv56qyvfin02c96mxrdh60p3c0j05dvn-fontconfig-2.14.0-lib/lib' '-L/nix/store/cnkr9byk03mz454yzx48jkyy0c2rlfjz-libxcb-1.14/lib' '-L/nix/store/y0ym7qckhfldadc4wbwv0hs7765v10rd-libX11-1.8.4/lib' '-L/nix/store/zd5rypkk2h639y4ym6qc3l65dpka3ycc-libXfixes-6.0.0/lib' '-L/nix/store/8b686hlck6jkpxm9yx3n755cmqvcnhni-libXcomposite-0.4.5/lib' '-L/nix/store/qnwa2z8b9y76almh1mpp1iwnwdvrzxbj-libXau-1.0.9/lib' '-L/nix/store/qgg9iiyrp9s1cja2h9cblb9cjyy65ssz-libXext-1.3.4/lib' '-L/nix/store/kmbps8nyg8nhnwdbcpxkbn5mmcdal5hp-libXi-1.8/lib' '-L/nix/store/dg1irgbmn4znzbbw2yyc99bh85a1ll3n-libXrender-0.9.10/lib' '-L/nix/store/03bcgkqn4hsf2l2n0ny5xx2c1z0ga6gy-libxkbcommon-1.5.0/lib' '-L/nix/store/96azvh5x19v03hz2a7ic90gs9h59kkzq-xcb-util-0.4.0/lib' '-L/nix/store/xd9vz5ar0kr7fbiibqqykfcczvdd56rc-xcb-util-image-0.4.0/lib' '-L/nix/store/hk1dsk9bim336dhb78nxxcnz8c20ys9c-xcb-util-keysyms-0.4.0/lib' '-L/nix/store/6p4yljw6hwnh9jbl29nq9vyrfysyjb8z-xcb-util-renderutil-0.3.9/lib' '-L/nix/store/nf595y3dfgyq0wvmwnqq380xmbhjjiin-xcb-util-wm-0.4.1/lib' '-L/nix/store/3bhillndvhi9pvdkr4bb145170s7h7lz-libXdmcp-1.1.3/lib' '-L/nix/store/75jd6r549krqxk1iq5cl4slrr4vci11n-libXtst-1.2.3/lib' '-L/nix/store/m5ygz6nz3lxav4cswsgdrfga1lfkcrbr-xcb-util-cursor-0.1.3/lib' '-L/nix/store/3w5sakz3znb378b7wlfbr7bss3myhdi3-libepoxy-1.5.10/lib' '-L/nix/store/srnnb3xqzcn0afbc1sg2f3kahdbqp0hb-libGL-1.6.0/lib' '-L/nix/store/yl6ggfn054z9brd4rlzifn3zpiardjz2-libglvnd-1.6.0/lib' '-L/nix/store/baz8lrsrakrl0jdlz89hvbqv8mgvcqk9-qtbase-6.4.2/lib' '-L/nix/store/6dm5g796frdb2k7rqb0nyzm4s76gd3p9-qtsvg-6.4.2/lib' '-L/nix/store/0bb16bnqa4raz3b8d0fayj25bcs131g3-qtshadertools-6.4.2/lib' '-L/nix/store/iw1vmh509hcbby8dbpsaanbri4zsq7dj-python3-3.10.10/lib' '-L/nix/store/4y8vjpf6qb8z43x99pc48yjbpdg1gb81-qtdeclarative-6.4.2/lib' '-L/nix/store/zvw6fflmybm80k4arxmmpdyzf7gn1msb-qt5compat-6.4.2/lib' '-L/nix/store/61imhlw6qszhcwmmiwxqdf72kn5fz2y5-quazip-1.3/lib' '-L/nix/store/5ymj2l7wacvb1b154v5mhlhng406ds0k-tomlplusplus-3.3.0/lib' '-L/nix/store/dkbq5hvylsc0d76lgmwyx4jm2pld63sl-cmark-0.30.3/lib' '-L/nix/store/4bmh1h8dn0k0s8bydmb1syk8cfsmgxb6-qtwayland-6.4.2/lib' '-L/nix/store/zihzfhfq28wp1yzx86dp1q4zccai745r-gamemode-1.7-lib/lib' '-L/nix/store/va9r2bdg56jc6qizpm6dyb97lnxfrhsy-file-5.44/lib' '-L/nix/store/mg9l7phyhvi16p9g8g3g8fbyj4mr79gq-zlib-1.2.13/lib' '-L/nix/store/hmh8yakhrp3r95b7r085m4xnzp8crz3b-libxml2-2.10.3/lib' '-L/nix/store/8ilmxyjyn4fn3ll7s19shppp7izswp2c-libxslt-1.1.37/lib' '-L/nix/store/5438qhyypn1kbdnm4312v8db4mkapwhl-openssl-3.0.8/lib' '-L/nix/store/c651qa8kqilglkx8fhxz0ibc4yfndlm8-sqlite-3.40.1/lib' '-L/nix/store/ci7r8mfkdg1b4wgawp6fff6ba6vyf33r-unixODBC-2.3.11/lib' '-L/nix/store/vgasd5zjsvdvq3w7ik13sfyyj1n0m5v7-graphite2-1.3.14/lib' '-L/nix/store/09yg78bcs6vibbk7py1k1l9qf1im9lwj-harfbuzz-7.0.0/lib' '-L/nix/store/jbsbrpz89j9sbk0shpqvk5jy3fddkffq-icu4c-72.1/lib' '-L/nix/store/rvv0110i3pg28vrhadhi1qfmhpgj1azy-libjpeg-turbo-2.1.4/lib' '-L/nix/store/idx4lcdd1p91dpib06d5mwyhszs6w8xw-libpng-apng-1.6.39/lib' '-L/nix/store/lm9jab801iavj3f9gjz6vc1fxhvvg2mj-pcre2-10.42/lib' '-L/nix/store/x6nnam5hk44mljbk782rcbd92jlnz8r6-pcre-8.45/lib' '-L/nix/store/i1wd03f4gq5l9bbzb8ir2v8aibsbdi47-libproxy-0.4.18/lib' '-L/nix/store/clln53sqbfn8i0z8x0ji3x3fz6zchqml-zstd-1.5.4/lib' '-L/nix/store/4hx2f3kfk824b3b44mhjgpph426lnj42-double-conversion-3.2.1/lib' '-L/nix/store/d9yf24k5n979y1qy03nlj1mnpijhs5rx-libb2-0.98.1/lib' '-L/nix/store/2pai53mrrahl85w7mbypxmplgx6wfqyd-md4c-0.4.8/lib' '-L/nix/store/inrxvaqv2zkdhg2v5vhqc0257p92wl2q-expat-2.5.0/lib' '-L/nix/store/q36hdg6hw9vlls7abq0y08gksqr2m2z2-dbus-1.14.4-lib/lib' '-L/nix/store/m0fsvgc5hrn3yjwsl9fvj5m6pyjk2il2-libffi-3.4.4/lib' '-L/nix/store/ik1vzp6bfwjxxg0cdcbmyl17yzn8idd4-gettext-0.21/lib' '-L/nix/store/rcwsvm3zmcpwl71b7r5f9ql599hw6f2b-glib-2.74.5/lib' '-L/nix/store/lfpcn90d6fwckk3ysihijfy2z5wsi7da-sqlite-connector-odbc-0.9993/lib' '-L/nix/store/kp51yj0jwdi2b7f8i93ici4c5z0x7bn3-systemd-252.5/lib' '-L/nix/store/b9ihpihmhnain100fjfd008nzf9ha6xj-util-linux-2.38.1-lib/lib' '-L/nix/store/xj6h98v3mjiqmwqv6zbw51xd3lgzdz7p-mtdev-1.1.6/lib' '-L/nix/store/zmqdq7fj6h273kxz969wr3h7g1jhzgz4-lksctp-tools-1.0.17/lib' '-L/nix/store/gqlj2nh329ymrawhlrhhd3wx9h5nwi38-libselinux-3.3/lib' '-L/nix/store/i4dbdvj0qdbglgqpa04xx8gs564n8953-libsepol-3.3/lib' '-L/nix/store/0hhi25jwagxm00kjwmh2zl395cgfdrfh-liburcu-0.13.2/lib' '-L/nix/store/jqvbspi73y5il9p4mmrf7bnnjvpf4r80-lttng-ust-2.13.1/lib' '-L/nix/store/izbwynagva4wx96ghpczpcs5v0d82xix-vulkan-loader-1.3.239.0/lib' '-L/nix/store/cbj48b5jcdhwmvn282gg3wkrnfvqcn0v-libthai-0.1.29/lib' '-L/nix/store/fp76f9kiv3mwh2h87lhmxcp173gi49jd-libdrm-2.4.114/lib' '-L/nix/store/4kz52y95zfn9l8pbn8f5jw1w61lgn0js-libdatrie-2019-12-20-lib/lib' '-L/nix/store/k0yrr5yq9yghbvvfv0qkblyia576kg4f-bzip2-1.0.8/lib' '-L/nix/store/6ahs2w409ysgvz4r0k1g0kypf6k3iwps-brotli-1.0.9-lib/lib' '-L/nix/store/2jq0rdhc7wb8fj0q82whsj9p50sdmvcv-freetype-2.12.1/lib' '-L/nix/store/mv56qyvfin02c96mxrdh60p3c0j05dvn-fontconfig-2.14.0-lib/lib' '-L/nix/store/cnkr9byk03mz454yzx48jkyy0c2rlfjz-libxcb-1.14/lib' '-L/nix/store/y0ym7qckhfldadc4wbwv0hs7765v10rd-libX11-1.8.4/lib' '-L/nix/store/zd5rypkk2h639y4ym6qc3l65dpka3ycc-libXfixes-6.0.0/lib' '-L/nix/store/8b686hlck6jkpxm9yx3n755cmqvcnhni-libXcomposite-0.4.5/lib' '-L/nix/store/qnwa2z8b9y76almh1mpp1iwnwdvrzxbj-libXau-1.0.9/lib' '-L/nix/store/qgg9iiyrp9s1cja2h9cblb9cjyy65ssz-libXext-1.3.4/lib' '-L/nix/store/kmbps8nyg8nhnwdbcpxkbn5mmcdal5hp-libXi-1.8/lib' '-L/nix/store/dg1irgbmn4znzbbw2yyc99bh85a1ll3n-libXrender-0.9.10/lib' '-L/nix/store/03bcgkqn4hsf2l2n0ny5xx2c1z0ga6gy-libxkbcommon-1.5.0/lib' '-L/nix/store/96azvh5x19v03hz2a7ic90gs9h59kkzq-xcb-util-0.4.0/lib' '-L/nix/store/xd9vz5ar0kr7fbiibqqykfcczvdd56rc-xcb-util-image-0.4.0/lib' '-L/nix/store/hk1dsk9bim336dhb78nxxcnz8c20ys9c-xcb-util-keysyms-0.4.0/lib' '-L/nix/store/6p4yljw6hwnh9jbl29nq9vyrfysyjb8z-xcb-util-renderutil-0.3.9/lib' '-L/nix/store/nf595y3dfgyq0wvmwnqq380xmbhjjiin-xcb-util-wm-0.4.1/lib' '-L/nix/store/3bhillndvhi9pvdkr4bb145170s7h7lz-libXdmcp-1.1.3/lib' '-L/nix/store/75jd6r549krqxk1iq5cl4slrr4vci11n-libXtst-1.2.3/lib' '-L/nix/store/m5ygz6nz3lxav4cswsgdrfga1lfkcrbr-xcb-util-cursor-0.1.3/lib' '-L/nix/store/3w5sakz3znb378b7wlfbr7bss3myhdi3-libepoxy-1.5.10/lib' '-L/nix/store/srnnb3xqzcn0afbc1sg2f3kahdbqp0hb-libGL-1.6.0/lib' '-L/nix/store/yl6ggfn054z9brd4rlzifn3zpiardjz2-libglvnd-1.6.0/lib' '-L/nix/store/baz8lrsrakrl0jdlz89hvbqv8mgvcqk9-qtbase-6.4.2/lib' '-L/nix/store/6dm5g796frdb2k7rqb0nyzm4s76gd3p9-qtsvg-6.4.2/lib' '-L/nix/store/0bb16bnqa4raz3b8d0fayj25bcs131g3-qtshadertools-6.4.2/lib' '-L/nix/store/iw1vmh509hcbby8dbpsaanbri4zsq7dj-python3-3.10.10/lib' '-L/nix/store/4y8vjpf6qb8z43x99pc48yjbpdg1gb81-qtdeclarative-6.4.2/lib' '-L/nix/store/zvw6fflmybm80k4arxmmpdyzf7gn1msb-qt5compat-6.4.2/lib' '-L/nix/store/61imhlw6qszhcwmmiwxqdf72kn5fz2y5-quazip-1.3/lib' '-L/nix/store/5ymj2l7wacvb1b154v5mhlhng406ds0k-tomlplusplus-3.3.0/lib' '-L/nix/store/dkbq5hvylsc0d76lgmwyx4jm2pld63sl-cmark-0.30.3/lib' '-L/nix/store/4bmh1h8dn0k0s8bydmb1syk8cfsmgxb6-qtwayland-6.4.2/lib' '-L/nix/store/zihzfhfq28wp1yzx86dp1q4zccai745r-gamemode-1.7-lib/lib' '-L/nix/store/76l4v99sk83ylfwkz8wmwrm4s8h73rhd-glibc-2.35-224/lib' '-L/nix/store/2w4k8nvdyiggz717ygbbxchpnxrqc6y9-gcc-12.2.0-lib/lib' '-mtune=generic' '-march=x86-64' '-dumpdir' 'cmTC_ad166.']
  link line: [ /nix/store/wx4nsqbssywgx9zkabwgl9sxm5l61ni3-gcc-12.2.0/libexec/gcc/x86_64-unknown-linux-gnu/12.2.0/collect2 -plugin /nix/store/wx4nsqbssywgx9zkabwgl9sxm5l61ni3-gcc-12.2.0/libexec/gcc/x86_64-unknown-linux-gnu/12.2.0/liblto_plugin.so -plugin-opt=/nix/store/wx4nsqbssywgx9zkabwgl9sxm5l61ni3-gcc-12.2.0/libexec/gcc/x86_64-unknown-linux-gnu/12.2.0/lto-wrapper -plugin-opt=-fresolution=/tmp/nix-shell.QeuHwI/ccNxGOLr.res -plugin-opt=-pass-through=-lgcc -plugin-opt=-pass-through=-lgcc_s -plugin-opt=-pass-through=-lc -plugin-opt=-pass-through=-lgcc -plugin-opt=-pass-through=-lgcc_s --eh-frame-hdr -m elf_x86_64 -dynamic-linker /nix/store/76l4v99sk83ylfwkz8wmwrm4s8h73rhd-glibc-2.35-224/lib64/ld-linux-x86-64.so.2 -o cmTC_ad166 /nix/store/76l4v99sk83ylfwkz8wmwrm4s8h73rhd-glibc-2.35-224/lib/crt1.o /nix/store/76l4v99sk83ylfwkz8wmwrm4s8h73rhd-glibc-2.35-224/lib/crti.o /nix/store/wx4nsqbssywgx9zkabwgl9sxm5l61ni3-gcc-12.2.0/lib/gcc/x86_64-unknown-linux-gnu/12.2.0/crtbegin.o -L/nix/store/va9r2bdg56jc6qizpm6dyb97lnxfrhsy-file-5.44/lib -L/nix/store/mg9l7phyhvi16p9g8g3g8fbyj4mr79gq-zlib-1.2.13/lib -L/nix/store/hmh8yakhrp3r95b7r085m4xnzp8crz3b-libxml2-2.10.3/lib -L/nix/store/8ilmxyjyn4fn3ll7s19shppp7izswp2c-libxslt-1.1.37/lib -L/nix/store/5438qhyypn1kbdnm4312v8db4mkapwhl-openssl-3.0.8/lib -L/nix/store/c651qa8kqilglkx8fhxz0ibc4yfndlm8-sqlite-3.40.1/lib -L/nix/store/ci7r8mfkdg1b4wgawp6fff6ba6vyf33r-unixODBC-2.3.11/lib -L/nix/store/vgasd5zjsvdvq3w7ik13sfyyj1n0m5v7-graphite2-1.3.14/lib -L/nix/store/09yg78bcs6vibbk7py1k1l9qf1im9lwj-harfbuzz-7.0.0/lib -L/nix/store/jbsbrpz89j9sbk0shpqvk5jy3fddkffq-icu4c-72.1/lib -L/nix/store/rvv0110i3pg28vrhadhi1qfmhpgj1azy-libjpeg-turbo-2.1.4/lib -L/nix/store/idx4lcdd1p91dpib06d5mwyhszs6w8xw-libpng-apng-1.6.39/lib -L/nix/store/lm9jab801iavj3f9gjz6vc1fxhvvg2mj-pcre2-10.42/lib -L/nix/store/x6nnam5hk44mljbk782rcbd92jlnz8r6-pcre-8.45/lib -L/nix/store/i1wd03f4gq5l9bbzb8ir2v8aibsbdi47-libproxy-0.4.18/lib -L/nix/store/clln53sqbfn8i0z8x0ji3x3fz6zchqml-zstd-1.5.4/lib -L/nix/store/4hx2f3kfk824b3b44mhjgpph426lnj42-double-conversion-3.2.1/lib -L/nix/store/d9yf24k5n979y1qy03nlj1mnpijhs5rx-libb2-0.98.1/lib -L/nix/store/2pai53mrrahl85w7mbypxmplgx6wfqyd-md4c-0.4.8/lib -L/nix/store/inrxvaqv2zkdhg2v5vhqc0257p92wl2q-expat-2.5.0/lib -L/nix/store/q36hdg6hw9vlls7abq0y08gksqr2m2z2-dbus-1.14.4-lib/lib -L/nix/store/m0fsvgc5hrn3yjwsl9fvj5m6pyjk2il2-libffi-3.4.4/lib -L/nix/store/ik1vzp6bfwjxxg0cdcbmyl17yzn8idd4-gettext-0.21/lib -L/nix/store/rcwsvm3zmcpwl71b7r5f9ql599hw6f2b-glib-2.74.5/lib -L/nix/store/lfpcn90d6fwckk3ysihijfy2z5wsi7da-sqlite-connector-odbc-0.9993/lib -L/nix/store/kp51yj0jwdi2b7f8i93ici4c5z0x7bn3-systemd-252.5/lib -L/nix/store/b9ihpihmhnain100fjfd008nzf9ha6xj-util-linux-2.38.1-lib/lib -L/nix/store/xj6h98v3mjiqmwqv6zbw51xd3lgzdz7p-mtdev-1.1.6/lib -L/nix/store/zmqdq7fj6h273kxz969wr3h7g1jhzgz4-lksctp-tools-1.0.17/lib -L/nix/store/gqlj2nh329ymrawhlrhhd3wx9h5nwi38-libselinux-3.3/lib -L/nix/store/i4dbdvj0qdbglgqpa04xx8gs564n8953-libsepol-3.3/lib -L/nix/store/0hhi25jwagxm00kjwmh2zl395cgfdrfh-liburcu-0.13.2/lib -L/nix/store/jqvbspi73y5il9p4mmrf7bnnjvpf4r80-lttng-ust-2.13.1/lib -L/nix/store/izbwynagva4wx96ghpczpcs5v0d82xix-vulkan-loader-1.3.239.0/lib -L/nix/store/cbj48b5jcdhwmvn282gg3wkrnfvqcn0v-libthai-0.1.29/lib -L/nix/store/fp76f9kiv3mwh2h87lhmxcp173gi49jd-libdrm-2.4.114/lib -L/nix/store/4kz52y95zfn9l8pbn8f5jw1w61lgn0js-libdatrie-2019-12-20-lib/lib -L/nix/store/k0yrr5yq9yghbvvfv0qkblyia576kg4f-bzip2-1.0.8/lib -L/nix/store/6ahs2w409ysgvz4r0k1g0kypf6k3iwps-brotli-1.0.9-lib/lib -L/nix/store/2jq0rdhc7wb8fj0q82whsj9p50sdmvcv-freetype-2.12.1/lib -L/nix/store/mv56qyvfin02c96mxrdh60p3c0j05dvn-fontconfig-2.14.0-lib/lib -L/nix/store/cnkr9byk03mz454yzx48jkyy0c2rlfjz-libxcb-1.14/lib -L/nix/store/y0ym7qckhfldadc4wbwv0hs7765v10rd-libX11-1.8.4/lib -L/nix/store/zd5rypkk2h639y4ym6qc3l65dpka3ycc-libXfixes-6.0.0/lib -L/nix/store/8b686hlck6jkpxm9yx3n755cmqvcnhni-libXcomposite-0.4.5/lib -L/nix/store/qnwa2z8b9y76almh1mpp1iwnwdvrzxbj-libXau-1.0.9/lib -L/nix/store/qgg9iiyrp9s1cja2h9cblb9cjyy65ssz-libXext-1.3.4/lib -L/nix/store/kmbps8nyg8nhnwdbcpxkbn5mmcdal5hp-libXi-1.8/lib -L/nix/store/dg1irgbmn4znzbbw2yyc99bh85a1ll3n-libXrender-0.9.10/lib -L/nix/store/03bcgkqn4hsf2l2n0ny5xx2c1z0ga6gy-libxkbcommon-1.5.0/lib -L/nix/store/96azvh5x19v03hz2a7ic90gs9h59kkzq-xcb-util-0.4.0/lib -L/nix/store/xd9vz5ar0kr7fbiibqqykfcczvdd56rc-xcb-util-image-0.4.0/lib -L/nix/store/hk1dsk9bim336dhb78nxxcnz8c20ys9c-xcb-util-keysyms-0.4.0/lib -L/nix/store/6p4yljw6hwnh9jbl29nq9vyrfysyjb8z-xcb-util-renderutil-0.3.9/lib -L/nix/store/nf595y3dfgyq0wvmwnqq380xmbhjjiin-xcb-util-wm-0.4.1/lib -L/nix/store/3bhillndvhi9pvdkr4bb145170s7h7lz-libXdmcp-1.1.3/lib -L/nix/store/75jd6r549krqxk1iq5cl4slrr4vci11n-libXtst-1.2.3/lib -L/nix/store/m5ygz6nz3lxav4cswsgdrfga1lfkcrbr-xcb-util-cursor-0.1.3/lib -L/nix/store/3w5sakz3znb378b7wlfbr7bss3myhdi3-libepoxy-1.5.10/lib -L/nix/store/srnnb3xqzcn0afbc1sg2f3kahdbqp0hb-libGL-1.6.0/lib -L/nix/store/yl6ggfn054z9brd4rlzifn3zpiardjz2-libglvnd-1.6.0/lib -L/nix/store/baz8lrsrakrl0jdlz89hvbqv8mgvcqk9-qtbase-6.4.2/lib -L/nix/store/6dm5g796frdb2k7rqb0nyzm4s76gd3p9-qtsvg-6.4.2/lib -L/nix/store/0bb16bnqa4raz3b8d0fayj25bcs131g3-qtshadertools-6.4.2/lib -L/nix/store/iw1vmh509hcbby8dbpsaanbri4zsq7dj-python3-3.10.10/lib -L/nix/store/4y8vjpf6qb8z43x99pc48yjbpdg1gb81-qtdeclarative-6.4.2/lib -L/nix/store/zvw6fflmybm80k4arxmmpdyzf7gn1msb-qt5compat-6.4.2/lib -L/nix/store/61imhlw6qszhcwmmiwxqdf72kn5fz2y5-quazip-1.3/lib -L/nix/store/5ymj2l7wacvb1b154v5mhlhng406ds0k-tomlplusplus-3.3.0/lib -L/nix/store/dkbq5hvylsc0d76lgmwyx4jm2pld63sl-cmark-0.30.3/lib -L/nix/store/4bmh1h8dn0k0s8bydmb1syk8cfsmgxb6-qtwayland-6.4.2/lib -L/nix/store/zihzfhfq28wp1yzx86dp1q4zccai745r-gamemode-1.7-lib/lib -L/nix/store/va9r2bdg56jc6qizpm6dyb97lnxfrhsy-file-5.44/lib -L/nix/store/mg9l7phyhvi16p9g8g3g8fbyj4mr79gq-zlib-1.2.13/lib -L/nix/store/hmh8yakhrp3r95b7r085m4xnzp8crz3b-libxml2-2.10.3/lib -L/nix/store/8ilmxyjyn4fn3ll7s19shppp7izswp2c-libxslt-1.1.37/lib -L/nix/store/5438qhyypn1kbdnm4312v8db4mkapwhl-openssl-3.0.8/lib -L/nix/store/c651qa8kqilglkx8fhxz0ibc4yfndlm8-sqlite-3.40.1/lib -L/nix/store/ci7r8mfkdg1b4wgawp6fff6ba6vyf33r-unixODBC-2.3.11/lib -L/nix/store/vgasd5zjsvdvq3w7ik13sfyyj1n0m5v7-graphite2-1.3.14/lib -L/nix/store/09yg78bcs6vibbk7py1k1l9qf1im9lwj-harfbuzz-7.0.0/lib -L/nix/store/jbsbrpz89j9sbk0shpqvk5jy3fddkffq-icu4c-72.1/lib -L/nix/store/rvv0110i3pg28vrhadhi1qfmhpgj1azy-libjpeg-turbo-2.1.4/lib -L/nix/store/idx4lcdd1p91dpib06d5mwyhszs6w8xw-libpng-apng-1.6.39/lib -L/nix/store/lm9jab801iavj3f9gjz6vc1fxhvvg2mj-pcre2-10.42/lib -L/nix/store/x6nnam5hk44mljbk782rcbd92jlnz8r6-pcre-8.45/lib -L/nix/store/i1wd03f4gq5l9bbzb8ir2v8aibsbdi47-libproxy-0.4.18/lib -L/nix/store/clln53sqbfn8i0z8x0ji3x3fz6zchqml-zstd-1.5.4/lib -L/nix/store/4hx2f3kfk824b3b44mhjgpph426lnj42-double-conversion-3.2.1/lib -L/nix/store/d9yf24k5n979y1qy03nlj1mnpijhs5rx-libb2-0.98.1/lib -L/nix/store/2pai53mrrahl85w7mbypxmplgx6wfqyd-md4c-0.4.8/lib -L/nix/store/inrxvaqv2zkdhg2v5vhqc0257p92wl2q-expat-2.5.0/lib -L/nix/store/q36hdg6hw9vlls7abq0y08gksqr2m2z2-dbus-1.14.4-lib/lib -L/nix/store/m0fsvgc5hrn3yjwsl9fvj5m6pyjk2il2-libffi-3.4.4/lib -L/nix/store/ik1vzp6bfwjxxg0cdcbmyl17yzn8idd4-gettext-0.21/lib -L/nix/store/rcwsvm3zmcpwl71b7r5f9ql599hw6f2b-glib-2.74.5/lib -L/nix/store/lfpcn90d6fwckk3ysihijfy2z5wsi7da-sqlite-connector-odbc-0.9993/lib -L/nix/store/kp51yj0jwdi2b7f8i93ici4c5z0x7bn3-systemd-252.5/lib -L/nix/store/b9ihpihmhnain100fjfd008nzf9ha6xj-util-linux-2.38.1-lib/lib -L/nix/store/xj6h98v3mjiqmwqv6zbw51xd3lgzdz7p-mtdev-1.1.6/lib -L/nix/store/zmqdq7fj6h273kxz969wr3h7g1jhzgz4-lksctp-tools-1.0.17/lib -L/nix/store/gqlj2nh329ymrawhlrhhd3wx9h5nwi38-libselinux-3.3/lib -L/nix/store/i4dbdvj0qdbglgqpa04xx8gs564n8953-libsepol-3.3/lib -L/nix/store/0hhi25jwagxm00kjwmh2zl395cgfdrfh-liburcu-0.13.2/lib -L/nix/store/jqvbspi73y5il9p4mmrf7bnnjvpf4r80-lttng-ust-2.13.1/lib -L/nix/store/izbwynagva4wx96ghpczpcs5v0d82xix-vulkan-loader-1.3.239.0/lib -L/nix/store/cbj48b5jcdhwmvn282gg3wkrnfvqcn0v-libthai-0.1.29/lib -L/nix/store/fp76f9kiv3mwh2h87lhmxcp173gi49jd-libdrm-2.4.114/lib -L/nix/store/4kz52y95zfn9l8pbn8f5jw1w61lgn0js-libdatrie-2019-12-20-lib/lib -L/nix/store/k0yrr5yq9yghbvvfv0qkblyia576kg4f-bzip2-1.0.8/lib -L/nix/store/6ahs2w409ysgvz4r0k1g0kypf6k3iwps-brotli-1.0.9-lib/lib -L/nix/store/2jq0rdhc7wb8fj0q82whsj9p50sdmvcv-freetype-2.12.1/lib -L/nix/store/mv56qyvfin02c96mxrdh60p3c0j05dvn-fontconfig-2.14.0-lib/lib -L/nix/store/cnkr9byk03mz454yzx48jkyy0c2rlfjz-libxcb-1.14/lib -L/nix/store/y0ym7qckhfldadc4wbwv0hs7765v10rd-libX11-1.8.4/lib -L/nix/store/zd5rypkk2h639y4ym6qc3l65dpka3ycc-libXfixes-6.0.0/lib -L/nix/store/8b686hlck6jkpxm9yx3n755cmqvcnhni-libXcomposite-0.4.5/lib -L/nix/store/qnwa2z8b9y76almh1mpp1iwnwdvrzxbj-libXau-1.0.9/lib -L/nix/store/qgg9iiyrp9s1cja2h9cblb9cjyy65ssz-libXext-1.3.4/lib -L/nix/store/kmbps8nyg8nhnwdbcpxkbn5mmcdal5hp-libXi-1.8/lib -L/nix/store/dg1irgbmn4znzbbw2yyc99bh85a1ll3n-libXrender-0.9.10/lib -L/nix/store/03bcgkqn4hsf2l2n0ny5xx2c1z0ga6gy-libxkbcommon-1.5.0/lib -L/nix/store/96azvh5x19v03hz2a7ic90gs9h59kkzq-xcb-util-0.4.0/lib -L/nix/store/xd9vz5ar0kr7fbiibqqykfcczvdd56rc-xcb-util-image-0.4.0/lib -L/nix/store/hk1dsk9bim336dhb78nxxcnz8c20ys9c-xcb-util-keysyms-0.4.0/lib -L/nix/store/6p4yljw6hwnh9jbl29nq9vyrfysyjb8z-xcb-util-renderutil-0.3.9/lib -L/nix/store/nf595y3dfgyq0wvmwnqq380xmbhjjiin-xcb-util-wm-0.4.1/lib -L/nix/store/3bhillndvhi9pvdkr4bb145170s7h7lz-libXdmcp-1.1.3/lib -L/nix/store/75jd6r549krqxk1iq5cl4slrr4vci11n-libXtst-1.2.3/lib -L/nix/store/m5ygz6nz3lxav4cswsgdrfga1lfkcrbr-xcb-util-cursor-0.1.3/lib -L/nix/store/3w5sakz3znb378b7wlfbr7bss3myhdi3-libepoxy-1.5.10/lib -L/nix/store/srnnb3xqzcn0afbc1sg2f3kahdbqp0hb-libGL-1.6.0/lib -L/nix/store/yl6ggfn054z9brd4rlzifn3zpiardjz2-libglvnd-1.6.0/lib -L/nix/store/baz8lrsrakrl0jdlz89hvbqv8mgvcqk9-qtbase-6.4.2/lib -L/nix/store/6dm5g796frdb2k7rqb0nyzm4s76gd3p9-qtsvg-6.4.2/lib -L/nix/store/0bb16bnqa4raz3b8d0fayj25bcs131g3-qtshadertools-6.4.2/lib -L/nix/store/iw1vmh509hcbby8dbpsaanbri4zsq7dj-python3-3.10.10/lib -L/nix/store/4y8vjpf6qb8z43x99pc48yjbpdg1gb81-qtdeclarative-6.4.2/lib -L/nix/store/zvw6fflmybm80k4arxmmpdyzf7gn1msb-qt5compat-6.4.2/lib -L/nix/store/61imhlw6qszhcwmmiwxqdf72kn5fz2y5-quazip-1.3/lib -L/nix/store/5ymj2l7wacvb1b154v5mhlhng406ds0k-tomlplusplus-3.3.0/lib -L/nix/store/dkbq5hvylsc0d76lgmwyx4jm2pld63sl-cmark-0.30.3/lib -L/nix/store/4bmh1h8dn0k0s8bydmb1syk8cfsmgxb6-qtwayland-6.4.2/lib -L/nix/store/zihzfhfq28wp1yzx86dp1q4zccai745r-gamemode-1.7-lib/lib -L/nix/store/76l4v99sk83ylfwkz8wmwrm4s8h73rhd-glibc-2.35-224/lib -L/nix/store/2w4k8nvdyiggz717ygbbxchpnxrqc6y9-gcc-12.2.0-lib/lib -L/nix/store/76l4v99sk83ylfwkz8wmwrm4s8h73rhd-glibc-2.35-224/lib -L/nix/store/2w4k8nvdyiggz717ygbbxchpnxrqc6y9-gcc-12.2.0-lib/lib -L/nix/store/bfbp3ypd9nm3fapz634gvvs738blrl0y-gcc-wrapper-12.2.0/bin -L/nix/store/wx4nsqbssywgx9zkabwgl9sxm5l61ni3-gcc-12.2.0/lib/gcc/x86_64-unknown-linux-gnu/12.2.0 -L/nix/store/wx4nsqbssywgx9zkabwgl9sxm5l61ni3-gcc-12.2.0/lib/gcc/x86_64-unknown-linux-gnu/12.2.0/../../../../lib64 -L/nix/store/wx4nsqbssywgx9zkabwgl9sxm5l61ni3-gcc-12.2.0/lib/gcc/x86_64-unknown-linux-gnu/12.2.0/../../.. -dynamic-linker=/nix/store/76l4v99sk83ylfwkz8wmwrm4s8h73rhd-glibc-2.35-224/lib/ld-linux-x86-64.so.2 CMakeFiles/cmTC_ad166.dir/CMakeCCompilerABI.c.o -rpath /workspace/PrismLauncher/outputs/out/lib64 -rpath /workspace/PrismLauncher/outputs/out/lib -lgcc --push-state --as-needed -lgcc_s --pop-state -lc -lgcc --push-state --as-needed -lgcc_s --pop-state /nix/store/wx4nsqbssywgx9zkabwgl9sxm5l61ni3-gcc-12.2.0/lib/gcc/x86_64-unknown-linux-gnu/12.2.0/crtend.o /nix/store/76l4v99sk83ylfwkz8wmwrm4s8h73rhd-glibc-2.35-224/lib/crtn.o]
    arg [/nix/store/wx4nsqbssywgx9zkabwgl9sxm5l61ni3-gcc-12.2.0/libexec/gcc/x86_64-unknown-linux-gnu/12.2.0/collect2] ==> ignore
    arg [-plugin] ==> ignore
    arg [/nix/store/wx4nsqbssywgx9zkabwgl9sxm5l61ni3-gcc-12.2.0/libexec/gcc/x86_64-unknown-linux-gnu/12.2.0/liblto_plugin.so] ==> ignore
    arg [-plugin-opt=/nix/store/wx4nsqbssywgx9zkabwgl9sxm5l61ni3-gcc-12.2.0/libexec/gcc/x86_64-unknown-linux-gnu/12.2.0/lto-wrapper] ==> ignore
    arg [-plugin-opt=-fresolution=/tmp/nix-shell.QeuHwI/ccNxGOLr.res] ==> ignore
    arg [-plugin-opt=-pass-through=-lgcc] ==> ignore
    arg [-plugin-opt=-pass-through=-lgcc_s] ==> ignore
    arg [-plugin-opt=-pass-through=-lc] ==> ignore
    arg [-plugin-opt=-pass-through=-lgcc] ==> ignore
    arg [-plugin-opt=-pass-through=-lgcc_s] ==> ignore
    arg [--eh-frame-hdr] ==> ignore
    arg [-m] ==> ignore
    arg [elf_x86_64] ==> ignore
    arg [-dynamic-linker] ==> ignore
    arg [/nix/store/76l4v99sk83ylfwkz8wmwrm4s8h73rhd-glibc-2.35-224/lib64/ld-linux-x86-64.so.2] ==> ignore
    arg [-o] ==> ignore
    arg [cmTC_ad166] ==> ignore
    arg [/nix/store/76l4v99sk83ylfwkz8wmwrm4s8h73rhd-glibc-2.35-224/lib/crt1.o] ==> obj [/nix/store/76l4v99sk83ylfwkz8wmwrm4s8h73rhd-glibc-2.35-224/lib/crt1.o]
    arg [/nix/store/76l4v99sk83ylfwkz8wmwrm4s8h73rhd-glibc-2.35-224/lib/crti.o] ==> obj [/nix/store/76l4v99sk83ylfwkz8wmwrm4s8h73rhd-glibc-2.35-224/lib/crti.o]
    arg [/nix/store/wx4nsqbssywgx9zkabwgl9sxm5l61ni3-gcc-12.2.0/lib/gcc/x86_64-unknown-linux-gnu/12.2.0/crtbegin.o] ==> obj [/nix/store/wx4nsqbssywgx9zkabwgl9sxm5l61ni3-gcc-12.2.0/lib/gcc/x86_64-unknown-linux-gnu/12.2.0/crtbegin.o]
    arg [-L/nix/store/va9r2bdg56jc6qizpm6dyb97lnxfrhsy-file-5.44/lib] ==> dir [/nix/store/va9r2bdg56jc6qizpm6dyb97lnxfrhsy-file-5.44/lib]
    arg [-L/nix/store/mg9l7phyhvi16p9g8g3g8fbyj4mr79gq-zlib-1.2.13/lib] ==> dir [/nix/store/mg9l7phyhvi16p9g8g3g8fbyj4mr79gq-zlib-1.2.13/lib]
    arg [-L/nix/store/hmh8yakhrp3r95b7r085m4xnzp8crz3b-libxml2-2.10.3/lib] ==> dir [/nix/store/hmh8yakhrp3r95b7r085m4xnzp8crz3b-libxml2-2.10.3/lib]
    arg [-L/nix/store/8ilmxyjyn4fn3ll7s19shppp7izswp2c-libxslt-1.1.37/lib] ==> dir [/nix/store/8ilmxyjyn4fn3ll7s19shppp7izswp2c-libxslt-1.1.37/lib]
    arg [-L/nix/store/5438qhyypn1kbdnm4312v8db4mkapwhl-openssl-3.0.8/lib] ==> dir [/nix/store/5438qhyypn1kbdnm4312v8db4mkapwhl-openssl-3.0.8/lib]
    arg [-L/nix/store/c651qa8kqilglkx8fhxz0ibc4yfndlm8-sqlite-3.40.1/lib] ==> dir [/nix/store/c651qa8kqilglkx8fhxz0ibc4yfndlm8-sqlite-3.40.1/lib]
    arg [-L/nix/store/ci7r8mfkdg1b4wgawp6fff6ba6vyf33r-unixODBC-2.3.11/lib] ==> dir [/nix/store/ci7r8mfkdg1b4wgawp6fff6ba6vyf33r-unixODBC-2.3.11/lib]
    arg [-L/nix/store/vgasd5zjsvdvq3w7ik13sfyyj1n0m5v7-graphite2-1.3.14/lib] ==> dir [/nix/store/vgasd5zjsvdvq3w7ik13sfyyj1n0m5v7-graphite2-1.3.14/lib]
    arg [-L/nix/store/09yg78bcs6vibbk7py1k1l9qf1im9lwj-harfbuzz-7.0.0/lib] ==> dir [/nix/store/09yg78bcs6vibbk7py1k1l9qf1im9lwj-harfbuzz-7.0.0/lib]
    arg [-L/nix/store/jbsbrpz89j9sbk0shpqvk5jy3fddkffq-icu4c-72.1/lib] ==> dir [/nix/store/jbsbrpz89j9sbk0shpqvk5jy3fddkffq-icu4c-72.1/lib]
    arg [-L/nix/store/rvv0110i3pg28vrhadhi1qfmhpgj1azy-libjpeg-turbo-2.1.4/lib] ==> dir [/nix/store/rvv0110i3pg28vrhadhi1qfmhpgj1azy-libjpeg-turbo-2.1.4/lib]
    arg [-L/nix/store/idx4lcdd1p91dpib06d5mwyhszs6w8xw-libpng-apng-1.6.39/lib] ==> dir [/nix/store/idx4lcdd1p91dpib06d5mwyhszs6w8xw-libpng-apng-1.6.39/lib]
    arg [-L/nix/store/lm9jab801iavj3f9gjz6vc1fxhvvg2mj-pcre2-10.42/lib] ==> dir [/nix/store/lm9jab801iavj3f9gjz6vc1fxhvvg2mj-pcre2-10.42/lib]
    arg [-L/nix/store/x6nnam5hk44mljbk782rcbd92jlnz8r6-pcre-8.45/lib] ==> dir [/nix/store/x6nnam5hk44mljbk782rcbd92jlnz8r6-pcre-8.45/lib]
    arg [-L/nix/store/i1wd03f4gq5l9bbzb8ir2v8aibsbdi47-libproxy-0.4.18/lib] ==> dir [/nix/store/i1wd03f4gq5l9bbzb8ir2v8aibsbdi47-libproxy-0.4.18/lib]
    arg [-L/nix/store/clln53sqbfn8i0z8x0ji3x3fz6zchqml-zstd-1.5.4/lib] ==> dir [/nix/store/clln53sqbfn8i0z8x0ji3x3fz6zchqml-zstd-1.5.4/lib]
    arg [-L/nix/store/4hx2f3kfk824b3b44mhjgpph426lnj42-double-conversion-3.2.1/lib] ==> dir [/nix/store/4hx2f3kfk824b3b44mhjgpph426lnj42-double-conversion-3.2.1/lib]
    arg [-L/nix/store/d9yf24k5n979y1qy03nlj1mnpijhs5rx-libb2-0.98.1/lib] ==> dir [/nix/store/d9yf24k5n979y1qy03nlj1mnpijhs5rx-libb2-0.98.1/lib]
    arg [-L/nix/store/2pai53mrrahl85w7mbypxmplgx6wfqyd-md4c-0.4.8/lib] ==> dir [/nix/store/2pai53mrrahl85w7mbypxmplgx6wfqyd-md4c-0.4.8/lib]
    arg [-L/nix/store/inrxvaqv2zkdhg2v5vhqc0257p92wl2q-expat-2.5.0/lib] ==> dir [/nix/store/inrxvaqv2zkdhg2v5vhqc0257p92wl2q-expat-2.5.0/lib]
    arg [-L/nix/store/q36hdg6hw9vlls7abq0y08gksqr2m2z2-dbus-1.14.4-lib/lib] ==> dir [/nix/store/q36hdg6hw9vlls7abq0y08gksqr2m2z2-dbus-1.14.4-lib/lib]
    arg [-L/nix/store/m0fsvgc5hrn3yjwsl9fvj5m6pyjk2il2-libffi-3.4.4/lib] ==> dir [/nix/store/m0fsvgc5hrn3yjwsl9fvj5m6pyjk2il2-libffi-3.4.4/lib]
    arg [-L/nix/store/ik1vzp6bfwjxxg0cdcbmyl17yzn8idd4-gettext-0.21/lib] ==> dir [/nix/store/ik1vzp6bfwjxxg0cdcbmyl17yzn8idd4-gettext-0.21/lib]
    arg [-L/nix/store/rcwsvm3zmcpwl71b7r5f9ql599hw6f2b-glib-2.74.5/lib] ==> dir [/nix/store/rcwsvm3zmcpwl71b7r5f9ql599hw6f2b-glib-2.74.5/lib]
    arg [-L/nix/store/lfpcn90d6fwckk3ysihijfy2z5wsi7da-sqlite-connector-odbc-0.9993/lib] ==> dir [/nix/store/lfpcn90d6fwckk3ysihijfy2z5wsi7da-sqlite-connector-odbc-0.9993/lib]
    arg [-L/nix/store/kp51yj0jwdi2b7f8i93ici4c5z0x7bn3-systemd-252.5/lib] ==> dir [/nix/store/kp51yj0jwdi2b7f8i93ici4c5z0x7bn3-systemd-252.5/lib]
    arg [-L/nix/store/b9ihpihmhnain100fjfd008nzf9ha6xj-util-linux-2.38.1-lib/lib] ==> dir [/nix/store/b9ihpihmhnain100fjfd008nzf9ha6xj-util-linux-2.38.1-lib/lib]
    arg [-L/nix/store/xj6h98v3mjiqmwqv6zbw51xd3lgzdz7p-mtdev-1.1.6/lib] ==> dir [/nix/store/xj6h98v3mjiqmwqv6zbw51xd3lgzdz7p-mtdev-1.1.6/lib]
    arg [-L/nix/store/zmqdq7fj6h273kxz969wr3h7g1jhzgz4-lksctp-tools-1.0.17/lib] ==> dir [/nix/store/zmqdq7fj6h273kxz969wr3h7g1jhzgz4-lksctp-tools-1.0.17/lib]
    arg [-L/nix/store/gqlj2nh329ymrawhlrhhd3wx9h5nwi38-libselinux-3.3/lib] ==> dir [/nix/store/gqlj2nh329ymrawhlrhhd3wx9h5nwi38-libselinux-3.3/lib]
    arg [-L/nix/store/i4dbdvj0qdbglgqpa04xx8gs564n8953-libsepol-3.3/lib] ==> dir [/nix/store/i4dbdvj0qdbglgqpa04xx8gs564n8953-libsepol-3.3/lib]
    arg [-L/nix/store/0hhi25jwagxm00kjwmh2zl395cgfdrfh-liburcu-0.13.2/lib] ==> dir [/nix/store/0hhi25jwagxm00kjwmh2zl395cgfdrfh-liburcu-0.13.2/lib]
    arg [-L/nix/store/jqvbspi73y5il9p4mmrf7bnnjvpf4r80-lttng-ust-2.13.1/lib] ==> dir [/nix/store/jqvbspi73y5il9p4mmrf7bnnjvpf4r80-lttng-ust-2.13.1/lib]
    arg [-L/nix/store/izbwynagva4wx96ghpczpcs5v0d82xix-vulkan-loader-1.3.239.0/lib] ==> dir [/nix/store/izbwynagva4wx96ghpczpcs5v0d82xix-vulkan-loader-1.3.239.0/lib]
    arg [-L/nix/store/cbj48b5jcdhwmvn282gg3wkrnfvqcn0v-libthai-0.1.29/lib] ==> dir [/nix/store/cbj48b5jcdhwmvn282gg3wkrnfvqcn0v-libthai-0.1.29/lib]
    arg [-L/nix/store/fp76f9kiv3mwh2h87lhmxcp173gi49jd-libdrm-2.4.114/lib] ==> dir [/nix/store/fp76f9kiv3mwh2h87lhmxcp173gi49jd-libdrm-2.4.114/lib]
    arg [-L/nix/store/4kz52y95zfn9l8pbn8f5jw1w61lgn0js-libdatrie-2019-12-20-lib/lib] ==> dir [/nix/store/4kz52y95zfn9l8pbn8f5jw1w61lgn0js-libdatrie-2019-12-20-lib/lib]
    arg [-L/nix/store/k0yrr5yq9yghbvvfv0qkblyia576kg4f-bzip2-1.0.8/lib] ==> dir [/nix/store/k0yrr5yq9yghbvvfv0qkblyia576kg4f-bzip2-1.0.8/lib]
    arg [-L/nix/store/6ahs2w409ysgvz4r0k1g0kypf6k3iwps-brotli-1.0.9-lib/lib] ==> dir [/nix/store/6ahs2w409ysgvz4r0k1g0kypf6k3iwps-brotli-1.0.9-lib/lib]
    arg [-L/nix/store/2jq0rdhc7wb8fj0q82whsj9p50sdmvcv-freetype-2.12.1/lib] ==> dir [/nix/store/2jq0rdhc7wb8fj0q82whsj9p50sdmvcv-freetype-2.12.1/lib]
    arg [-L/nix/store/mv56qyvfin02c96mxrdh60p3c0j05dvn-fontconfig-2.14.0-lib/lib] ==> dir [/nix/store/mv56qyvfin02c96mxrdh60p3c0j05dvn-fontconfig-2.14.0-lib/lib]
    arg [-L/nix/store/cnkr9byk03mz454yzx48jkyy0c2rlfjz-libxcb-1.14/lib] ==> dir [/nix/store/cnkr9byk03mz454yzx48jkyy0c2rlfjz-libxcb-1.14/lib]
    arg [-L/nix/store/y0ym7qckhfldadc4wbwv0hs7765v10rd-libX11-1.8.4/lib] ==> dir [/nix/store/y0ym7qckhfldadc4wbwv0hs7765v10rd-libX11-1.8.4/lib]
    arg [-L/nix/store/zd5rypkk2h639y4ym6qc3l65dpka3ycc-libXfixes-6.0.0/lib] ==> dir [/nix/store/zd5rypkk2h639y4ym6qc3l65dpka3ycc-libXfixes-6.0.0/lib]
    arg [-L/nix/store/8b686hlck6jkpxm9yx3n755cmqvcnhni-libXcomposite-0.4.5/lib] ==> dir [/nix/store/8b686hlck6jkpxm9yx3n755cmqvcnhni-libXcomposite-0.4.5/lib]
    arg [-L/nix/store/qnwa2z8b9y76almh1mpp1iwnwdvrzxbj-libXau-1.0.9/lib] ==> dir [/nix/store/qnwa2z8b9y76almh1mpp1iwnwdvrzxbj-libXau-1.0.9/lib]
    arg [-L/nix/store/qgg9iiyrp9s1cja2h9cblb9cjyy65ssz-libXext-1.3.4/lib] ==> dir [/nix/store/qgg9iiyrp9s1cja2h9cblb9cjyy65ssz-libXext-1.3.4/lib]
    arg [-L/nix/store/kmbps8nyg8nhnwdbcpxkbn5mmcdal5hp-libXi-1.8/lib] ==> dir [/nix/store/kmbps8nyg8nhnwdbcpxkbn5mmcdal5hp-libXi-1.8/lib]
    arg [-L/nix/store/dg1irgbmn4znzbbw2yyc99bh85a1ll3n-libXrender-0.9.10/lib] ==> dir [/nix/store/dg1irgbmn4znzbbw2yyc99bh85a1ll3n-libXrender-0.9.10/lib]
    arg [-L/nix/store/03bcgkqn4hsf2l2n0ny5xx2c1z0ga6gy-libxkbcommon-1.5.0/lib] ==> dir [/nix/store/03bcgkqn4hsf2l2n0ny5xx2c1z0ga6gy-libxkbcommon-1.5.0/lib]
    arg [-L/nix/store/96azvh5x19v03hz2a7ic90gs9h59kkzq-xcb-util-0.4.0/lib] ==> dir [/nix/store/96azvh5x19v03hz2a7ic90gs9h59kkzq-xcb-util-0.4.0/lib]
    arg [-L/nix/store/xd9vz5ar0kr7fbiibqqykfcczvdd56rc-xcb-util-image-0.4.0/lib] ==> dir [/nix/store/xd9vz5ar0kr7fbiibqqykfcczvdd56rc-xcb-util-image-0.4.0/lib]
    arg [-L/nix/store/hk1dsk9bim336dhb78nxxcnz8c20ys9c-xcb-util-keysyms-0.4.0/lib] ==> dir [/nix/store/hk1dsk9bim336dhb78nxxcnz8c20ys9c-xcb-util-keysyms-0.4.0/lib]
    arg [-L/nix/store/6p4yljw6hwnh9jbl29nq9vyrfysyjb8z-xcb-util-renderutil-0.3.9/lib] ==> dir [/nix/store/6p4yljw6hwnh9jbl29nq9vyrfysyjb8z-xcb-util-renderutil-0.3.9/lib]
    arg [-L/nix/store/nf595y3dfgyq0wvmwnqq380xmbhjjiin-xcb-util-wm-0.4.1/lib] ==> dir [/nix/store/nf595y3dfgyq0wvmwnqq380xmbhjjiin-xcb-util-wm-0.4.1/lib]
    arg [-L/nix/store/3bhillndvhi9pvdkr4bb145170s7h7lz-libXdmcp-1.1.3/lib] ==> dir [/nix/store/3bhillndvhi9pvdkr4bb145170s7h7lz-libXdmcp-1.1.3/lib]
    arg [-L/nix/store/75jd6r549krqxk1iq5cl4slrr4vci11n-libXtst-1.2.3/lib] ==> dir [/nix/store/75jd6r549krqxk1iq5cl4slrr4vci11n-libXtst-1.2.3/lib]
    arg [-L/nix/store/m5ygz6nz3lxav4cswsgdrfga1lfkcrbr-xcb-util-cursor-0.1.3/lib] ==> dir [/nix/store/m5ygz6nz3lxav4cswsgdrfga1lfkcrbr-xcb-util-cursor-0.1.3/lib]
    arg [-L/nix/store/3w5sakz3znb378b7wlfbr7bss3myhdi3-libepoxy-1.5.10/lib] ==> dir [/nix/store/3w5sakz3znb378b7wlfbr7bss3myhdi3-libepoxy-1.5.10/lib]
    arg [-L/nix/store/srnnb3xqzcn0afbc1sg2f3kahdbqp0hb-libGL-1.6.0/lib] ==> dir [/nix/store/srnnb3xqzcn0afbc1sg2f3kahdbqp0hb-libGL-1.6.0/lib]
    arg [-L/nix/store/yl6ggfn054z9brd4rlzifn3zpiardjz2-libglvnd-1.6.0/lib] ==> dir [/nix/store/yl6ggfn054z9brd4rlzifn3zpiardjz2-libglvnd-1.6.0/lib]
    arg [-L/nix/store/baz8lrsrakrl0jdlz89hvbqv8mgvcqk9-qtbase-6.4.2/lib] ==> dir [/nix/store/baz8lrsrakrl0jdlz89hvbqv8mgvcqk9-qtbase-6.4.2/lib]
    arg [-L/nix/store/6dm5g796frdb2k7rqb0nyzm4s76gd3p9-qtsvg-6.4.2/lib] ==> dir [/nix/store/6dm5g796frdb2k7rqb0nyzm4s76gd3p9-qtsvg-6.4.2/lib]
    arg [-L/nix/store/0bb16bnqa4raz3b8d0fayj25bcs131g3-qtshadertools-6.4.2/lib] ==> dir [/nix/store/0bb16bnqa4raz3b8d0fayj25bcs131g3-qtshadertools-6.4.2/lib]
    arg [-L/nix/store/iw1vmh509hcbby8dbpsaanbri4zsq7dj-python3-3.10.10/lib] ==> dir [/nix/store/iw1vmh509hcbby8dbpsaanbri4zsq7dj-python3-3.10.10/lib]
    arg [-L/nix/store/4y8vjpf6qb8z43x99pc48yjbpdg1gb81-qtdeclarative-6.4.2/lib] ==> dir [/nix/store/4y8vjpf6qb8z43x99pc48yjbpdg1gb81-qtdeclarative-6.4.2/lib]
    arg [-L/nix/store/zvw6fflmybm80k4arxmmpdyzf7gn1msb-qt5compat-6.4.2/lib] ==> dir [/nix/store/zvw6fflmybm80k4arxmmpdyzf7gn1msb-qt5compat-6.4.2/lib]
    arg [-L/nix/store/61imhlw6qszhcwmmiwxqdf72kn5fz2y5-quazip-1.3/lib] ==> dir [/nix/store/61imhlw6qszhcwmmiwxqdf72kn5fz2y5-quazip-1.3/lib]
    arg [-L/nix/store/5ymj2l7wacvb1b154v5mhlhng406ds0k-tomlplusplus-3.3.0/lib] ==> dir [/nix/store/5ymj2l7wacvb1b154v5mhlhng406ds0k-tomlplusplus-3.3.0/lib]
    arg [-L/nix/store/dkbq5hvylsc0d76lgmwyx4jm2pld63sl-cmark-0.30.3/lib] ==> dir [/nix/store/dkbq5hvylsc0d76lgmwyx4jm2pld63sl-cmark-0.30.3/lib]
    arg [-L/nix/store/4bmh1h8dn0k0s8bydmb1syk8cfsmgxb6-qtwayland-6.4.2/lib] ==> dir [/nix/store/4bmh1h8dn0k0s8bydmb1syk8cfsmgxb6-qtwayland-6.4.2/lib]
    arg [-L/nix/store/zihzfhfq28wp1yzx86dp1q4zccai745r-gamemode-1.7-lib/lib] ==> dir [/nix/store/zihzfhfq28wp1yzx86dp1q4zccai745r-gamemode-1.7-lib/lib]
    arg [-L/nix/store/va9r2bdg56jc6qizpm6dyb97lnxfrhsy-file-5.44/lib] ==> dir [/nix/store/va9r2bdg56jc6qizpm6dyb97lnxfrhsy-file-5.44/lib]
    arg [-L/nix/store/mg9l7phyhvi16p9g8g3g8fbyj4mr79gq-zlib-1.2.13/lib] ==> dir [/nix/store/mg9l7phyhvi16p9g8g3g8fbyj4mr79gq-zlib-1.2.13/lib]
    arg [-L/nix/store/hmh8yakhrp3r95b7r085m4xnzp8crz3b-libxml2-2.10.3/lib] ==> dir [/nix/store/hmh8yakhrp3r95b7r085m4xnzp8crz3b-libxml2-2.10.3/lib]
    arg [-L/nix/store/8ilmxyjyn4fn3ll7s19shppp7izswp2c-libxslt-1.1.37/lib] ==> dir [/nix/store/8ilmxyjyn4fn3ll7s19shppp7izswp2c-libxslt-1.1.37/lib]
    arg [-L/nix/store/5438qhyypn1kbdnm4312v8db4mkapwhl-openssl-3.0.8/lib] ==> dir [/nix/store/5438qhyypn1kbdnm4312v8db4mkapwhl-openssl-3.0.8/lib]
    arg [-L/nix/store/c651qa8kqilglkx8fhxz0ibc4yfndlm8-sqlite-3.40.1/lib] ==> dir [/nix/store/c651qa8kqilglkx8fhxz0ibc4yfndlm8-sqlite-3.40.1/lib]
    arg [-L/nix/store/ci7r8mfkdg1b4wgawp6fff6ba6vyf33r-unixODBC-2.3.11/lib] ==> dir [/nix/store/ci7r8mfkdg1b4wgawp6fff6ba6vyf33r-unixODBC-2.3.11/lib]
    arg [-L/nix/store/vgasd5zjsvdvq3w7ik13sfyyj1n0m5v7-graphite2-1.3.14/lib] ==> dir [/nix/store/vgasd5zjsvdvq3w7ik13sfyyj1n0m5v7-graphite2-1.3.14/lib]
    arg [-L/nix/store/09yg78bcs6vibbk7py1k1l9qf1im9lwj-harfbuzz-7.0.0/lib] ==> dir [/nix/store/09yg78bcs6vibbk7py1k1l9qf1im9lwj-harfbuzz-7.0.0/lib]
    arg [-L/nix/store/jbsbrpz89j9sbk0shpqvk5jy3fddkffq-icu4c-72.1/lib] ==> dir [/nix/store/jbsbrpz89j9sbk0shpqvk5jy3fddkffq-icu4c-72.1/lib]
    arg [-L/nix/store/rvv0110i3pg28vrhadhi1qfmhpgj1azy-libjpeg-turbo-2.1.4/lib] ==> dir [/nix/store/rvv0110i3pg28vrhadhi1qfmhpgj1azy-libjpeg-turbo-2.1.4/lib]
    arg [-L/nix/store/idx4lcdd1p91dpib06d5mwyhszs6w8xw-libpng-apng-1.6.39/lib] ==> dir [/nix/store/idx4lcdd1p91dpib06d5mwyhszs6w8xw-libpng-apng-1.6.39/lib]
    arg [-L/nix/store/lm9jab801iavj3f9gjz6vc1fxhvvg2mj-pcre2-10.42/lib] ==> dir [/nix/store/lm9jab801iavj3f9gjz6vc1fxhvvg2mj-pcre2-10.42/lib]
    arg [-L/nix/store/x6nnam5hk44mljbk782rcbd92jlnz8r6-pcre-8.45/lib] ==> dir [/nix/store/x6nnam5hk44mljbk782rcbd92jlnz8r6-pcre-8.45/lib]
    arg [-L/nix/store/i1wd03f4gq5l9bbzb8ir2v8aibsbdi47-libproxy-0.4.18/lib] ==> dir [/nix/store/i1wd03f4gq5l9bbzb8ir2v8aibsbdi47-libproxy-0.4.18/lib]
    arg [-L/nix/store/clln53sqbfn8i0z8x0ji3x3fz6zchqml-zstd-1.5.4/lib] ==> dir [/nix/store/clln53sqbfn8i0z8x0ji3x3fz6zchqml-zstd-1.5.4/lib]
    arg [-L/nix/store/4hx2f3kfk824b3b44mhjgpph426lnj42-double-conversion-3.2.1/lib] ==> dir [/nix/store/4hx2f3kfk824b3b44mhjgpph426lnj42-double-conversion-3.2.1/lib]
    arg [-L/nix/store/d9yf24k5n979y1qy03nlj1mnpijhs5rx-libb2-0.98.1/lib] ==> dir [/nix/store/d9yf24k5n979y1qy03nlj1mnpijhs5rx-libb2-0.98.1/lib]
    arg [-L/nix/store/2pai53mrrahl85w7mbypxmplgx6wfqyd-md4c-0.4.8/lib] ==> dir [/nix/store/2pai53mrrahl85w7mbypxmplgx6wfqyd-md4c-0.4.8/lib]
    arg [-L/nix/store/inrxvaqv2zkdhg2v5vhqc0257p92wl2q-expat-2.5.0/lib] ==> dir [/nix/store/inrxvaqv2zkdhg2v5vhqc0257p92wl2q-expat-2.5.0/lib]
    arg [-L/nix/store/q36hdg6hw9vlls7abq0y08gksqr2m2z2-dbus-1.14.4-lib/lib] ==> dir [/nix/store/q36hdg6hw9vlls7abq0y08gksqr2m2z2-dbus-1.14.4-lib/lib]
    arg [-L/nix/store/m0fsvgc5hrn3yjwsl9fvj5m6pyjk2il2-libffi-3.4.4/lib] ==> dir [/nix/store/m0fsvgc5hrn3yjwsl9fvj5m6pyjk2il2-libffi-3.4.4/lib]
    arg [-L/nix/store/ik1vzp6bfwjxxg0cdcbmyl17yzn8idd4-gettext-0.21/lib] ==> dir [/nix/store/ik1vzp6bfwjxxg0cdcbmyl17yzn8idd4-gettext-0.21/lib]
    arg [-L/nix/store/rcwsvm3zmcpwl71b7r5f9ql599hw6f2b-glib-2.74.5/lib] ==> dir [/nix/store/rcwsvm3zmcpwl71b7r5f9ql599hw6f2b-glib-2.74.5/lib]
    arg [-L/nix/store/lfpcn90d6fwckk3ysihijfy2z5wsi7da-sqlite-connector-odbc-0.9993/lib] ==> dir [/nix/store/lfpcn90d6fwckk3ysihijfy2z5wsi7da-sqlite-connector-odbc-0.9993/lib]
    arg [-L/nix/store/kp51yj0jwdi2b7f8i93ici4c5z0x7bn3-systemd-252.5/lib] ==> dir [/nix/store/kp51yj0jwdi2b7f8i93ici4c5z0x7bn3-systemd-252.5/lib]
    arg [-L/nix/store/b9ihpihmhnain100fjfd008nzf9ha6xj-util-linux-2.38.1-lib/lib] ==> dir [/nix/store/b9ihpihmhnain100fjfd008nzf9ha6xj-util-linux-2.38.1-lib/lib]
    arg [-L/nix/store/xj6h98v3mjiqmwqv6zbw51xd3lgzdz7p-mtdev-1.1.6/lib] ==> dir [/nix/store/xj6h98v3mjiqmwqv6zbw51xd3lgzdz7p-mtdev-1.1.6/lib]
    arg [-L/nix/store/zmqdq7fj6h273kxz969wr3h7g1jhzgz4-lksctp-tools-1.0.17/lib] ==> dir [/nix/store/zmqdq7fj6h273kxz969wr3h7g1jhzgz4-lksctp-tools-1.0.17/lib]
    arg [-L/nix/store/gqlj2nh329ymrawhlrhhd3wx9h5nwi38-libselinux-3.3/lib] ==> dir [/nix/store/gqlj2nh329ymrawhlrhhd3wx9h5nwi38-libselinux-3.3/lib]
    arg [-L/nix/store/i4dbdvj0qdbglgqpa04xx8gs564n8953-libsepol-3.3/lib] ==> dir [/nix/store/i4dbdvj0qdbglgqpa04xx8gs564n8953-libsepol-3.3/lib]
    arg [-L/nix/store/0hhi25jwagxm00kjwmh2zl395cgfdrfh-liburcu-0.13.2/lib] ==> dir [/nix/store/0hhi25jwagxm00kjwmh2zl395cgfdrfh-liburcu-0.13.2/lib]
    arg [-L/nix/store/jqvbspi73y5il9p4mmrf7bnnjvpf4r80-lttng-ust-2.13.1/lib] ==> dir [/nix/store/jqvbspi73y5il9p4mmrf7bnnjvpf4r80-lttng-ust-2.13.1/lib]
    arg [-L/nix/store/izbwynagva4wx96ghpczpcs5v0d82xix-vulkan-loader-1.3.239.0/lib] ==> dir [/nix/store/izbwynagva4wx96ghpczpcs5v0d82xix-vulkan-loader-1.3.239.0/lib]
    arg [-L/nix/store/cbj48b5jcdhwmvn282gg3wkrnfvqcn0v-libthai-0.1.29/lib] ==> dir [/nix/store/cbj48b5jcdhwmvn282gg3wkrnfvqcn0v-libthai-0.1.29/lib]
    arg [-L/nix/store/fp76f9kiv3mwh2h87lhmxcp173gi49jd-libdrm-2.4.114/lib] ==> dir [/nix/store/fp76f9kiv3mwh2h87lhmxcp173gi49jd-libdrm-2.4.114/lib]
    arg [-L/nix/store/4kz52y95zfn9l8pbn8f5jw1w61lgn0js-libdatrie-2019-12-20-lib/lib] ==> dir [/nix/store/4kz52y95zfn9l8pbn8f5jw1w61lgn0js-libdatrie-2019-12-20-lib/lib]
    arg [-L/nix/store/k0yrr5yq9yghbvvfv0qkblyia576kg4f-bzip2-1.0.8/lib] ==> dir [/nix/store/k0yrr5yq9yghbvvfv0qkblyia576kg4f-bzip2-1.0.8/lib]
    arg [-L/nix/store/6ahs2w409ysgvz4r0k1g0kypf6k3iwps-brotli-1.0.9-lib/lib] ==> dir [/nix/store/6ahs2w409ysgvz4r0k1g0kypf6k3iwps-brotli-1.0.9-lib/lib]
    arg [-L/nix/store/2jq0rdhc7wb8fj0q82whsj9p50sdmvcv-freetype-2.12.1/lib] ==> dir [/nix/store/2jq0rdhc7wb8fj0q82whsj9p50sdmvcv-freetype-2.12.1/lib]
    arg [-L/nix/store/mv56qyvfin02c96mxrdh60p3c0j05dvn-fontconfig-2.14.0-lib/lib] ==> dir [/nix/store/mv56qyvfin02c96mxrdh60p3c0j05dvn-fontconfig-2.14.0-lib/lib]
    arg [-L/nix/store/cnkr9byk03mz454yzx48jkyy0c2rlfjz-libxcb-1.14/lib] ==> dir [/nix/store/cnkr9byk03mz454yzx48jkyy0c2rlfjz-libxcb-1.14/lib]
    arg [-L/nix/store/y0ym7qckhfldadc4wbwv0hs7765v10rd-libX11-1.8.4/lib] ==> dir [/nix/store/y0ym7qckhfldadc4wbwv0hs7765v10rd-libX11-1.8.4/lib]
    arg [-L/nix/store/zd5rypkk2h639y4ym6qc3l65dpka3ycc-libXfixes-6.0.0/lib] ==> dir [/nix/store/zd5rypkk2h639y4ym6qc3l65dpka3ycc-libXfixes-6.0.0/lib]
    arg [-L/nix/store/8b686hlck6jkpxm9yx3n755cmqvcnhni-libXcomposite-0.4.5/lib] ==> dir [/nix/store/8b686hlck6jkpxm9yx3n755cmqvcnhni-libXcomposite-0.4.5/lib]
    arg [-L/nix/store/qnwa2z8b9y76almh1mpp1iwnwdvrzxbj-libXau-1.0.9/lib] ==> dir [/nix/store/qnwa2z8b9y76almh1mpp1iwnwdvrzxbj-libXau-1.0.9/lib]
    arg [-L/nix/store/qgg9iiyrp9s1cja2h9cblb9cjyy65ssz-libXext-1.3.4/lib] ==> dir [/nix/store/qgg9iiyrp9s1cja2h9cblb9cjyy65ssz-libXext-1.3.4/lib]
    arg [-L/nix/store/kmbps8nyg8nhnwdbcpxkbn5mmcdal5hp-libXi-1.8/lib] ==> dir [/nix/store/kmbps8nyg8nhnwdbcpxkbn5mmcdal5hp-libXi-1.8/lib]
    arg [-L/nix/store/dg1irgbmn4znzbbw2yyc99bh85a1ll3n-libXrender-0.9.10/lib] ==> dir [/nix/store/dg1irgbmn4znzbbw2yyc99bh85a1ll3n-libXrender-0.9.10/lib]
    arg [-L/nix/store/03bcgkqn4hsf2l2n0ny5xx2c1z0ga6gy-libxkbcommon-1.5.0/lib] ==> dir [/nix/store/03bcgkqn4hsf2l2n0ny5xx2c1z0ga6gy-libxkbcommon-1.5.0/lib]
    arg [-L/nix/store/96azvh5x19v03hz2a7ic90gs9h59kkzq-xcb-util-0.4.0/lib] ==> dir [/nix/store/96azvh5x19v03hz2a7ic90gs9h59kkzq-xcb-util-0.4.0/lib]
    arg [-L/nix/store/xd9vz5ar0kr7fbiibqqykfcczvdd56rc-xcb-util-image-0.4.0/lib] ==> dir [/nix/store/xd9vz5ar0kr7fbiibqqykfcczvdd56rc-xcb-util-image-0.4.0/lib]
    arg [-L/nix/store/hk1dsk9bim336dhb78nxxcnz8c20ys9c-xcb-util-keysyms-0.4.0/lib] ==> dir [/nix/store/hk1dsk9bim336dhb78nxxcnz8c20ys9c-xcb-util-keysyms-0.4.0/lib]
    arg [-L/nix/store/6p4yljw6hwnh9jbl29nq9vyrfysyjb8z-xcb-util-renderutil-0.3.9/lib] ==> dir [/nix/store/6p4yljw6hwnh9jbl29nq9vyrfysyjb8z-xcb-util-renderutil-0.3.9/lib]
    arg [-L/nix/store/nf595y3dfgyq0wvmwnqq380xmbhjjiin-xcb-util-wm-0.4.1/lib] ==> dir [/nix/store/nf595y3dfgyq0wvmwnqq380xmbhjjiin-xcb-util-wm-0.4.1/lib]
    arg [-L/nix/store/3bhillndvhi9pvdkr4bb145170s7h7lz-libXdmcp-1.1.3/lib] ==> dir [/nix/store/3bhillndvhi9pvdkr4bb145170s7h7lz-libXdmcp-1.1.3/lib]
    arg [-L/nix/store/75jd6r549krqxk1iq5cl4slrr4vci11n-libXtst-1.2.3/lib] ==> dir [/nix/store/75jd6r549krqxk1iq5cl4slrr4vci11n-libXtst-1.2.3/lib]
    arg [-L/nix/store/m5ygz6nz3lxav4cswsgdrfga1lfkcrbr-xcb-util-cursor-0.1.3/lib] ==> dir [/nix/store/m5ygz6nz3lxav4cswsgdrfga1lfkcrbr-xcb-util-cursor-0.1.3/lib]
    arg [-L/nix/store/3w5sakz3znb378b7wlfbr7bss3myhdi3-libepoxy-1.5.10/lib] ==> dir [/nix/store/3w5sakz3znb378b7wlfbr7bss3myhdi3-libepoxy-1.5.10/lib]
    arg [-L/nix/store/srnnb3xqzcn0afbc1sg2f3kahdbqp0hb-libGL-1.6.0/lib] ==> dir [/nix/store/srnnb3xqzcn0afbc1sg2f3kahdbqp0hb-libGL-1.6.0/lib]
    arg [-L/nix/store/yl6ggfn054z9brd4rlzifn3zpiardjz2-libglvnd-1.6.0/lib] ==> dir [/nix/store/yl6ggfn054z9brd4rlzifn3zpiardjz2-libglvnd-1.6.0/lib]
    arg [-L/nix/store/baz8lrsrakrl0jdlz89hvbqv8mgvcqk9-qtbase-6.4.2/lib] ==> dir [/nix/store/baz8lrsrakrl0jdlz89hvbqv8mgvcqk9-qtbase-6.4.2/lib]
    arg [-L/nix/store/6dm5g796frdb2k7rqb0nyzm4s76gd3p9-qtsvg-6.4.2/lib] ==> dir [/nix/store/6dm5g796frdb2k7rqb0nyzm4s76gd3p9-qtsvg-6.4.2/lib]
    arg [-L/nix/store/0bb16bnqa4raz3b8d0fayj25bcs131g3-qtshadertools-6.4.2/lib] ==> dir [/nix/store/0bb16bnqa4raz3b8d0fayj25bcs131g3-qtshadertools-6.4.2/lib]
    arg [-L/nix/store/iw1vmh509hcbby8dbpsaanbri4zsq7dj-python3-3.10.10/lib] ==> dir [/nix/store/iw1vmh509hcbby8dbpsaanbri4zsq7dj-python3-3.10.10/lib]
    arg [-L/nix/store/4y8vjpf6qb8z43x99pc48yjbpdg1gb81-qtdeclarative-6.4.2/lib] ==> dir [/nix/store/4y8vjpf6qb8z43x99pc48yjbpdg1gb81-qtdeclarative-6.4.2/lib]
    arg [-L/nix/store/zvw6fflmybm80k4arxmmpdyzf7gn1msb-qt5compat-6.4.2/lib] ==> dir [/nix/store/zvw6fflmybm80k4arxmmpdyzf7gn1msb-qt5compat-6.4.2/lib]
    arg [-L/nix/store/61imhlw6qszhcwmmiwxqdf72kn5fz2y5-quazip-1.3/lib] ==> dir [/nix/store/61imhlw6qszhcwmmiwxqdf72kn5fz2y5-quazip-1.3/lib]
    arg [-L/nix/store/5ymj2l7wacvb1b154v5mhlhng406ds0k-tomlplusplus-3.3.0/lib] ==> dir [/nix/store/5ymj2l7wacvb1b154v5mhlhng406ds0k-tomlplusplus-3.3.0/lib]
    arg [-L/nix/store/dkbq5hvylsc0d76lgmwyx4jm2pld63sl-cmark-0.30.3/lib] ==> dir [/nix/store/dkbq5hvylsc0d76lgmwyx4jm2pld63sl-cmark-0.30.3/lib]
    arg [-L/nix/store/4bmh1h8dn0k0s8bydmb1syk8cfsmgxb6-qtwayland-6.4.2/lib] ==> dir [/nix/store/4bmh1h8dn0k0s8bydmb1syk8cfsmgxb6-qtwayland-6.4.2/lib]
    arg [-L/nix/store/zihzfhfq28wp1yzx86dp1q4zccai745r-gamemode-1.7-lib/lib] ==> dir [/nix/store/zihzfhfq28wp1yzx86dp1q4zccai745r-gamemode-1.7-lib/lib]
    arg [-L/nix/store/76l4v99sk83ylfwkz8wmwrm4s8h73rhd-glibc-2.35-224/lib] ==> dir [/nix/store/76l4v99sk83ylfwkz8wmwrm4s8h73rhd-glibc-2.35-224/lib]
    arg [-L/nix/store/2w4k8nvdyiggz717ygbbxchpnxrqc6y9-gcc-12.2.0-lib/lib] ==> dir [/nix/store/2w4k8nvdyiggz717ygbbxchpnxrqc6y9-gcc-12.2.0-lib/lib]
    arg [-L/nix/store/76l4v99sk83ylfwkz8wmwrm4s8h73rhd-glibc-2.35-224/lib] ==> dir [/nix/store/76l4v99sk83ylfwkz8wmwrm4s8h73rhd-glibc-2.35-224/lib]
    arg [-L/nix/store/2w4k8nvdyiggz717ygbbxchpnxrqc6y9-gcc-12.2.0-lib/lib] ==> dir [/nix/store/2w4k8nvdyiggz717ygbbxchpnxrqc6y9-gcc-12.2.0-lib/lib]
    arg [-L/nix/store/bfbp3ypd9nm3fapz634gvvs738blrl0y-gcc-wrapper-12.2.0/bin] ==> dir [/nix/store/bfbp3ypd9nm3fapz634gvvs738blrl0y-gcc-wrapper-12.2.0/bin]
    arg [-L/nix/store/wx4nsqbssywgx9zkabwgl9sxm5l61ni3-gcc-12.2.0/lib/gcc/x86_64-unknown-linux-gnu/12.2.0] ==> dir [/nix/store/wx4nsqbssywgx9zkabwgl9sxm5l61ni3-gcc-12.2.0/lib/gcc/x86_64-unknown-linux-gnu/12.2.0]
    arg [-L/nix/store/wx4nsqbssywgx9zkabwgl9sxm5l61ni3-gcc-12.2.0/lib/gcc/x86_64-unknown-linux-gnu/12.2.0/../../../../lib64] ==> dir [/nix/store/wx4nsqbssywgx9zkabwgl9sxm5l61ni3-gcc-12.2.0/lib/gcc/x86_64-unknown-linux-gnu/12.2.0/../../../../lib64]
    arg [-L/nix/store/wx4nsqbssywgx9zkabwgl9sxm5l61ni3-gcc-12.2.0/lib/gcc/x86_64-unknown-linux-gnu/12.2.0/../../..] ==> dir [/nix/store/wx4nsqbssywgx9zkabwgl9sxm5l61ni3-gcc-12.2.0/lib/gcc/x86_64-unknown-linux-gnu/12.2.0/../../..]
    arg [-dynamic-linker=/nix/store/76l4v99sk83ylfwkz8wmwrm4s8h73rhd-glibc-2.35-224/lib/ld-linux-x86-64.so.2] ==> ignore
    arg [CMakeFiles/cmTC_ad166.dir/CMakeCCompilerABI.c.o] ==> ignore
    arg [-rpath] ==> ignore
    arg [/workspace/PrismLauncher/outputs/out/lib64] ==> ignore
    arg [-rpath] ==> ignore
    arg [/workspace/PrismLauncher/outputs/out/lib] ==> ignore
    arg [-lgcc] ==> lib [gcc]
    arg [--push-state] ==> ignore
    arg [--as-needed] ==> ignore
    arg [-lgcc_s] ==> lib [gcc_s]
    arg [--pop-state] ==> ignore
    arg [-lc] ==> lib [c]
    arg [-lgcc] ==> lib [gcc]
    arg [--push-state] ==> ignore
    arg [--as-needed] ==> ignore
    arg [-lgcc_s] ==> lib [gcc_s]
    arg [--pop-state] ==> ignore
    arg [/nix/store/wx4nsqbssywgx9zkabwgl9sxm5l61ni3-gcc-12.2.0/lib/gcc/x86_64-unknown-linux-gnu/12.2.0/crtend.o] ==> obj [/nix/store/wx4nsqbssywgx9zkabwgl9sxm5l61ni3-gcc-12.2.0/lib/gcc/x86_64-unknown-linux-gnu/12.2.0/crtend.o]
    arg [/nix/store/76l4v99sk83ylfwkz8wmwrm4s8h73rhd-glibc-2.35-224/lib/crtn.o] ==> obj [/nix/store/76l4v99sk83ylfwkz8wmwrm4s8h73rhd-glibc-2.35-224/lib/crtn.o]
  collapse library dir [/nix/store/va9r2bdg56jc6qizpm6dyb97lnxfrhsy-file-5.44/lib] ==> [/nix/store/va9r2bdg56jc6qizpm6dyb97lnxfrhsy-file-5.44/lib]
  collapse library dir [/nix/store/mg9l7phyhvi16p9g8g3g8fbyj4mr79gq-zlib-1.2.13/lib] ==> [/nix/store/mg9l7phyhvi16p9g8g3g8fbyj4mr79gq-zlib-1.2.13/lib]
  collapse library dir [/nix/store/hmh8yakhrp3r95b7r085m4xnzp8crz3b-libxml2-2.10.3/lib] ==> [/nix/store/hmh8yakhrp3r95b7r085m4xnzp8crz3b-libxml2-2.10.3/lib]
  collapse library dir [/nix/store/8ilmxyjyn4fn3ll7s19shppp7izswp2c-libxslt-1.1.37/lib] ==> [/nix/store/8ilmxyjyn4fn3ll7s19shppp7izswp2c-libxslt-1.1.37/lib]
  collapse library dir [/nix/store/5438qhyypn1kbdnm4312v8db4mkapwhl-openssl-3.0.8/lib] ==> [/nix/store/5438qhyypn1kbdnm4312v8db4mkapwhl-openssl-3.0.8/lib]
  collapse library dir [/nix/store/c651qa8kqilglkx8fhxz0ibc4yfndlm8-sqlite-3.40.1/lib] ==> [/nix/store/c651qa8kqilglkx8fhxz0ibc4yfndlm8-sqlite-3.40.1/lib]
  collapse library dir [/nix/store/ci7r8mfkdg1b4wgawp6fff6ba6vyf33r-unixODBC-2.3.11/lib] ==> [/nix/store/ci7r8mfkdg1b4wgawp6fff6ba6vyf33r-unixODBC-2.3.11/lib]
  collapse library dir [/nix/store/vgasd5zjsvdvq3w7ik13sfyyj1n0m5v7-graphite2-1.3.14/lib] ==> [/nix/store/vgasd5zjsvdvq3w7ik13sfyyj1n0m5v7-graphite2-1.3.14/lib]
  collapse library dir [/nix/store/09yg78bcs6vibbk7py1k1l9qf1im9lwj-harfbuzz-7.0.0/lib] ==> [/nix/store/09yg78bcs6vibbk7py1k1l9qf1im9lwj-harfbuzz-7.0.0/lib]
  collapse library dir [/nix/store/jbsbrpz89j9sbk0shpqvk5jy3fddkffq-icu4c-72.1/lib] ==> [/nix/store/jbsbrpz89j9sbk0shpqvk5jy3fddkffq-icu4c-72.1/lib]
  collapse library dir [/nix/store/rvv0110i3pg28vrhadhi1qfmhpgj1azy-libjpeg-turbo-2.1.4/lib] ==> [/nix/store/rvv0110i3pg28vrhadhi1qfmhpgj1azy-libjpeg-turbo-2.1.4/lib]
  collapse library dir [/nix/store/idx4lcdd1p91dpib06d5mwyhszs6w8xw-libpng-apng-1.6.39/lib] ==> [/nix/store/idx4lcdd1p91dpib06d5mwyhszs6w8xw-libpng-apng-1.6.39/lib]
  collapse library dir [/nix/store/lm9jab801iavj3f9gjz6vc1fxhvvg2mj-pcre2-10.42/lib] ==> [/nix/store/lm9jab801iavj3f9gjz6vc1fxhvvg2mj-pcre2-10.42/lib]
  collapse library dir [/nix/store/x6nnam5hk44mljbk782rcbd92jlnz8r6-pcre-8.45/lib] ==> [/nix/store/x6nnam5hk44mljbk782rcbd92jlnz8r6-pcre-8.45/lib]
  collapse library dir [/nix/store/i1wd03f4gq5l9bbzb8ir2v8aibsbdi47-libproxy-0.4.18/lib] ==> [/nix/store/i1wd03f4gq5l9bbzb8ir2v8aibsbdi47-libproxy-0.4.18/lib]
  collapse library dir [/nix/store/clln53sqbfn8i0z8x0ji3x3fz6zchqml-zstd-1.5.4/lib] ==> [/nix/store/clln53sqbfn8i0z8x0ji3x3fz6zchqml-zstd-1.5.4/lib]
  collapse library dir [/nix/store/4hx2f3kfk824b3b44mhjgpph426lnj42-double-conversion-3.2.1/lib] ==> [/nix/store/4hx2f3kfk824b3b44mhjgpph426lnj42-double-conversion-3.2.1/lib]
  collapse library dir [/nix/store/d9yf24k5n979y1qy03nlj1mnpijhs5rx-libb2-0.98.1/lib] ==> [/nix/store/d9yf24k5n979y1qy03nlj1mnpijhs5rx-libb2-0.98.1/lib]
  collapse library dir [/nix/store/2pai53mrrahl85w7mbypxmplgx6wfqyd-md4c-0.4.8/lib] ==> [/nix/store/2pai53mrrahl85w7mbypxmplgx6wfqyd-md4c-0.4.8/lib]
  collapse library dir [/nix/store/inrxvaqv2zkdhg2v5vhqc0257p92wl2q-expat-2.5.0/lib] ==> [/nix/store/inrxvaqv2zkdhg2v5vhqc0257p92wl2q-expat-2.5.0/lib]
  collapse library dir [/nix/store/q36hdg6hw9vlls7abq0y08gksqr2m2z2-dbus-1.14.4-lib/lib] ==> [/nix/store/q36hdg6hw9vlls7abq0y08gksqr2m2z2-dbus-1.14.4-lib/lib]
  collapse library dir [/nix/store/m0fsvgc5hrn3yjwsl9fvj5m6pyjk2il2-libffi-3.4.4/lib] ==> [/nix/store/m0fsvgc5hrn3yjwsl9fvj5m6pyjk2il2-libffi-3.4.4/lib]
  collapse library dir [/nix/store/ik1vzp6bfwjxxg0cdcbmyl17yzn8idd4-gettext-0.21/lib] ==> [/nix/store/ik1vzp6bfwjxxg0cdcbmyl17yzn8idd4-gettext-0.21/lib]
  collapse library dir [/nix/store/rcwsvm3zmcpwl71b7r5f9ql599hw6f2b-glib-2.74.5/lib] ==> [/nix/store/rcwsvm3zmcpwl71b7r5f9ql599hw6f2b-glib-2.74.5/lib]
  collapse library dir [/nix/store/lfpcn90d6fwckk3ysihijfy2z5wsi7da-sqlite-connector-odbc-0.9993/lib] ==> [/nix/store/lfpcn90d6fwckk3ysihijfy2z5wsi7da-sqlite-connector-odbc-0.9993/lib]
  collapse library dir [/nix/store/kp51yj0jwdi2b7f8i93ici4c5z0x7bn3-systemd-252.5/lib] ==> [/nix/store/kp51yj0jwdi2b7f8i93ici4c5z0x7bn3-systemd-252.5/lib]
  collapse library dir [/nix/store/b9ihpihmhnain100fjfd008nzf9ha6xj-util-linux-2.38.1-lib/lib] ==> [/nix/store/b9ihpihmhnain100fjfd008nzf9ha6xj-util-linux-2.38.1-lib/lib]
  collapse library dir [/nix/store/xj6h98v3mjiqmwqv6zbw51xd3lgzdz7p-mtdev-1.1.6/lib] ==> [/nix/store/xj6h98v3mjiqmwqv6zbw51xd3lgzdz7p-mtdev-1.1.6/lib]
  collapse library dir [/nix/store/zmqdq7fj6h273kxz969wr3h7g1jhzgz4-lksctp-tools-1.0.17/lib] ==> [/nix/store/zmqdq7fj6h273kxz969wr3h7g1jhzgz4-lksctp-tools-1.0.17/lib]
  collapse library dir [/nix/store/gqlj2nh329ymrawhlrhhd3wx9h5nwi38-libselinux-3.3/lib] ==> [/nix/store/gqlj2nh329ymrawhlrhhd3wx9h5nwi38-libselinux-3.3/lib]
  collapse library dir [/nix/store/i4dbdvj0qdbglgqpa04xx8gs564n8953-libsepol-3.3/lib] ==> [/nix/store/i4dbdvj0qdbglgqpa04xx8gs564n8953-libsepol-3.3/lib]
  collapse library dir [/nix/store/0hhi25jwagxm00kjwmh2zl395cgfdrfh-liburcu-0.13.2/lib] ==> [/nix/store/0hhi25jwagxm00kjwmh2zl395cgfdrfh-liburcu-0.13.2/lib]
  collapse library dir [/nix/store/jqvbspi73y5il9p4mmrf7bnnjvpf4r80-lttng-ust-2.13.1/lib] ==> [/nix/store/jqvbspi73y5il9p4mmrf7bnnjvpf4r80-lttng-ust-2.13.1/lib]
  collapse library dir [/nix/store/izbwynagva4wx96ghpczpcs5v0d82xix-vulkan-loader-1.3.239.0/lib] ==> [/nix/store/izbwynagva4wx96ghpczpcs5v0d82xix-vulkan-loader-1.3.239.0/lib]
  collapse library dir [/nix/store/cbj48b5jcdhwmvn282gg3wkrnfvqcn0v-libthai-0.1.29/lib] ==> [/nix/store/cbj48b5jcdhwmvn282gg3wkrnfvqcn0v-libthai-0.1.29/lib]
  collapse library dir [/nix/store/fp76f9kiv3mwh2h87lhmxcp173gi49jd-libdrm-2.4.114/lib] ==> [/nix/store/fp76f9kiv3mwh2h87lhmxcp173gi49jd-libdrm-2.4.114/lib]
  collapse library dir [/nix/store/4kz52y95zfn9l8pbn8f5jw1w61lgn0js-libdatrie-2019-12-20-lib/lib] ==> [/nix/store/4kz52y95zfn9l8pbn8f5jw1w61lgn0js-libdatrie-2019-12-20-lib/lib]
  collapse library dir [/nix/store/k0yrr5yq9yghbvvfv0qkblyia576kg4f-bzip2-1.0.8/lib] ==> [/nix/store/k0yrr5yq9yghbvvfv0qkblyia576kg4f-bzip2-1.0.8/lib]
  collapse library dir [/nix/store/6ahs2w409ysgvz4r0k1g0kypf6k3iwps-brotli-1.0.9-lib/lib] ==> [/nix/store/6ahs2w409ysgvz4r0k1g0kypf6k3iwps-brotli-1.0.9-lib/lib]
  collapse library dir [/nix/store/2jq0rdhc7wb8fj0q82whsj9p50sdmvcv-freetype-2.12.1/lib] ==> [/nix/store/2jq0rdhc7wb8fj0q82whsj9p50sdmvcv-freetype-2.12.1/lib]
  collapse library dir [/nix/store/mv56qyvfin02c96mxrdh60p3c0j05dvn-fontconfig-2.14.0-lib/lib] ==> [/nix/store/mv56qyvfin02c96mxrdh60p3c0j05dvn-fontconfig-2.14.0-lib/lib]
  collapse library dir [/nix/store/cnkr9byk03mz454yzx48jkyy0c2rlfjz-libxcb-1.14/lib] ==> [/nix/store/cnkr9byk03mz454yzx48jkyy0c2rlfjz-libxcb-1.14/lib]
  collapse library dir [/nix/store/y0ym7qckhfldadc4wbwv0hs7765v10rd-libX11-1.8.4/lib] ==> [/nix/store/y0ym7qckhfldadc4wbwv0hs7765v10rd-libX11-1.8.4/lib]
  collapse library dir [/nix/store/zd5rypkk2h639y4ym6qc3l65dpka3ycc-libXfixes-6.0.0/lib] ==> [/nix/store/zd5rypkk2h639y4ym6qc3l65dpka3ycc-libXfixes-6.0.0/lib]
  collapse library dir [/nix/store/8b686hlck6jkpxm9yx3n755cmqvcnhni-libXcomposite-0.4.5/lib] ==> [/nix/store/8b686hlck6jkpxm9yx3n755cmqvcnhni-libXcomposite-0.4.5/lib]
  collapse library dir [/nix/store/qnwa2z8b9y76almh1mpp1iwnwdvrzxbj-libXau-1.0.9/lib] ==> [/nix/store/qnwa2z8b9y76almh1mpp1iwnwdvrzxbj-libXau-1.0.9/lib]
  collapse library dir [/nix/store/qgg9iiyrp9s1cja2h9cblb9cjyy65ssz-libXext-1.3.4/lib] ==> [/nix/store/qgg9iiyrp9s1cja2h9cblb9cjyy65ssz-libXext-1.3.4/lib]
  collapse library dir [/nix/store/kmbps8nyg8nhnwdbcpxkbn5mmcdal5hp-libXi-1.8/lib] ==> [/nix/store/kmbps8nyg8nhnwdbcpxkbn5mmcdal5hp-libXi-1.8/lib]
  collapse library dir [/nix/store/dg1irgbmn4znzbbw2yyc99bh85a1ll3n-libXrender-0.9.10/lib] ==> [/nix/store/dg1irgbmn4znzbbw2yyc99bh85a1ll3n-libXrender-0.9.10/lib]
  collapse library dir [/nix/store/03bcgkqn4hsf2l2n0ny5xx2c1z0ga6gy-libxkbcommon-1.5.0/lib] ==> [/nix/store/03bcgkqn4hsf2l2n0ny5xx2c1z0ga6gy-libxkbcommon-1.5.0/lib]
  collapse library dir [/nix/store/96azvh5x19v03hz2a7ic90gs9h59kkzq-xcb-util-0.4.0/lib] ==> [/nix/store/96azvh5x19v03hz2a7ic90gs9h59kkzq-xcb-util-0.4.0/lib]
  collapse library dir [/nix/store/xd9vz5ar0kr7fbiibqqykfcczvdd56rc-xcb-util-image-0.4.0/lib] ==> [/nix/store/xd9vz5ar0kr7fbiibqqykfcczvdd56rc-xcb-util-image-0.4.0/lib]
  collapse library dir [/nix/store/hk1dsk9bim336dhb78nxxcnz8c20ys9c-xcb-util-keysyms-0.4.0/lib] ==> [/nix/store/hk1dsk9bim336dhb78nxxcnz8c20ys9c-xcb-util-keysyms-0.4.0/lib]
  collapse library dir [/nix/store/6p4yljw6hwnh9jbl29nq9vyrfysyjb8z-xcb-util-renderutil-0.3.9/lib] ==> [/nix/store/6p4yljw6hwnh9jbl29nq9vyrfysyjb8z-xcb-util-renderutil-0.3.9/lib]
  collapse library dir [/nix/store/nf595y3dfgyq0wvmwnqq380xmbhjjiin-xcb-util-wm-0.4.1/lib] ==> [/nix/store/nf595y3dfgyq0wvmwnqq380xmbhjjiin-xcb-util-wm-0.4.1/lib]
  collapse library dir [/nix/store/3bhillndvhi9pvdkr4bb145170s7h7lz-libXdmcp-1.1.3/lib] ==> [/nix/store/3bhillndvhi9pvdkr4bb145170s7h7lz-libXdmcp-1.1.3/lib]
  collapse library dir [/nix/store/75jd6r549krqxk1iq5cl4slrr4vci11n-libXtst-1.2.3/lib] ==> [/nix/store/75jd6r549krqxk1iq5cl4slrr4vci11n-libXtst-1.2.3/lib]
  collapse library dir [/nix/store/m5ygz6nz3lxav4cswsgdrfga1lfkcrbr-xcb-util-cursor-0.1.3/lib] ==> [/nix/store/m5ygz6nz3lxav4cswsgdrfga1lfkcrbr-xcb-util-cursor-0.1.3/lib]
  collapse library dir [/nix/store/3w5sakz3znb378b7wlfbr7bss3myhdi3-libepoxy-1.5.10/lib] ==> [/nix/store/3w5sakz3znb378b7wlfbr7bss3myhdi3-libepoxy-1.5.10/lib]
  collapse library dir [/nix/store/srnnb3xqzcn0afbc1sg2f3kahdbqp0hb-libGL-1.6.0/lib] ==> [/nix/store/srnnb3xqzcn0afbc1sg2f3kahdbqp0hb-libGL-1.6.0/lib]
  collapse library dir [/nix/store/yl6ggfn054z9brd4rlzifn3zpiardjz2-libglvnd-1.6.0/lib] ==> [/nix/store/yl6ggfn054z9brd4rlzifn3zpiardjz2-libglvnd-1.6.0/lib]
  collapse library dir [/nix/store/baz8lrsrakrl0jdlz89hvbqv8mgvcqk9-qtbase-6.4.2/lib] ==> [/nix/store/baz8lrsrakrl0jdlz89hvbqv8mgvcqk9-qtbase-6.4.2/lib]
  collapse library dir [/nix/store/6dm5g796frdb2k7rqb0nyzm4s76gd3p9-qtsvg-6.4.2/lib] ==> [/nix/store/6dm5g796frdb2k7rqb0nyzm4s76gd3p9-qtsvg-6.4.2/lib]
  collapse library dir [/nix/store/0bb16bnqa4raz3b8d0fayj25bcs131g3-qtshadertools-6.4.2/lib] ==> [/nix/store/0bb16bnqa4raz3b8d0fayj25bcs131g3-qtshadertools-6.4.2/lib]
  collapse library dir [/nix/store/iw1vmh509hcbby8dbpsaanbri4zsq7dj-python3-3.10.10/lib] ==> [/nix/store/iw1vmh509hcbby8dbpsaanbri4zsq7dj-python3-3.10.10/lib]
  collapse library dir [/nix/store/4y8vjpf6qb8z43x99pc48yjbpdg1gb81-qtdeclarative-6.4.2/lib] ==> [/nix/store/4y8vjpf6qb8z43x99pc48yjbpdg1gb81-qtdeclarative-6.4.2/lib]
  collapse library dir [/nix/store/zvw6fflmybm80k4arxmmpdyzf7gn1msb-qt5compat-6.4.2/lib] ==> [/nix/store/zvw6fflmybm80k4arxmmpdyzf7gn1msb-qt5compat-6.4.2/lib]
  collapse library dir [/nix/store/61imhlw6qszhcwmmiwxqdf72kn5fz2y5-quazip-1.3/lib] ==> [/nix/store/61imhlw6qszhcwmmiwxqdf72kn5fz2y5-quazip-1.3/lib]
  collapse library dir [/nix/store/5ymj2l7wacvb1b154v5mhlhng406ds0k-tomlplusplus-3.3.0/lib] ==> [/nix/store/5ymj2l7wacvb1b154v5mhlhng406ds0k-tomlplusplus-3.3.0/lib]
  collapse library dir [/nix/store/dkbq5hvylsc0d76lgmwyx4jm2pld63sl-cmark-0.30.3/lib] ==> [/nix/store/dkbq5hvylsc0d76lgmwyx4jm2pld63sl-cmark-0.30.3/lib]
  collapse library dir [/nix/store/4bmh1h8dn0k0s8bydmb1syk8cfsmgxb6-qtwayland-6.4.2/lib] ==> [/nix/store/4bmh1h8dn0k0s8bydmb1syk8cfsmgxb6-qtwayland-6.4.2/lib]
  collapse library dir [/nix/store/zihzfhfq28wp1yzx86dp1q4zccai745r-gamemode-1.7-lib/lib] ==> [/nix/store/zihzfhfq28wp1yzx86dp1q4zccai745r-gamemode-1.7-lib/lib]
  collapse library dir [/nix/store/va9r2bdg56jc6qizpm6dyb97lnxfrhsy-file-5.44/lib] ==> [/nix/store/va9r2bdg56jc6qizpm6dyb97lnxfrhsy-file-5.44/lib]
  collapse library dir [/nix/store/mg9l7phyhvi16p9g8g3g8fbyj4mr79gq-zlib-1.2.13/lib] ==> [/nix/store/mg9l7phyhvi16p9g8g3g8fbyj4mr79gq-zlib-1.2.13/lib]
  collapse library dir [/nix/store/hmh8yakhrp3r95b7r085m4xnzp8crz3b-libxml2-2.10.3/lib] ==> [/nix/store/hmh8yakhrp3r95b7r085m4xnzp8crz3b-libxml2-2.10.3/lib]
  collapse library dir [/nix/store/8ilmxyjyn4fn3ll7s19shppp7izswp2c-libxslt-1.1.37/lib] ==> [/nix/store/8ilmxyjyn4fn3ll7s19shppp7izswp2c-libxslt-1.1.37/lib]
  collapse library dir [/nix/store/5438qhyypn1kbdnm4312v8db4mkapwhl-openssl-3.0.8/lib] ==> [/nix/store/5438qhyypn1kbdnm4312v8db4mkapwhl-openssl-3.0.8/lib]
  collapse library dir [/nix/store/c651qa8kqilglkx8fhxz0ibc4yfndlm8-sqlite-3.40.1/lib] ==> [/nix/store/c651qa8kqilglkx8fhxz0ibc4yfndlm8-sqlite-3.40.1/lib]
  collapse library dir [/nix/store/ci7r8mfkdg1b4wgawp6fff6ba6vyf33r-unixODBC-2.3.11/lib] ==> [/nix/store/ci7r8mfkdg1b4wgawp6fff6ba6vyf33r-unixODBC-2.3.11/lib]
  collapse library dir [/nix/store/vgasd5zjsvdvq3w7ik13sfyyj1n0m5v7-graphite2-1.3.14/lib] ==> [/nix/store/vgasd5zjsvdvq3w7ik13sfyyj1n0m5v7-graphite2-1.3.14/lib]
  collapse library dir [/nix/store/09yg78bcs6vibbk7py1k1l9qf1im9lwj-harfbuzz-7.0.0/lib] ==> [/nix/store/09yg78bcs6vibbk7py1k1l9qf1im9lwj-harfbuzz-7.0.0/lib]
  collapse library dir [/nix/store/jbsbrpz89j9sbk0shpqvk5jy3fddkffq-icu4c-72.1/lib] ==> [/nix/store/jbsbrpz89j9sbk0shpqvk5jy3fddkffq-icu4c-72.1/lib]
  collapse library dir [/nix/store/rvv0110i3pg28vrhadhi1qfmhpgj1azy-libjpeg-turbo-2.1.4/lib] ==> [/nix/store/rvv0110i3pg28vrhadhi1qfmhpgj1azy-libjpeg-turbo-2.1.4/lib]
  collapse library dir [/nix/store/idx4lcdd1p91dpib06d5mwyhszs6w8xw-libpng-apng-1.6.39/lib] ==> [/nix/store/idx4lcdd1p91dpib06d5mwyhszs6w8xw-libpng-apng-1.6.39/lib]
  collapse library dir [/nix/store/lm9jab801iavj3f9gjz6vc1fxhvvg2mj-pcre2-10.42/lib] ==> [/nix/store/lm9jab801iavj3f9gjz6vc1fxhvvg2mj-pcre2-10.42/lib]
  collapse library dir [/nix/store/x6nnam5hk44mljbk782rcbd92jlnz8r6-pcre-8.45/lib] ==> [/nix/store/x6nnam5hk44mljbk782rcbd92jlnz8r6-pcre-8.45/lib]
  collapse library dir [/nix/store/i1wd03f4gq5l9bbzb8ir2v8aibsbdi47-libproxy-0.4.18/lib] ==> [/nix/store/i1wd03f4gq5l9bbzb8ir2v8aibsbdi47-libproxy-0.4.18/lib]
  collapse library dir [/nix/store/clln53sqbfn8i0z8x0ji3x3fz6zchqml-zstd-1.5.4/lib] ==> [/nix/store/clln53sqbfn8i0z8x0ji3x3fz6zchqml-zstd-1.5.4/lib]
  collapse library dir [/nix/store/4hx2f3kfk824b3b44mhjgpph426lnj42-double-conversion-3.2.1/lib] ==> [/nix/store/4hx2f3kfk824b3b44mhjgpph426lnj42-double-conversion-3.2.1/lib]
  collapse library dir [/nix/store/d9yf24k5n979y1qy03nlj1mnpijhs5rx-libb2-0.98.1/lib] ==> [/nix/store/d9yf24k5n979y1qy03nlj1mnpijhs5rx-libb2-0.98.1/lib]
  collapse library dir [/nix/store/2pai53mrrahl85w7mbypxmplgx6wfqyd-md4c-0.4.8/lib] ==> [/nix/store/2pai53mrrahl85w7mbypxmplgx6wfqyd-md4c-0.4.8/lib]
  collapse library dir [/nix/store/inrxvaqv2zkdhg2v5vhqc0257p92wl2q-expat-2.5.0/lib] ==> [/nix/store/inrxvaqv2zkdhg2v5vhqc0257p92wl2q-expat-2.5.0/lib]
  collapse library dir [/nix/store/q36hdg6hw9vlls7abq0y08gksqr2m2z2-dbus-1.14.4-lib/lib] ==> [/nix/store/q36hdg6hw9vlls7abq0y08gksqr2m2z2-dbus-1.14.4-lib/lib]
  collapse library dir [/nix/store/m0fsvgc5hrn3yjwsl9fvj5m6pyjk2il2-libffi-3.4.4/lib] ==> [/nix/store/m0fsvgc5hrn3yjwsl9fvj5m6pyjk2il2-libffi-3.4.4/lib]
  collapse library dir [/nix/store/ik1vzp6bfwjxxg0cdcbmyl17yzn8idd4-gettext-0.21/lib] ==> [/nix/store/ik1vzp6bfwjxxg0cdcbmyl17yzn8idd4-gettext-0.21/lib]
  collapse library dir [/nix/store/rcwsvm3zmcpwl71b7r5f9ql599hw6f2b-glib-2.74.5/lib] ==> [/nix/store/rcwsvm3zmcpwl71b7r5f9ql599hw6f2b-glib-2.74.5/lib]
  collapse library dir [/nix/store/lfpcn90d6fwckk3ysihijfy2z5wsi7da-sqlite-connector-odbc-0.9993/lib] ==> [/nix/store/lfpcn90d6fwckk3ysihijfy2z5wsi7da-sqlite-connector-odbc-0.9993/lib]
  collapse library dir [/nix/store/kp51yj0jwdi2b7f8i93ici4c5z0x7bn3-systemd-252.5/lib] ==> [/nix/store/kp51yj0jwdi2b7f8i93ici4c5z0x7bn3-systemd-252.5/lib]
  collapse library dir [/nix/store/b9ihpihmhnain100fjfd008nzf9ha6xj-util-linux-2.38.1-lib/lib] ==> [/nix/store/b9ihpihmhnain100fjfd008nzf9ha6xj-util-linux-2.38.1-lib/lib]
  collapse library dir [/nix/store/xj6h98v3mjiqmwqv6zbw51xd3lgzdz7p-mtdev-1.1.6/lib] ==> [/nix/store/xj6h98v3mjiqmwqv6zbw51xd3lgzdz7p-mtdev-1.1.6/lib]
  collapse library dir [/nix/store/zmqdq7fj6h273kxz969wr3h7g1jhzgz4-lksctp-tools-1.0.17/lib] ==> [/nix/store/zmqdq7fj6h273kxz969wr3h7g1jhzgz4-lksctp-tools-1.0.17/lib]
  collapse library dir [/nix/store/gqlj2nh329ymrawhlrhhd3wx9h5nwi38-libselinux-3.3/lib] ==> [/nix/store/gqlj2nh329ymrawhlrhhd3wx9h5nwi38-libselinux-3.3/lib]
  collapse library dir [/nix/store/i4dbdvj0qdbglgqpa04xx8gs564n8953-libsepol-3.3/lib] ==> [/nix/store/i4dbdvj0qdbglgqpa04xx8gs564n8953-libsepol-3.3/lib]
  collapse library dir [/nix/store/0hhi25jwagxm00kjwmh2zl395cgfdrfh-liburcu-0.13.2/lib] ==> [/nix/store/0hhi25jwagxm00kjwmh2zl395cgfdrfh-liburcu-0.13.2/lib]
  collapse library dir [/nix/store/jqvbspi73y5il9p4mmrf7bnnjvpf4r80-lttng-ust-2.13.1/lib] ==> [/nix/store/jqvbspi73y5il9p4mmrf7bnnjvpf4r80-lttng-ust-2.13.1/lib]
  collapse library dir [/nix/store/izbwynagva4wx96ghpczpcs5v0d82xix-vulkan-loader-1.3.239.0/lib] ==> [/nix/store/izbwynagva4wx96ghpczpcs5v0d82xix-vulkan-loader-1.3.239.0/lib]
  collapse library dir [/nix/store/cbj48b5jcdhwmvn282gg3wkrnfvqcn0v-libthai-0.1.29/lib] ==> [/nix/store/cbj48b5jcdhwmvn282gg3wkrnfvqcn0v-libthai-0.1.29/lib]
  collapse library dir [/nix/store/fp76f9kiv3mwh2h87lhmxcp173gi49jd-libdrm-2.4.114/lib] ==> [/nix/store/fp76f9kiv3mwh2h87lhmxcp173gi49jd-libdrm-2.4.114/lib]
  collapse library dir [/nix/store/4kz52y95zfn9l8pbn8f5jw1w61lgn0js-libdatrie-2019-12-20-lib/lib] ==> [/nix/store/4kz52y95zfn9l8pbn8f5jw1w61lgn0js-libdatrie-2019-12-20-lib/lib]
  collapse library dir [/nix/store/k0yrr5yq9yghbvvfv0qkblyia576kg4f-bzip2-1.0.8/lib] ==> [/nix/store/k0yrr5yq9yghbvvfv0qkblyia576kg4f-bzip2-1.0.8/lib]
  collapse library dir [/nix/store/6ahs2w409ysgvz4r0k1g0kypf6k3iwps-brotli-1.0.9-lib/lib] ==> [/nix/store/6ahs2w409ysgvz4r0k1g0kypf6k3iwps-brotli-1.0.9-lib/lib]
  collapse library dir [/nix/store/2jq0rdhc7wb8fj0q82whsj9p50sdmvcv-freetype-2.12.1/lib] ==> [/nix/store/2jq0rdhc7wb8fj0q82whsj9p50sdmvcv-freetype-2.12.1/lib]
  collapse library dir [/nix/store/mv56qyvfin02c96mxrdh60p3c0j05dvn-fontconfig-2.14.0-lib/lib] ==> [/nix/store/mv56qyvfin02c96mxrdh60p3c0j05dvn-fontconfig-2.14.0-lib/lib]
  collapse library dir [/nix/store/cnkr9byk03mz454yzx48jkyy0c2rlfjz-libxcb-1.14/lib] ==> [/nix/store/cnkr9byk03mz454yzx48jkyy0c2rlfjz-libxcb-1.14/lib]
  collapse library dir [/nix/store/y0ym7qckhfldadc4wbwv0hs7765v10rd-libX11-1.8.4/lib] ==> [/nix/store/y0ym7qckhfldadc4wbwv0hs7765v10rd-libX11-1.8.4/lib]
  collapse library dir [/nix/store/zd5rypkk2h639y4ym6qc3l65dpka3ycc-libXfixes-6.0.0/lib] ==> [/nix/store/zd5rypkk2h639y4ym6qc3l65dpka3ycc-libXfixes-6.0.0/lib]
  collapse library dir [/nix/store/8b686hlck6jkpxm9yx3n755cmqvcnhni-libXcomposite-0.4.5/lib] ==> [/nix/store/8b686hlck6jkpxm9yx3n755cmqvcnhni-libXcomposite-0.4.5/lib]
  collapse library dir [/nix/store/qnwa2z8b9y76almh1mpp1iwnwdvrzxbj-libXau-1.0.9/lib] ==> [/nix/store/qnwa2z8b9y76almh1mpp1iwnwdvrzxbj-libXau-1.0.9/lib]
  collapse library dir [/nix/store/qgg9iiyrp9s1cja2h9cblb9cjyy65ssz-libXext-1.3.4/lib] ==> [/nix/store/qgg9iiyrp9s1cja2h9cblb9cjyy65ssz-libXext-1.3.4/lib]
  collapse library dir [/nix/store/kmbps8nyg8nhnwdbcpxkbn5mmcdal5hp-libXi-1.8/lib] ==> [/nix/store/kmbps8nyg8nhnwdbcpxkbn5mmcdal5hp-libXi-1.8/lib]
  collapse library dir [/nix/store/dg1irgbmn4znzbbw2yyc99bh85a1ll3n-libXrender-0.9.10/lib] ==> [/nix/store/dg1irgbmn4znzbbw2yyc99bh85a1ll3n-libXrender-0.9.10/lib]
  collapse library dir [/nix/store/03bcgkqn4hsf2l2n0ny5xx2c1z0ga6gy-libxkbcommon-1.5.0/lib] ==> [/nix/store/03bcgkqn4hsf2l2n0ny5xx2c1z0ga6gy-libxkbcommon-1.5.0/lib]
  collapse library dir [/nix/store/96azvh5x19v03hz2a7ic90gs9h59kkzq-xcb-util-0.4.0/lib] ==> [/nix/store/96azvh5x19v03hz2a7ic90gs9h59kkzq-xcb-util-0.4.0/lib]
  collapse library dir [/nix/store/xd9vz5ar0kr7fbiibqqykfcczvdd56rc-xcb-util-image-0.4.0/lib] ==> [/nix/store/xd9vz5ar0kr7fbiibqqykfcczvdd56rc-xcb-util-image-0.4.0/lib]
  collapse library dir [/nix/store/hk1dsk9bim336dhb78nxxcnz8c20ys9c-xcb-util-keysyms-0.4.0/lib] ==> [/nix/store/hk1dsk9bim336dhb78nxxcnz8c20ys9c-xcb-util-keysyms-0.4.0/lib]
  collapse library dir [/nix/store/6p4yljw6hwnh9jbl29nq9vyrfysyjb8z-xcb-util-renderutil-0.3.9/lib] ==> [/nix/store/6p4yljw6hwnh9jbl29nq9vyrfysyjb8z-xcb-util-renderutil-0.3.9/lib]
  collapse library dir [/nix/store/nf595y3dfgyq0wvmwnqq380xmbhjjiin-xcb-util-wm-0.4.1/lib] ==> [/nix/store/nf595y3dfgyq0wvmwnqq380xmbhjjiin-xcb-util-wm-0.4.1/lib]
  collapse library dir [/nix/store/3bhillndvhi9pvdkr4bb145170s7h7lz-libXdmcp-1.1.3/lib] ==> [/nix/store/3bhillndvhi9pvdkr4bb145170s7h7lz-libXdmcp-1.1.3/lib]
  collapse library dir [/nix/store/75jd6r549krqxk1iq5cl4slrr4vci11n-libXtst-1.2.3/lib] ==> [/nix/store/75jd6r549krqxk1iq5cl4slrr4vci11n-libXtst-1.2.3/lib]
  collapse library dir [/nix/store/m5ygz6nz3lxav4cswsgdrfga1lfkcrbr-xcb-util-cursor-0.1.3/lib] ==> [/nix/store/m5ygz6nz3lxav4cswsgdrfga1lfkcrbr-xcb-util-cursor-0.1.3/lib]
  collapse library dir [/nix/store/3w5sakz3znb378b7wlfbr7bss3myhdi3-libepoxy-1.5.10/lib] ==> [/nix/store/3w5sakz3znb378b7wlfbr7bss3myhdi3-libepoxy-1.5.10/lib]
  collapse library dir [/nix/store/srnnb3xqzcn0afbc1sg2f3kahdbqp0hb-libGL-1.6.0/lib] ==> [/nix/store/srnnb3xqzcn0afbc1sg2f3kahdbqp0hb-libGL-1.6.0/lib]
  collapse library dir [/nix/store/yl6ggfn054z9brd4rlzifn3zpiardjz2-libglvnd-1.6.0/lib] ==> [/nix/store/yl6ggfn054z9brd4rlzifn3zpiardjz2-libglvnd-1.6.0/lib]
  collapse library dir [/nix/store/baz8lrsrakrl0jdlz89hvbqv8mgvcqk9-qtbase-6.4.2/lib] ==> [/nix/store/baz8lrsrakrl0jdlz89hvbqv8mgvcqk9-qtbase-6.4.2/lib]
  collapse library dir [/nix/store/6dm5g796frdb2k7rqb0nyzm4s76gd3p9-qtsvg-6.4.2/lib] ==> [/nix/store/6dm5g796frdb2k7rqb0nyzm4s76gd3p9-qtsvg-6.4.2/lib]
  collapse library dir [/nix/store/0bb16bnqa4raz3b8d0fayj25bcs131g3-qtshadertools-6.4.2/lib] ==> [/nix/store/0bb16bnqa4raz3b8d0fayj25bcs131g3-qtshadertools-6.4.2/lib]
  collapse library dir [/nix/store/iw1vmh509hcbby8dbpsaanbri4zsq7dj-python3-3.10.10/lib] ==> [/nix/store/iw1vmh509hcbby8dbpsaanbri4zsq7dj-python3-3.10.10/lib]
  collapse library dir [/nix/store/4y8vjpf6qb8z43x99pc48yjbpdg1gb81-qtdeclarative-6.4.2/lib] ==> [/nix/store/4y8vjpf6qb8z43x99pc48yjbpdg1gb81-qtdeclarative-6.4.2/lib]
  collapse library dir [/nix/store/zvw6fflmybm80k4arxmmpdyzf7gn1msb-qt5compat-6.4.2/lib] ==> [/nix/store/zvw6fflmybm80k4arxmmpdyzf7gn1msb-qt5compat-6.4.2/lib]
  collapse library dir [/nix/store/61imhlw6qszhcwmmiwxqdf72kn5fz2y5-quazip-1.3/lib] ==> [/nix/store/61imhlw6qszhcwmmiwxqdf72kn5fz2y5-quazip-1.3/lib]
  collapse library dir [/nix/store/5ymj2l7wacvb1b154v5mhlhng406ds0k-tomlplusplus-3.3.0/lib] ==> [/nix/store/5ymj2l7wacvb1b154v5mhlhng406ds0k-tomlplusplus-3.3.0/lib]
  collapse library dir [/nix/store/dkbq5hvylsc0d76lgmwyx4jm2pld63sl-cmark-0.30.3/lib] ==> [/nix/store/dkbq5hvylsc0d76lgmwyx4jm2pld63sl-cmark-0.30.3/lib]
  collapse library dir [/nix/store/4bmh1h8dn0k0s8bydmb1syk8cfsmgxb6-qtwayland-6.4.2/lib] ==> [/nix/store/4bmh1h8dn0k0s8bydmb1syk8cfsmgxb6-qtwayland-6.4.2/lib]
  collapse library dir [/nix/store/zihzfhfq28wp1yzx86dp1q4zccai745r-gamemode-1.7-lib/lib] ==> [/nix/store/zihzfhfq28wp1yzx86dp1q4zccai745r-gamemode-1.7-lib/lib]
  collapse library dir [/nix/store/76l4v99sk83ylfwkz8wmwrm4s8h73rhd-glibc-2.35-224/lib] ==> [/nix/store/76l4v99sk83ylfwkz8wmwrm4s8h73rhd-glibc-2.35-224/lib]
  collapse library dir [/nix/store/2w4k8nvdyiggz717ygbbxchpnxrqc6y9-gcc-12.2.0-lib/lib] ==> [/nix/store/2w4k8nvdyiggz717ygbbxchpnxrqc6y9-gcc-12.2.0-lib/lib]
  collapse library dir [/nix/store/76l4v99sk83ylfwkz8wmwrm4s8h73rhd-glibc-2.35-224/lib] ==> [/nix/store/76l4v99sk83ylfwkz8wmwrm4s8h73rhd-glibc-2.35-224/lib]
  collapse library dir [/nix/store/2w4k8nvdyiggz717ygbbxchpnxrqc6y9-gcc-12.2.0-lib/lib] ==> [/nix/store/2w4k8nvdyiggz717ygbbxchpnxrqc6y9-gcc-12.2.0-lib/lib]
  collapse library dir [/nix/store/bfbp3ypd9nm3fapz634gvvs738blrl0y-gcc-wrapper-12.2.0/bin] ==> [/nix/store/bfbp3ypd9nm3fapz634gvvs738blrl0y-gcc-wrapper-12.2.0/bin]
  collapse library dir [/nix/store/wx4nsqbssywgx9zkabwgl9sxm5l61ni3-gcc-12.2.0/lib/gcc/x86_64-unknown-linux-gnu/12.2.0] ==> [/nix/store/wx4nsqbssywgx9zkabwgl9sxm5l61ni3-gcc-12.2.0/lib/gcc/x86_64-unknown-linux-gnu/12.2.0]
  collapse library dir [/nix/store/wx4nsqbssywgx9zkabwgl9sxm5l61ni3-gcc-12.2.0/lib/gcc/x86_64-unknown-linux-gnu/12.2.0/../../../../lib64] ==> [/nix/store/wx4nsqbssywgx9zkabwgl9sxm5l61ni3-gcc-12.2.0/lib64]
  collapse library dir [/nix/store/wx4nsqbssywgx9zkabwgl9sxm5l61ni3-gcc-12.2.0/lib/gcc/x86_64-unknown-linux-gnu/12.2.0/../../..] ==> [/nix/store/wx4nsqbssywgx9zkabwgl9sxm5l61ni3-gcc-12.2.0/lib]
  implicit libs: [gcc;gcc_s;c;gcc;gcc_s]
  implicit objs: [/nix/store/76l4v99sk83ylfwkz8wmwrm4s8h73rhd-glibc-2.35-224/lib/crt1.o;/nix/store/76l4v99sk83ylfwkz8wmwrm4s8h73rhd-glibc-2.35-224/lib/crti.o;/nix/store/wx4nsqbssywgx9zkabwgl9sxm5l61ni3-gcc-12.2.0/lib/gcc/x86_64-unknown-linux-gnu/12.2.0/crtbegin.o;/nix/store/wx4nsqbssywgx9zkabwgl9sxm5l61ni3-gcc-12.2.0/lib/gcc/x86_64-unknown-linux-gnu/12.2.0/crtend.o;/nix/store/76l4v99sk83ylfwkz8wmwrm4s8h73rhd-glibc-2.35-224/lib/crtn.o]
  implicit dirs: [/nix/store/va9r2bdg56jc6qizpm6dyb97lnxfrhsy-file-5.44/lib;/nix/store/mg9l7phyhvi16p9g8g3g8fbyj4mr79gq-zlib-1.2.13/lib;/nix/store/hmh8yakhrp3r95b7r085m4xnzp8crz3b-libxml2-2.10.3/lib;/nix/store/8ilmxyjyn4fn3ll7s19shppp7izswp2c-libxslt-1.1.37/lib;/nix/store/5438qhyypn1kbdnm4312v8db4mkapwhl-openssl-3.0.8/lib;/nix/store/c651qa8kqilglkx8fhxz0ibc4yfndlm8-sqlite-3.40.1/lib;/nix/store/ci7r8mfkdg1b4wgawp6fff6ba6vyf33r-unixODBC-2.3.11/lib;/nix/store/vgasd5zjsvdvq3w7ik13sfyyj1n0m5v7-graphite2-1.3.14/lib;/nix/store/09yg78bcs6vibbk7py1k1l9qf1im9lwj-harfbuzz-7.0.0/lib;/nix/store/jbsbrpz89j9sbk0shpqvk5jy3fddkffq-icu4c-72.1/lib;/nix/store/rvv0110i3pg28vrhadhi1qfmhpgj1azy-libjpeg-turbo-2.1.4/lib;/nix/store/idx4lcdd1p91dpib06d5mwyhszs6w8xw-libpng-apng-1.6.39/lib;/nix/store/lm9jab801iavj3f9gjz6vc1fxhvvg2mj-pcre2-10.42/lib;/nix/store/x6nnam5hk44mljbk782rcbd92jlnz8r6-pcre-8.45/lib;/nix/store/i1wd03f4gq5l9bbzb8ir2v8aibsbdi47-libproxy-0.4.18/lib;/nix/store/clln53sqbfn8i0z8x0ji3x3fz6zchqml-zstd-1.5.4/lib;/nix/store/4hx2f3kfk824b3b44mhjgpph426lnj42-double-conversion-3.2.1/lib;/nix/store/d9yf24k5n979y1qy03nlj1mnpijhs5rx-libb2-0.98.1/lib;/nix/store/2pai53mrrahl85w7mbypxmplgx6wfqyd-md4c-0.4.8/lib;/nix/store/inrxvaqv2zkdhg2v5vhqc0257p92wl2q-expat-2.5.0/lib;/nix/store/q36hdg6hw9vlls7abq0y08gksqr2m2z2-dbus-1.14.4-lib/lib;/nix/store/m0fsvgc5hrn3yjwsl9fvj5m6pyjk2il2-libffi-3.4.4/lib;/nix/store/ik1vzp6bfwjxxg0cdcbmyl17yzn8idd4-gettext-0.21/lib;/nix/store/rcwsvm3zmcpwl71b7r5f9ql599hw6f2b-glib-2.74.5/lib;/nix/store/lfpcn90d6fwckk3ysihijfy2z5wsi7da-sqlite-connector-odbc-0.9993/lib;/nix/store/kp51yj0jwdi2b7f8i93ici4c5z0x7bn3-systemd-252.5/lib;/nix/store/b9ihpihmhnain100fjfd008nzf9ha6xj-util-linux-2.38.1-lib/lib;/nix/store/xj6h98v3mjiqmwqv6zbw51xd3lgzdz7p-mtdev-1.1.6/lib;/nix/store/zmqdq7fj6h273kxz969wr3h7g1jhzgz4-lksctp-tools-1.0.17/lib;/nix/store/gqlj2nh329ymrawhlrhhd3wx9h5nwi38-libselinux-3.3/lib;/nix/store/i4dbdvj0qdbglgqpa04xx8gs564n8953-libsepol-3.3/lib;/nix/store/0hhi25jwagxm00kjwmh2zl395cgfdrfh-liburcu-0.13.2/lib;/nix/store/jqvbspi73y5il9p4mmrf7bnnjvpf4r80-lttng-ust-2.13.1/lib;/nix/store/izbwynagva4wx96ghpczpcs5v0d82xix-vulkan-loader-1.3.239.0/lib;/nix/store/cbj48b5jcdhwmvn282gg3wkrnfvqcn0v-libthai-0.1.29/lib;/nix/store/fp76f9kiv3mwh2h87lhmxcp173gi49jd-libdrm-2.4.114/lib;/nix/store/4kz52y95zfn9l8pbn8f5jw1w61lgn0js-libdatrie-2019-12-20-lib/lib;/nix/store/k0yrr5yq9yghbvvfv0qkblyia576kg4f-bzip2-1.0.8/lib;/nix/store/6ahs2w409ysgvz4r0k1g0kypf6k3iwps-brotli-1.0.9-lib/lib;/nix/store/2jq0rdhc7wb8fj0q82whsj9p50sdmvcv-freetype-2.12.1/lib;/nix/store/mv56qyvfin02c96mxrdh60p3c0j05dvn-fontconfig-2.14.0-lib/lib;/nix/store/cnkr9byk03mz454yzx48jkyy0c2rlfjz-libxcb-1.14/lib;/nix/store/y0ym7qckhfldadc4wbwv0hs7765v10rd-libX11-1.8.4/lib;/nix/store/zd5rypkk2h639y4ym6qc3l65dpka3ycc-libXfixes-6.0.0/lib;/nix/store/8b686hlck6jkpxm9yx3n755cmqvcnhni-libXcomposite-0.4.5/lib;/nix/store/qnwa2z8b9y76almh1mpp1iwnwdvrzxbj-libXau-1.0.9/lib;/nix/store/qgg9iiyrp9s1cja2h9cblb9cjyy65ssz-libXext-1.3.4/lib;/nix/store/kmbps8nyg8nhnwdbcpxkbn5mmcdal5hp-libXi-1.8/lib;/nix/store/dg1irgbmn4znzbbw2yyc99bh85a1ll3n-libXrender-0.9.10/lib;/nix/store/03bcgkqn4hsf2l2n0ny5xx2c1z0ga6gy-libxkbcommon-1.5.0/lib;/nix/store/96azvh5x19v03hz2a7ic90gs9h59kkzq-xcb-util-0.4.0/lib;/nix/store/xd9vz5ar0kr7fbiibqqykfcczvdd56rc-xcb-util-image-0.4.0/lib;/nix/store/hk1dsk9bim336dhb78nxxcnz8c20ys9c-xcb-util-keysyms-0.4.0/lib;/nix/store/6p4yljw6hwnh9jbl29nq9vyrfysyjb8z-xcb-util-renderutil-0.3.9/lib;/nix/store/nf595y3dfgyq0wvmwnqq380xmbhjjiin-xcb-util-wm-0.4.1/lib;/nix/store/3bhillndvhi9pvdkr4bb145170s7h7lz-libXdmcp-1.1.3/lib;/nix/store/75jd6r549krqxk1iq5cl4slrr4vci11n-libXtst-1.2.3/lib;/nix/store/m5ygz6nz3lxav4cswsgdrfga1lfkcrbr-xcb-util-cursor-0.1.3/lib;/nix/store/3w5sakz3znb378b7wlfbr7bss3myhdi3-libepoxy-1.5.10/lib;/nix/store/srnnb3xqzcn0afbc1sg2f3kahdbqp0hb-libGL-1.6.0/lib;/nix/store/yl6ggfn054z9brd4rlzifn3zpiardjz2-libglvnd-1.6.0/lib;/nix/store/baz8lrsrakrl0jdlz89hvbqv8mgvcqk9-qtbase-6.4.2/lib;/nix/store/6dm5g796frdb2k7rqb0nyzm4s76gd3p9-qtsvg-6.4.2/lib;/nix/store/0bb16bnqa4raz3b8d0fayj25bcs131g3-qtshadertools-6.4.2/lib;/nix/store/iw1vmh509hcbby8dbpsaanbri4zsq7dj-python3-3.10.10/lib;/nix/store/4y8vjpf6qb8z43x99pc48yjbpdg1gb81-qtdeclarative-6.4.2/lib;/nix/store/zvw6fflmybm80k4arxmmpdyzf7gn1msb-qt5compat-6.4.2/lib;/nix/store/61imhlw6qszhcwmmiwxqdf72kn5fz2y5-quazip-1.3/lib;/nix/store/5ymj2l7wacvb1b154v5mhlhng406ds0k-tomlplusplus-3.3.0/lib;/nix/store/dkbq5hvylsc0d76lgmwyx4jm2pld63sl-cmark-0.30.3/lib;/nix/store/4bmh1h8dn0k0s8bydmb1syk8cfsmgxb6-qtwayland-6.4.2/lib;/nix/store/zihzfhfq28wp1yzx86dp1q4zccai745r-gamemode-1.7-lib/lib;/nix/store/76l4v99sk83ylfwkz8wmwrm4s8h73rhd-glibc-2.35-224/lib;/nix/store/2w4k8nvdyiggz717ygbbxchpnxrqc6y9-gcc-12.2.0-lib/lib;/nix/store/bfbp3ypd9nm3fapz634gvvs738blrl0y-gcc-wrapper-12.2.0/bin;/nix/store/wx4nsqbssywgx9zkabwgl9sxm5l61ni3-gcc-12.2.0/lib/gcc/x86_64-unknown-linux-gnu/12.2.0;/nix/store/wx4nsqbssywgx9zkabwgl9sxm5l61ni3-gcc-12.2.0/lib64;/nix/store/wx4nsqbssywgx9zkabwgl9sxm5l61ni3-gcc-12.2.0/lib]
  implicit fwks: []


Detecting CXX compiler ABI info compiled with the following output:
Change Dir: /workspace/PrismLauncher/CMakeFiles/CMakeScratch/TryCompile-BStVDM

Run Build Command(s):/usr/bin/gmake -f Makefile cmTC_0878c/fast && /usr/bin/gmake  -f CMakeFiles/cmTC_0878c.dir/build.make CMakeFiles/cmTC_0878c.dir/build
gmake[1]: Entering directory '/workspace/PrismLauncher/CMakeFiles/CMakeScratch/TryCompile-BStVDM'
Building CXX object CMakeFiles/cmTC_0878c.dir/CMakeCXXCompilerABI.cpp.o
/nix/store/bfbp3ypd9nm3fapz634gvvs738blrl0y-gcc-wrapper-12.2.0/bin/g++   -v -o CMakeFiles/cmTC_0878c.dir/CMakeCXXCompilerABI.cpp.o -c /nix/store/l341npqn3j8pwqq1nqgj5cqhnfbzhphd-cmake-3.25.1/share/cmake-3.25/Modules/CMakeCXXCompilerABI.cpp
Using built-in specs.
COLLECT_GCC=/nix/store/wx4nsqbssywgx9zkabwgl9sxm5l61ni3-gcc-12.2.0/bin/g++
Target: x86_64-unknown-linux-gnu
Configured with: 
Thread model: posix
Supported LTO compression algorithms: zlib
gcc version 12.2.0 (GCC) 
COLLECT_GCC_OPTIONS='-fPIC' '-Wformat=1' '-Wformat-security' '-Werror=format-security' '-fstack-protector-strong' '--param=ssp-buffer-size=4' '-O2' '-U' '_FORTIFY_SOURCE' '-D' '_FORTIFY_SOURCE=2' '-fno-strict-overflow' '-v' '-o' 'CMakeFiles/cmTC_0878c.dir/CMakeCXXCompilerABI.cpp.o' '-c' '-B' '/nix/store/76l4v99sk83ylfwkz8wmwrm4s8h73rhd-glibc-2.35-224/lib/' '-idirafter' '/nix/store/pqnd39aq2sksad2zvswjcpkqdc7ig3f9-glibc-2.35-224-dev/include' '-idirafter' '/nix/store/wx4nsqbssywgx9zkabwgl9sxm5l61ni3-gcc-12.2.0/lib/gcc/x86_64-unknown-linux-gnu/12.2.0/include-fixed' '-B' '/nix/store/2w4k8nvdyiggz717ygbbxchpnxrqc6y9-gcc-12.2.0-lib/lib' '-B' '/nix/store/bfbp3ypd9nm3fapz634gvvs738blrl0y-gcc-wrapper-12.2.0/bin/' '-frandom-seed=sy5449x9ji' '-D' 'QT_NO_DEBUG' '-isystem' '/nix/store/va9r2bdg56jc6qizpm6dyb97lnxfrhsy-file-5.44/include' '-isystem' '/nix/store/jkv8vb24ab371hlsp55fj953kwh01m8n-openjdk-17.0.6+10/include' '-isystem' '/nix/store/i9cf4vmk6kfqlds56vfllmmz0zdk7rp0-qtbase-6.4.2-dev/include' '-isystem' '/nix/store/0z5wasald7dmipjpbx8kw31pj0kzjxpg-libxml2-2.10.3-dev/include' '-isystem' '/nix/store/qgqsyg7gmqy3fz6shvzhcc7m7pkfw2ig-zlib-1.2.13-dev/include' '-isystem' '/nix/store/i57f5lhc83sfnck9d6rik0dbnbxr9qlw-libxslt-1.1.37-dev/include' '-isystem' '/nix/store/fyiwac98bi86nd5qzz9bhvs1bvmmwgad-openssl-3.0.8-dev/include' '-isystem' '/nix/store/i1h2yf133m4rfzgfgl0zdxjxniyy6kvg-sqlite-3.40.1-dev/include' '-isystem' '/nix/store/ci7r8mfkdg1b4wgawp6fff6ba6vyf33r-unixODBC-2.3.11/include' '-isystem' '/nix/store/vddrjv0wnknv73njnwzj3in0467dk9qa-harfbuzz-7.0.0-dev/include' '-isystem' '/nix/store/vgasd5zjsvdvq3w7ik13sfyyj1n0m5v7-graphite2-1.3.14/include' '-isystem' '/nix/store/86nsxqcmzcc85qzrsczb33jwqgcyl35g-icu4c-72.1-dev/include' '-isystem' '/nix/store/dra1y7qr8clxdssfx5s1grbg2lvg5ifd-libjpeg-turbo-2.1.4-dev/include' '-isystem' '/nix/store/463cn57ci7xxwr28c1d68zwbr001ka8h-libpng-apng-1.6.39-dev/include' '-isystem' '/nix/store/vr9naiikd2k84ygclm3vlr3agbjcgvzi-pcre2-10.42-dev/include' '-isystem' '/nix/store/zc41j2il39qmw9kfwa0zl37dz4izcjdp-pcre-8.45-dev/include' '-isystem' '/nix/store/k4w3vafb6k1b3zc2a6v1lr4w0iknnp65-libproxy-0.4.18-dev/include' '-isystem' '/nix/store/s8axys9hpvwxn5718iwrnyvwms4djz96-zstd-1.5.4-dev/include' '-isystem' '/nix/store/4hx2f3kfk824b3b44mhjgpph426lnj42-double-conversion-3.2.1/include' '-isystem' '/nix/store/d9yf24k5n979y1qy03nlj1mnpijhs5rx-libb2-0.98.1/include' '-isystem' '/nix/store/2pai53mrrahl85w7mbypxmplgx6wfqyd-md4c-0.4.8/include' '-isystem' '/nix/store/l8d014vy8n42sp6r6j3wjqldylcyvqyk-dbus-1.14.4-dev/include' '-isystem' '/nix/store/gqvyvc9ckzijwcw641v6qgg7fz8z63mc-expat-2.5.0-dev/include' '-isystem' '/nix/store/152gsygyjagsirvdg3icmz4px39wddwj-glib-2.74.5-dev/include' '-isystem' '/nix/store/4j08mgygxhi9y3957hbwqn1bg02va18y-libffi-3.4.4-dev/include' '-isystem' '/nix/store/ik1vzp6bfwjxxg0cdcbmyl17yzn8idd4-gettext-0.21/include' '-isystem' '/nix/store/1r3a6ji72zxvkyhqfgq1pymdiyjk93l5-glibc-iconv-2.35/include' '-isystem' '/nix/store/f04f2mxjzx7s34payvq6lna9qcaall3s-mariadb-connector-odbc-3.1.14/include' '-isystem' '/nix/store/2gm71c7yljswz2yz3i6125nx2rwkg9n6-systemd-252.5-dev/include' '-isystem' '/nix/store/1gb83p8c3fkjqyb0l30lz0303jhv088k-util-linux-2.38.1-dev/include' '-isystem' '/nix/store/xj6h98v3mjiqmwqv6zbw51xd3lgzdz7p-mtdev-1.1.6/include' '-isystem' '/nix/store/zmqdq7fj6h273kxz969wr3h7g1jhzgz4-lksctp-tools-1.0.17/include' '-isystem' '/nix/store/dvgpj4kwxp5pxhax93zqv80b4ql8xwla-libselinux-3.3-dev/include' '-isystem' '/nix/store/0p1v5zn2mb55xs9297x5p7vgdnhrjjmf-libsepol-3.3-dev/include' '-isystem' '/nix/store/zl2rzaxviah8cpknrlnpawpfvmjvjh0d-lttng-ust-2.13.1-dev/include' '-isystem' '/nix/store/0hhi25jwagxm00kjwmh2zl395cgfdrfh-liburcu-0.13.2/include' '-isystem' '/nix/store/k7pydn7w2dd03cchddkgzdb94brxisp9-vulkan-headers-1.3.239.0/include' '-isystem' '/nix/store/gxsg7g5higv817948fw3jyamypfc229g-libthai-0.1.29-dev/include' '-isystem' '/nix/store/hq2n7bnn6z2p0p94n4mixbbrsyi1qbdf-libdrm-2.4.114-dev/include' '-isystem' '/nix/store/bin4ww0irasbdvhqqg8lcwjg3025x4pq-libdatrie-2019-12-20-dev/include' '-isystem' '/nix/store/6bdds6632r9fp7mrh27qxjv90d7lzh0y-fontconfig-2.14.0-dev/include' '-isystem' '/nix/store/ybd7brnb5kavanvz40mg2p5pmgnczi85-freetype-2.12.1-dev/include' '-isystem' '/nix/store/abs0rlwm6jh4l1k831fvqggpgfrs91pv-bzip2-1.0.8-dev/include' '-isystem' '/nix/store/84r63sb6w4l1y1ab3vmk3xg84is027y2-brotli-1.0.9-dev/include' '-isystem' '/nix/store/q2sjb83p9kh7j653237wr5xzsdc17sgj-libX11-1.8.4-dev/include' '-isystem' '/nix/store/9d1fbfvijywjsxh5b060qy5dd01cqbrs-xorgproto-2021.5/include' '-isystem' '/nix/store/rr353rjxy36vvakib4cyajjj2r3gqw5x-libxcb-1.14-dev/include' '-isystem' '/nix/store/j4i01gassjbbm5i3x4qczy21pmfw05q2-libXcomposite-0.4.5-dev/include' '-isystem' '/nix/store/dbbvxfbsix59452vbjngfndr8xddb3nc-libXfixes-6.0.0-dev/include' '-isystem' '/nix/store/f5blw2z7jr4h2qkzfdmjkwak142353rq-libXext-1.3.4-dev/include' '-isystem' '/nix/store/jhxfmh0lh0dkk11fpys8350w8hk7ljf7-libXau-1.0.9-dev/include' '-isystem' '/nix/store/dci0q5r0v1j5d7vryy13as7banrix0sj-libXi-1.8-dev/include' '-isystem' '/nix/store/slpgdz4ha0w6y2c25n0ljda4536p9yi4-libXrender-0.9.10-dev/include' '-isystem' '/nix/store/l01q7h5h4wxr880jzxpc5fdrwnbqxfzn-libxkbcommon-1.5.0-dev/include' '-isystem' '/nix/store/9qzw3zscs3b4gc97bsaq991iifgz4977-xcb-util-0.4.0-dev/include' '-isystem' '/nix/store/cwvwhmigx77mydbv1h51pp2l2vijr2rs-xcb-util-image-0.4.0-dev/include' '-isystem' '/nix/store/v0qpk37hyfrpgga44f58yrb36gpay3ks-xcb-util-keysyms-0.4.0-dev/include' '-isystem' '/nix/store/x45m835963ss4all6g03wms91284j904-xcb-util-renderutil-0.3.9-dev/include' '-isystem' '/nix/store/qhjq1dap6j4h5g3srizm6dkshz63zdwv-xcb-util-wm-0.4.1-dev/include' '-isystem' '/nix/store/dzkwzx2qnhsx7938ywxqvygw5n28gy63-libXdmcp-1.1.3-dev/include' '-isystem' '/nix/store/75jd6r549krqxk1iq5cl4slrr4vci11n-libXtst-1.2.3/include' '-isystem' '/nix/store/rkz9zhzj975y9hvb8kav017da08hgq2b-xcb-util-cursor-0.1.3-dev/include' '-isystem' '/nix/store/dvrxv7fvlkj5cbjq6262m6f4jdpdvmxx-libepoxy-1.5.10-dev/include' '-isystem' '/nix/store/fqwihpqn2wmhjqw251w1r7dyw659abrh-libGL-1.6.0-dev/include' '-isystem' '/nix/store/y7fpp50b5l7l4g5hk76w2mm2p8jhrwyg-libglvnd-1.6.0-dev/include' '-isystem' '/nix/store/xr3l5mnqwgminijy321myshjx6w55530-qtsvg-6.4.2-dev/include' '-isystem' '/nix/store/a85vmwd6cgixmd25226zr4awdvh50xyd-quazip-1.3-dev/include' '-isystem' '/nix/store/jf4k9zv0nn0dij7jyh9cb7l2s4h5p65y-qt5compat-6.4.2-dev/include' '-isystem' '/nix/store/cj4cjywrz168aijw38dysql6ksafnbjs-qtdeclarative-6.4.2-dev/include' '-isystem' '/nix/store/mnpx93zc62xwqlkx0bycrab6604cdhcm-qtshadertools-6.4.2-dev/include' '-isystem' '/nix/store/iw1vmh509hcbby8dbpsaanbri4zsq7dj-python3-3.10.10/include' '-isystem' '/nix/store/h9a8m4y88pn2jg8h96j6i2blgzarrvcx-filesystem-1.5.12/include' '-isystem' '/nix/store/5ymj2l7wacvb1b154v5mhlhng406ds0k-tomlplusplus-3.3.0/include' '-isystem' '/nix/store/dkbq5hvylsc0d76lgmwyx4jm2pld63sl-cmark-0.30.3/include' '-isystem' '/nix/store/4gxhcwhrh92pn91ax09wxgqg2pqj9i61-qtwayland-6.4.2-dev/include' '-isystem' '/nix/store/wzrqym8dzidzhvm5h308kzqcan2zbf5j-gamemode-1.7-dev/include' '-isystem' '/nix/store/va9r2bdg56jc6qizpm6dyb97lnxfrhsy-file-5.44/include' '-isystem' '/nix/store/jkv8vb24ab371hlsp55fj953kwh01m8n-openjdk-17.0.6+10/include' '-isystem' '/nix/store/i9cf4vmk6kfqlds56vfllmmz0zdk7rp0-qtbase-6.4.2-dev/include' '-isystem' '/nix/store/0z5wasald7dmipjpbx8kw31pj0kzjxpg-libxml2-2.10.3-dev/include' '-isystem' '/nix/store/qgqsyg7gmqy3fz6shvzhcc7m7pkfw2ig-zlib-1.2.13-dev/include' '-isystem' '/nix/store/i57f5lhc83sfnck9d6rik0dbnbxr9qlw-libxslt-1.1.37-dev/include' '-isystem' '/nix/store/fyiwac98bi86nd5qzz9bhvs1bvmmwgad-openssl-3.0.8-dev/include' '-isystem' '/nix/store/i1h2yf133m4rfzgfgl0zdxjxniyy6kvg-sqlite-3.40.1-dev/include' '-isystem' '/nix/store/ci7r8mfkdg1b4wgawp6fff6ba6vyf33r-unixODBC-2.3.11/include' '-isystem' '/nix/store/vddrjv0wnknv73njnwzj3in0467dk9qa-harfbuzz-7.0.0-dev/include' '-isystem' '/nix/store/vgasd5zjsvdvq3w7ik13sfyyj1n0m5v7-graphite2-1.3.14/include' '-isystem' '/nix/store/86nsxqcmzcc85qzrsczb33jwqgcyl35g-icu4c-72.1-dev/include' '-isystem' '/nix/store/dra1y7qr8clxdssfx5s1grbg2lvg5ifd-libjpeg-turbo-2.1.4-dev/include' '-isystem' '/nix/store/463cn57ci7xxwr28c1d68zwbr001ka8h-libpng-apng-1.6.39-dev/include' '-isystem' '/nix/store/vr9naiikd2k84ygclm3vlr3agbjcgvzi-pcre2-10.42-dev/include' '-isystem' '/nix/store/zc41j2il39qmw9kfwa0zl37dz4izcjdp-pcre-8.45-dev/include' '-isystem' '/nix/store/k4w3vafb6k1b3zc2a6v1lr4w0iknnp65-libproxy-0.4.18-dev/include' '-isystem' '/nix/store/s8axys9hpvwxn5718iwrnyvwms4djz96-zstd-1.5.4-dev/include' '-isystem' '/nix/store/4hx2f3kfk824b3b44mhjgpph426lnj42-double-conversion-3.2.1/include' '-isystem' '/nix/store/d9yf24k5n979y1qy03nlj1mnpijhs5rx-libb2-0.98.1/include' '-isystem' '/nix/store/2pai53mrrahl85w7mbypxmplgx6wfqyd-md4c-0.4.8/include' '-isystem' '/nix/store/l8d014vy8n42sp6r6j3wjqldylcyvqyk-dbus-1.14.4-dev/include' '-isystem' '/nix/store/gqvyvc9ckzijwcw641v6qgg7fz8z63mc-expat-2.5.0-dev/include' '-isystem' '/nix/store/152gsygyjagsirvdg3icmz4px39wddwj-glib-2.74.5-dev/include' '-isystem' '/nix/store/4j08mgygxhi9y3957hbwqn1bg02va18y-libffi-3.4.4-dev/include' '-isystem' '/nix/store/ik1vzp6bfwjxxg0cdcbmyl17yzn8idd4-gettext-0.21/include' '-isystem' '/nix/store/1r3a6ji72zxvkyhqfgq1pymdiyjk93l5-glibc-iconv-2.35/include' '-isystem' '/nix/store/f04f2mxjzx7s34payvq6lna9qcaall3s-mariadb-connector-odbc-3.1.14/include' '-isystem' '/nix/store/2gm71c7yljswz2yz3i6125nx2rwkg9n6-systemd-252.5-dev/include' '-isystem' '/nix/store/1gb83p8c3fkjqyb0l30lz0303jhv088k-util-linux-2.38.1-dev/include' '-isystem' '/nix/store/xj6h98v3mjiqmwqv6zbw51xd3lgzdz7p-mtdev-1.1.6/include' '-isystem' '/nix/store/zmqdq7fj6h273kxz969wr3h7g1jhzgz4-lksctp-tools-1.0.17/include' '-isystem' '/nix/store/dvgpj4kwxp5pxhax93zqv80b4ql8xwla-libselinux-3.3-dev/include' '-isystem' '/nix/store/0p1v5zn2mb55xs9297x5p7vgdnhrjjmf-libsepol-3.3-dev/include' '-isystem' '/nix/store/zl2rzaxviah8cpknrlnpawpfvmjvjh0d-lttng-ust-2.13.1-dev/include' '-isystem' '/nix/store/0hhi25jwagxm00kjwmh2zl395cgfdrfh-liburcu-0.13.2/include' '-isystem' '/nix/store/k7pydn7w2dd03cchddkgzdb94brxisp9-vulkan-headers-1.3.239.0/include' '-isystem' '/nix/store/gxsg7g5higv817948fw3jyamypfc229g-libthai-0.1.29-dev/include' '-isystem' '/nix/store/hq2n7bnn6z2p0p94n4mixbbrsyi1qbdf-libdrm-2.4.114-dev/include' '-isystem' '/nix/store/bin4ww0irasbdvhqqg8lcwjg3025x4pq-libdatrie-2019-12-20-dev/include' '-isystem' '/nix/store/6bdds6632r9fp7mrh27qxjv90d7lzh0y-fontconfig-2.14.0-dev/include' '-isystem' '/nix/store/ybd7brnb5kavanvz40mg2p5pmgnczi85-freetype-2.12.1-dev/include' '-isystem' '/nix/store/abs0rlwm6jh4l1k831fvqggpgfrs91pv-bzip2-1.0.8-dev/include' '-isystem' '/nix/store/84r63sb6w4l1y1ab3vmk3xg84is027y2-brotli-1.0.9-dev/include' '-isystem' '/nix/store/q2sjb83p9kh7j653237wr5xzsdc17sgj-libX11-1.8.4-dev/include' '-isystem' '/nix/store/9d1fbfvijywjsxh5b060qy5dd01cqbrs-xorgproto-2021.5/include' '-isystem' '/nix/store/rr353rjxy36vvakib4cyajjj2r3gqw5x-libxcb-1.14-dev/include' '-isystem' '/nix/store/j4i01gassjbbm5i3x4qczy21pmfw05q2-libXcomposite-0.4.5-dev/include' '-isystem' '/nix/store/dbbvxfbsix59452vbjngfndr8xddb3nc-libXfixes-6.0.0-dev/include' '-isystem' '/nix/store/f5blw2z7jr4h2qkzfdmjkwak142353rq-libXext-1.3.4-dev/include' '-isystem' '/nix/store/jhxfmh0lh0dkk11fpys8350w8hk7ljf7-libXau-1.0.9-dev/include' '-isystem' '/nix/store/dci0q5r0v1j5d7vryy13as7banrix0sj-libXi-1.8-dev/include' '-isystem' '/nix/store/slpgdz4ha0w6y2c25n0ljda4536p9yi4-libXrender-0.9.10-dev/include' '-isystem' '/nix/store/l01q7h5h4wxr880jzxpc5fdrwnbqxfzn-libxkbcommon-1.5.0-dev/include' '-isystem' '/nix/store/9qzw3zscs3b4gc97bsaq991iifgz4977-xcb-util-0.4.0-dev/include' '-isystem' '/nix/store/cwvwhmigx77mydbv1h51pp2l2vijr2rs-xcb-util-image-0.4.0-dev/include' '-isystem' '/nix/store/v0qpk37hyfrpgga44f58yrb36gpay3ks-xcb-util-keysyms-0.4.0-dev/include' '-isystem' '/nix/store/x45m835963ss4all6g03wms91284j904-xcb-util-renderutil-0.3.9-dev/include' '-isystem' '/nix/store/qhjq1dap6j4h5g3srizm6dkshz63zdwv-xcb-util-wm-0.4.1-dev/include' '-isystem' '/nix/store/dzkwzx2qnhsx7938ywxqvygw5n28gy63-libXdmcp-1.1.3-dev/include' '-isystem' '/nix/store/75jd6r549krqxk1iq5cl4slrr4vci11n-libXtst-1.2.3/include' '-isystem' '/nix/store/rkz9zhzj975y9hvb8kav017da08hgq2b-xcb-util-cursor-0.1.3-dev/include' '-isystem' '/nix/store/dvrxv7fvlkj5cbjq6262m6f4jdpdvmxx-libepoxy-1.5.10-dev/include' '-isystem' '/nix/store/fqwihpqn2wmhjqw251w1r7dyw659abrh-libGL-1.6.0-dev/include' '-isystem' '/nix/store/y7fpp50b5l7l4g5hk76w2mm2p8jhrwyg-libglvnd-1.6.0-dev/include' '-isystem' '/nix/store/xr3l5mnqwgminijy321myshjx6w55530-qtsvg-6.4.2-dev/include' '-isystem' '/nix/store/a85vmwd6cgixmd25226zr4awdvh50xyd-quazip-1.3-dev/include' '-isystem' '/nix/store/jf4k9zv0nn0dij7jyh9cb7l2s4h5p65y-qt5compat-6.4.2-dev/include' '-isystem' '/nix/store/cj4cjywrz168aijw38dysql6ksafnbjs-qtdeclarative-6.4.2-dev/include' '-isystem' '/nix/store/mnpx93zc62xwqlkx0bycrab6604cdhcm-qtshadertools-6.4.2-dev/include' '-isystem' '/nix/store/iw1vmh509hcbby8dbpsaanbri4zsq7dj-python3-3.10.10/include' '-isystem' '/nix/store/h9a8m4y88pn2jg8h96j6i2blgzarrvcx-filesystem-1.5.12/include' '-isystem' '/nix/store/5ymj2l7wacvb1b154v5mhlhng406ds0k-tomlplusplus-3.3.0/include' '-isystem' '/nix/store/dkbq5hvylsc0d76lgmwyx4jm2pld63sl-cmark-0.30.3/include' '-isystem' '/nix/store/4gxhcwhrh92pn91ax09wxgqg2pqj9i61-qtwayland-6.4.2-dev/include' '-isystem' '/nix/store/wzrqym8dzidzhvm5h308kzqcan2zbf5j-gamemode-1.7-dev/include' '-shared-libgcc' '-mtune=generic' '-march=x86-64' '-dumpdir' 'CMakeFiles/cmTC_0878c.dir/'
 /nix/store/wx4nsqbssywgx9zkabwgl9sxm5l61ni3-gcc-12.2.0/libexec/gcc/x86_64-unknown-linux-gnu/12.2.0/cc1plus -quiet -v -D_GNU_SOURCE -U _FORTIFY_SOURCE -D _FORTIFY_SOURCE=2 -D QT_NO_DEBUG -idirafter /nix/store/pqnd39aq2sksad2zvswjcpkqdc7ig3f9-glibc-2.35-224-dev/include -idirafter /nix/store/wx4nsqbssywgx9zkabwgl9sxm5l61ni3-gcc-12.2.0/lib/gcc/x86_64-unknown-linux-gnu/12.2.0/include-fixed -isystem /nix/store/va9r2bdg56jc6qizpm6dyb97lnxfrhsy-file-5.44/include -isystem /nix/store/jkv8vb24ab371hlsp55fj953kwh01m8n-openjdk-17.0.6+10/include -isystem /nix/store/i9cf4vmk6kfqlds56vfllmmz0zdk7rp0-qtbase-6.4.2-dev/include -isystem /nix/store/0z5wasald7dmipjpbx8kw31pj0kzjxpg-libxml2-2.10.3-dev/include -isystem /nix/store/qgqsyg7gmqy3fz6shvzhcc7m7pkfw2ig-zlib-1.2.13-dev/include -isystem /nix/store/i57f5lhc83sfnck9d6rik0dbnbxr9qlw-libxslt-1.1.37-dev/include -isystem /nix/store/fyiwac98bi86nd5qzz9bhvs1bvmmwgad-openssl-3.0.8-dev/include -isystem /nix/store/i1h2yf133m4rfzgfgl0zdxjxniyy6kvg-sqlite-3.40.1-dev/include -isystem /nix/store/ci7r8mfkdg1b4wgawp6fff6ba6vyf33r-unixODBC-2.3.11/include -isystem /nix/store/vddrjv0wnknv73njnwzj3in0467dk9qa-harfbuzz-7.0.0-dev/include -isystem /nix/store/vgasd5zjsvdvq3w7ik13sfyyj1n0m5v7-graphite2-1.3.14/include -isystem /nix/store/86nsxqcmzcc85qzrsczb33jwqgcyl35g-icu4c-72.1-dev/include -isystem /nix/store/dra1y7qr8clxdssfx5s1grbg2lvg5ifd-libjpeg-turbo-2.1.4-dev/include -isystem /nix/store/463cn57ci7xxwr28c1d68zwbr001ka8h-libpng-apng-1.6.39-dev/include -isystem /nix/store/vr9naiikd2k84ygclm3vlr3agbjcgvzi-pcre2-10.42-dev/include -isystem /nix/store/zc41j2il39qmw9kfwa0zl37dz4izcjdp-pcre-8.45-dev/include -isystem /nix/store/k4w3vafb6k1b3zc2a6v1lr4w0iknnp65-libproxy-0.4.18-dev/include -isystem /nix/store/s8axys9hpvwxn5718iwrnyvwms4djz96-zstd-1.5.4-dev/include -isystem /nix/store/4hx2f3kfk824b3b44mhjgpph426lnj42-double-conversion-3.2.1/include -isystem /nix/store/d9yf24k5n979y1qy03nlj1mnpijhs5rx-libb2-0.98.1/include -isystem /nix/store/2pai53mrrahl85w7mbypxmplgx6wfqyd-md4c-0.4.8/include -isystem /nix/store/l8d014vy8n42sp6r6j3wjqldylcyvqyk-dbus-1.14.4-dev/include -isystem /nix/store/gqvyvc9ckzijwcw641v6qgg7fz8z63mc-expat-2.5.0-dev/include -isystem /nix/store/152gsygyjagsirvdg3icmz4px39wddwj-glib-2.74.5-dev/include -isystem /nix/store/4j08mgygxhi9y3957hbwqn1bg02va18y-libffi-3.4.4-dev/include -isystem /nix/store/ik1vzp6bfwjxxg0cdcbmyl17yzn8idd4-gettext-0.21/include -isystem /nix/store/1r3a6ji72zxvkyhqfgq1pymdiyjk93l5-glibc-iconv-2.35/include -isystem /nix/store/f04f2mxjzx7s34payvq6lna9qcaall3s-mariadb-connector-odbc-3.1.14/include -isystem /nix/store/2gm71c7yljswz2yz3i6125nx2rwkg9n6-systemd-252.5-dev/include -isystem /nix/store/1gb83p8c3fkjqyb0l30lz0303jhv088k-util-linux-2.38.1-dev/include -isystem /nix/store/xj6h98v3mjiqmwqv6zbw51xd3lgzdz7p-mtdev-1.1.6/include -isystem /nix/store/zmqdq7fj6h273kxz969wr3h7g1jhzgz4-lksctp-tools-1.0.17/include -isystem /nix/store/dvgpj4kwxp5pxhax93zqv80b4ql8xwla-libselinux-3.3-dev/include -isystem /nix/store/0p1v5zn2mb55xs9297x5p7vgdnhrjjmf-libsepol-3.3-dev/include -isystem /nix/store/zl2rzaxviah8cpknrlnpawpfvmjvjh0d-lttng-ust-2.13.1-dev/include -isystem /nix/store/0hhi25jwagxm00kjwmh2zl395cgfdrfh-liburcu-0.13.2/include -isystem /nix/store/k7pydn7w2dd03cchddkgzdb94brxisp9-vulkan-headers-1.3.239.0/include -isystem /nix/store/gxsg7g5higv817948fw3jyamypfc229g-libthai-0.1.29-dev/include -isystem /nix/store/hq2n7bnn6z2p0p94n4mixbbrsyi1qbdf-libdrm-2.4.114-dev/include -isystem /nix/store/bin4ww0irasbdvhqqg8lcwjg3025x4pq-libdatrie-2019-12-20-dev/include -isystem /nix/store/6bdds6632r9fp7mrh27qxjv90d7lzh0y-fontconfig-2.14.0-dev/include -isystem /nix/store/ybd7brnb5kavanvz40mg2p5pmgnczi85-freetype-2.12.1-dev/include -isystem /nix/store/abs0rlwm6jh4l1k831fvqggpgfrs91pv-bzip2-1.0.8-dev/include -isystem /nix/store/84r63sb6w4l1y1ab3vmk3xg84is027y2-brotli-1.0.9-dev/include -isystem /nix/store/q2sjb83p9kh7j653237wr5xzsdc17sgj-libX11-1.8.4-dev/include -isystem /nix/store/9d1fbfvijywjsxh5b060qy5dd01cqbrs-xorgproto-2021.5/include -isystem /nix/store/rr353rjxy36vvakib4cyajjj2r3gqw5x-libxcb-1.14-dev/include -isystem /nix/store/j4i01gassjbbm5i3x4qczy21pmfw05q2-libXcomposite-0.4.5-dev/include -isystem /nix/store/dbbvxfbsix59452vbjngfndr8xddb3nc-libXfixes-6.0.0-dev/include -isystem /nix/store/f5blw2z7jr4h2qkzfdmjkwak142353rq-libXext-1.3.4-dev/include -isystem /nix/store/jhxfmh0lh0dkk11fpys8350w8hk7ljf7-libXau-1.0.9-dev/include -isystem /nix/store/dci0q5r0v1j5d7vryy13as7banrix0sj-libXi-1.8-dev/include -isystem /nix/store/slpgdz4ha0w6y2c25n0ljda4536p9yi4-libXrender-0.9.10-dev/include -isystem /nix/store/l01q7h5h4wxr880jzxpc5fdrwnbqxfzn-libxkbcommon-1.5.0-dev/include -isystem /nix/store/9qzw3zscs3b4gc97bsaq991iifgz4977-xcb-util-0.4.0-dev/include -isystem /nix/store/cwvwhmigx77mydbv1h51pp2l2vijr2rs-xcb-util-image-0.4.0-dev/include -isystem /nix/store/v0qpk37hyfrpgga44f58yrb36gpay3ks-xcb-util-keysyms-0.4.0-dev/include -isystem /nix/store/x45m835963ss4all6g03wms91284j904-xcb-util-renderutil-0.3.9-dev/include -isystem /nix/store/qhjq1dap6j4h5g3srizm6dkshz63zdwv-xcb-util-wm-0.4.1-dev/include -isystem /nix/store/dzkwzx2qnhsx7938ywxqvygw5n28gy63-libXdmcp-1.1.3-dev/include -isystem /nix/store/75jd6r549krqxk1iq5cl4slrr4vci11n-libXtst-1.2.3/include -isystem /nix/store/rkz9zhzj975y9hvb8kav017da08hgq2b-xcb-util-cursor-0.1.3-dev/include -isystem /nix/store/dvrxv7fvlkj5cbjq6262m6f4jdpdvmxx-libepoxy-1.5.10-dev/include -isystem /nix/store/fqwihpqn2wmhjqw251w1r7dyw659abrh-libGL-1.6.0-dev/include -isystem /nix/store/y7fpp50b5l7l4g5hk76w2mm2p8jhrwyg-libglvnd-1.6.0-dev/include -isystem /nix/store/xr3l5mnqwgminijy321myshjx6w55530-qtsvg-6.4.2-dev/include -isystem /nix/store/a85vmwd6cgixmd25226zr4awdvh50xyd-quazip-1.3-dev/include -isystem /nix/store/jf4k9zv0nn0dij7jyh9cb7l2s4h5p65y-qt5compat-6.4.2-dev/include -isystem /nix/store/cj4cjywrz168aijw38dysql6ksafnbjs-qtdeclarative-6.4.2-dev/include -isystem /nix/store/mnpx93zc62xwqlkx0bycrab6604cdhcm-qtshadertools-6.4.2-dev/include -isystem /nix/store/iw1vmh509hcbby8dbpsaanbri4zsq7dj-python3-3.10.10/include -isystem /nix/store/h9a8m4y88pn2jg8h96j6i2blgzarrvcx-filesystem-1.5.12/include -isystem /nix/store/5ymj2l7wacvb1b154v5mhlhng406ds0k-tomlplusplus-3.3.0/include -isystem /nix/store/dkbq5hvylsc0d76lgmwyx4jm2pld63sl-cmark-0.30.3/include -isystem /nix/store/4gxhcwhrh92pn91ax09wxgqg2pqj9i61-qtwayland-6.4.2-dev/include -isystem /nix/store/wzrqym8dzidzhvm5h308kzqcan2zbf5j-gamemode-1.7-dev/include -isystem /nix/store/va9r2bdg56jc6qizpm6dyb97lnxfrhsy-file-5.44/include -isystem /nix/store/jkv8vb24ab371hlsp55fj953kwh01m8n-openjdk-17.0.6+10/include -isystem /nix/store/i9cf4vmk6kfqlds56vfllmmz0zdk7rp0-qtbase-6.4.2-dev/include -isystem /nix/store/0z5wasald7dmipjpbx8kw31pj0kzjxpg-libxml2-2.10.3-dev/include -isystem /nix/store/qgqsyg7gmqy3fz6shvzhcc7m7pkfw2ig-zlib-1.2.13-dev/include -isystem /nix/store/i57f5lhc83sfnck9d6rik0dbnbxr9qlw-libxslt-1.1.37-dev/include -isystem /nix/store/fyiwac98bi86nd5qzz9bhvs1bvmmwgad-openssl-3.0.8-dev/include -isystem /nix/store/i1h2yf133m4rfzgfgl0zdxjxniyy6kvg-sqlite-3.40.1-dev/include -isystem /nix/store/ci7r8mfkdg1b4wgawp6fff6ba6vyf33r-unixODBC-2.3.11/include -isystem /nix/store/vddrjv0wnknv73njnwzj3in0467dk9qa-harfbuzz-7.0.0-dev/include -isystem /nix/store/vgasd5zjsvdvq3w7ik13sfyyj1n0m5v7-graphite2-1.3.14/include -isystem /nix/store/86nsxqcmzcc85qzrsczb33jwqgcyl35g-icu4c-72.1-dev/include -isystem /nix/store/dra1y7qr8clxdssfx5s1grbg2lvg5ifd-libjpeg-turbo-2.1.4-dev/include -isystem /nix/store/463cn57ci7xxwr28c1d68zwbr001ka8h-libpng-apng-1.6.39-dev/include -isystem /nix/store/vr9naiikd2k84ygclm3vlr3agbjcgvzi-pcre2-10.42-dev/include -isystem /nix/store/zc41j2il39qmw9kfwa0zl37dz4izcjdp-pcre-8.45-dev/include -isystem /nix/store/k4w3vafb6k1b3zc2a6v1lr4w0iknnp65-libproxy-0.4.18-dev/include -isystem /nix/store/s8axys9hpvwxn5718iwrnyvwms4djz96-zstd-1.5.4-dev/include -isystem /nix/store/4hx2f3kfk824b3b44mhjgpph426lnj42-double-conversion-3.2.1/include -isystem /nix/store/d9yf24k5n979y1qy03nlj1mnpijhs5rx-libb2-0.98.1/include -isystem /nix/store/2pai53mrrahl85w7mbypxmplgx6wfqyd-md4c-0.4.8/include -isystem /nix/store/l8d014vy8n42sp6r6j3wjqldylcyvqyk-dbus-1.14.4-dev/include -isystem /nix/store/gqvyvc9ckzijwcw641v6qgg7fz8z63mc-expat-2.5.0-dev/include -isystem /nix/store/152gsygyjagsirvdg3icmz4px39wddwj-glib-2.74.5-dev/include -isystem /nix/store/4j08mgygxhi9y3957hbwqn1bg02va18y-libffi-3.4.4-dev/include -isystem /nix/store/ik1vzp6bfwjxxg0cdcbmyl17yzn8idd4-gettext-0.21/include -isystem /nix/store/1r3a6ji72zxvkyhqfgq1pymdiyjk93l5-glibc-iconv-2.35/include -isystem /nix/store/f04f2mxjzx7s34payvq6lna9qcaall3s-mariadb-connector-odbc-3.1.14/include -isystem /nix/store/2gm71c7yljswz2yz3i6125nx2rwkg9n6-systemd-252.5-dev/include -isystem /nix/store/1gb83p8c3fkjqyb0l30lz0303jhv088k-util-linux-2.38.1-dev/include -isystem /nix/store/xj6h98v3mjiqmwqv6zbw51xd3lgzdz7p-mtdev-1.1.6/include -isystem /nix/store/zmqdq7fj6h273kxz969wr3h7g1jhzgz4-lksctp-tools-1.0.17/include -isystem /nix/store/dvgpj4kwxp5pxhax93zqv80b4ql8xwla-libselinux-3.3-dev/include -isystem /nix/store/0p1v5zn2mb55xs9297x5p7vgdnhrjjmf-libsepol-3.3-dev/include -isystem /nix/store/zl2rzaxviah8cpknrlnpawpfvmjvjh0d-lttng-ust-2.13.1-dev/include -isystem /nix/store/0hhi25jwagxm00kjwmh2zl395cgfdrfh-liburcu-0.13.2/include -isystem /nix/store/k7pydn7w2dd03cchddkgzdb94brxisp9-vulkan-headers-1.3.239.0/include -isystem /nix/store/gxsg7g5higv817948fw3jyamypfc229g-libthai-0.1.29-dev/include -isystem /nix/store/hq2n7bnn6z2p0p94n4mixbbrsyi1qbdf-libdrm-2.4.114-dev/include -isystem /nix/store/bin4ww0irasbdvhqqg8lcwjg3025x4pq-libdatrie-2019-12-20-dev/include -isystem /nix/store/6bdds6632r9fp7mrh27qxjv90d7lzh0y-fontconfig-2.14.0-dev/include -isystem /nix/store/ybd7brnb5kavanvz40mg2p5pmgnczi85-freetype-2.12.1-dev/include -isystem /nix/store/abs0rlwm6jh4l1k831fvqggpgfrs91pv-bzip2-1.0.8-dev/include -isystem /nix/store/84r63sb6w4l1y1ab3vmk3xg84is027y2-brotli-1.0.9-dev/include -isystem /nix/store/q2sjb83p9kh7j653237wr5xzsdc17sgj-libX11-1.8.4-dev/include -isystem /nix/store/9d1fbfvijywjsxh5b060qy5dd01cqbrs-xorgproto-2021.5/include -isystem /nix/store/rr353rjxy36vvakib4cyajjj2r3gqw5x-libxcb-1.14-dev/include -isystem /nix/store/j4i01gassjbbm5i3x4qczy21pmfw05q2-libXcomposite-0.4.5-dev/include -isystem /nix/store/dbbvxfbsix59452vbjngfndr8xddb3nc-libXfixes-6.0.0-dev/include -isystem /nix/store/f5blw2z7jr4h2qkzfdmjkwak142353rq-libXext-1.3.4-dev/include -isystem /nix/store/jhxfmh0lh0dkk11fpys8350w8hk7ljf7-libXau-1.0.9-dev/include -isystem /nix/store/dci0q5r0v1j5d7vryy13as7banrix0sj-libXi-1.8-dev/include -isystem /nix/store/slpgdz4ha0w6y2c25n0ljda4536p9yi4-libXrender-0.9.10-dev/include -isystem /nix/store/l01q7h5h4wxr880jzxpc5fdrwnbqxfzn-libxkbcommon-1.5.0-dev/include -isystem /nix/store/9qzw3zscs3b4gc97bsaq991iifgz4977-xcb-util-0.4.0-dev/include -isystem /nix/store/cwvwhmigx77mydbv1h51pp2l2vijr2rs-xcb-util-image-0.4.0-dev/include -isystem /nix/store/v0qpk37hyfrpgga44f58yrb36gpay3ks-xcb-util-keysyms-0.4.0-dev/include -isystem /nix/store/x45m835963ss4all6g03wms91284j904-xcb-util-renderutil-0.3.9-dev/include -isystem /nix/store/qhjq1dap6j4h5g3srizm6dkshz63zdwv-xcb-util-wm-0.4.1-dev/include -isystem /nix/store/dzkwzx2qnhsx7938ywxqvygw5n28gy63-libXdmcp-1.1.3-dev/include -isystem /nix/store/75jd6r549krqxk1iq5cl4slrr4vci11n-libXtst-1.2.3/include -isystem /nix/store/rkz9zhzj975y9hvb8kav017da08hgq2b-xcb-util-cursor-0.1.3-dev/include -isystem /nix/store/dvrxv7fvlkj5cbjq6262m6f4jdpdvmxx-libepoxy-1.5.10-dev/include -isystem /nix/store/fqwihpqn2wmhjqw251w1r7dyw659abrh-libGL-1.6.0-dev/include -isystem /nix/store/y7fpp50b5l7l4g5hk76w2mm2p8jhrwyg-libglvnd-1.6.0-dev/include -isystem /nix/store/xr3l5mnqwgminijy321myshjx6w55530-qtsvg-6.4.2-dev/include -isystem /nix/store/a85vmwd6cgixmd25226zr4awdvh50xyd-quazip-1.3-dev/include -isystem /nix/store/jf4k9zv0nn0dij7jyh9cb7l2s4h5p65y-qt5compat-6.4.2-dev/include -isystem /nix/store/cj4cjywrz168aijw38dysql6ksafnbjs-qtdeclarative-6.4.2-dev/include -isystem /nix/store/mnpx93zc62xwqlkx0bycrab6604cdhcm-qtshadertools-6.4.2-dev/include -isystem /nix/store/iw1vmh509hcbby8dbpsaanbri4zsq7dj-python3-3.10.10/include -isystem /nix/store/h9a8m4y88pn2jg8h96j6i2blgzarrvcx-filesystem-1.5.12/include -isystem /nix/store/5ymj2l7wacvb1b154v5mhlhng406ds0k-tomlplusplus-3.3.0/include -isystem /nix/store/dkbq5hvylsc0d76lgmwyx4jm2pld63sl-cmark-0.30.3/include -isystem /nix/store/4gxhcwhrh92pn91ax09wxgqg2pqj9i61-qtwayland-6.4.2-dev/include -isystem /nix/store/wzrqym8dzidzhvm5h308kzqcan2zbf5j-gamemode-1.7-dev/include /nix/store/l341npqn3j8pwqq1nqgj5cqhnfbzhphd-cmake-3.25.1/share/cmake-3.25/Modules/CMakeCXXCompilerABI.cpp -quiet -dumpdir CMakeFiles/cmTC_0878c.dir/ -dumpbase CMakeCXXCompilerABI.cpp.cpp -dumpbase-ext .cpp -mtune=generic -march=x86-64 -O2 -Wformat=1 -Wformat-security -Werror=format-security -version -fPIC -fstack-protector-strong -fno-strict-overflow -frandom-seed=sy5449x9ji --param=ssp-buffer-size=4 -o /tmp/nix-shell.QeuHwI/ccXlxQ63.s
GNU C++17 (GCC) version 12.2.0 (x86_64-unknown-linux-gnu)
	compiled by GNU C version 12.2.0, GMP version 6.2.1, MPFR version 4.2.0, MPC version 1.3.1, isl version isl-0.20-GMP

GGC heuristics: --param ggc-min-expand=100 --param ggc-min-heapsize=131072
ignoring duplicate directory "/nix/store/y7fpp50b5l7l4g5hk76w2mm2p8jhrwyg-libglvnd-1.6.0-dev/include"
ignoring duplicate directory "/nix/store/va9r2bdg56jc6qizpm6dyb97lnxfrhsy-file-5.44/include"
ignoring duplicate directory "/nix/store/jkv8vb24ab371hlsp55fj953kwh01m8n-openjdk-17.0.6+10/include"
ignoring duplicate directory "/nix/store/i9cf4vmk6kfqlds56vfllmmz0zdk7rp0-qtbase-6.4.2-dev/include"
ignoring duplicate directory "/nix/store/0z5wasald7dmipjpbx8kw31pj0kzjxpg-libxml2-2.10.3-dev/include"
ignoring duplicate directory "/nix/store/qgqsyg7gmqy3fz6shvzhcc7m7pkfw2ig-zlib-1.2.13-dev/include"
ignoring duplicate directory "/nix/store/i57f5lhc83sfnck9d6rik0dbnbxr9qlw-libxslt-1.1.37-dev/include"
ignoring duplicate directory "/nix/store/fyiwac98bi86nd5qzz9bhvs1bvmmwgad-openssl-3.0.8-dev/include"
ignoring duplicate directory "/nix/store/i1h2yf133m4rfzgfgl0zdxjxniyy6kvg-sqlite-3.40.1-dev/include"
ignoring duplicate directory "/nix/store/ci7r8mfkdg1b4wgawp6fff6ba6vyf33r-unixODBC-2.3.11/include"
ignoring duplicate directory "/nix/store/vddrjv0wnknv73njnwzj3in0467dk9qa-harfbuzz-7.0.0-dev/include"
ignoring duplicate directory "/nix/store/vgasd5zjsvdvq3w7ik13sfyyj1n0m5v7-graphite2-1.3.14/include"
ignoring duplicate directory "/nix/store/86nsxqcmzcc85qzrsczb33jwqgcyl35g-icu4c-72.1-dev/include"
ignoring duplicate directory "/nix/store/dra1y7qr8clxdssfx5s1grbg2lvg5ifd-libjpeg-turbo-2.1.4-dev/include"
ignoring duplicate directory "/nix/store/463cn57ci7xxwr28c1d68zwbr001ka8h-libpng-apng-1.6.39-dev/include"
ignoring duplicate directory "/nix/store/vr9naiikd2k84ygclm3vlr3agbjcgvzi-pcre2-10.42-dev/include"
ignoring duplicate directory "/nix/store/zc41j2il39qmw9kfwa0zl37dz4izcjdp-pcre-8.45-dev/include"
ignoring duplicate directory "/nix/store/k4w3vafb6k1b3zc2a6v1lr4w0iknnp65-libproxy-0.4.18-dev/include"
ignoring duplicate directory "/nix/store/s8axys9hpvwxn5718iwrnyvwms4djz96-zstd-1.5.4-dev/include"
ignoring duplicate directory "/nix/store/4hx2f3kfk824b3b44mhjgpph426lnj42-double-conversion-3.2.1/include"
ignoring duplicate directory "/nix/store/d9yf24k5n979y1qy03nlj1mnpijhs5rx-libb2-0.98.1/include"
ignoring duplicate directory "/nix/store/2pai53mrrahl85w7mbypxmplgx6wfqyd-md4c-0.4.8/include"
ignoring duplicate directory "/nix/store/l8d014vy8n42sp6r6j3wjqldylcyvqyk-dbus-1.14.4-dev/include"
ignoring duplicate directory "/nix/store/gqvyvc9ckzijwcw641v6qgg7fz8z63mc-expat-2.5.0-dev/include"
ignoring duplicate directory "/nix/store/152gsygyjagsirvdg3icmz4px39wddwj-glib-2.74.5-dev/include"
ignoring duplicate directory "/nix/store/4j08mgygxhi9y3957hbwqn1bg02va18y-libffi-3.4.4-dev/include"
ignoring duplicate directory "/nix/store/ik1vzp6bfwjxxg0cdcbmyl17yzn8idd4-gettext-0.21/include"
ignoring duplicate directory "/nix/store/1r3a6ji72zxvkyhqfgq1pymdiyjk93l5-glibc-iconv-2.35/include"
ignoring duplicate directory "/nix/store/f04f2mxjzx7s34payvq6lna9qcaall3s-mariadb-connector-odbc-3.1.14/include"
ignoring duplicate directory "/nix/store/2gm71c7yljswz2yz3i6125nx2rwkg9n6-systemd-252.5-dev/include"
ignoring duplicate directory "/nix/store/1gb83p8c3fkjqyb0l30lz0303jhv088k-util-linux-2.38.1-dev/include"
ignoring duplicate directory "/nix/store/xj6h98v3mjiqmwqv6zbw51xd3lgzdz7p-mtdev-1.1.6/include"
ignoring duplicate directory "/nix/store/zmqdq7fj6h273kxz969wr3h7g1jhzgz4-lksctp-tools-1.0.17/include"
ignoring duplicate directory "/nix/store/dvgpj4kwxp5pxhax93zqv80b4ql8xwla-libselinux-3.3-dev/include"
ignoring duplicate directory "/nix/store/0p1v5zn2mb55xs9297x5p7vgdnhrjjmf-libsepol-3.3-dev/include"
ignoring duplicate directory "/nix/store/zl2rzaxviah8cpknrlnpawpfvmjvjh0d-lttng-ust-2.13.1-dev/include"
ignoring duplicate directory "/nix/store/0hhi25jwagxm00kjwmh2zl395cgfdrfh-liburcu-0.13.2/include"
ignoring duplicate directory "/nix/store/k7pydn7w2dd03cchddkgzdb94brxisp9-vulkan-headers-1.3.239.0/include"
ignoring duplicate directory "/nix/store/gxsg7g5higv817948fw3jyamypfc229g-libthai-0.1.29-dev/include"
ignoring duplicate directory "/nix/store/hq2n7bnn6z2p0p94n4mixbbrsyi1qbdf-libdrm-2.4.114-dev/include"
ignoring duplicate directory "/nix/store/bin4ww0irasbdvhqqg8lcwjg3025x4pq-libdatrie-2019-12-20-dev/include"
ignoring duplicate directory "/nix/store/6bdds6632r9fp7mrh27qxjv90d7lzh0y-fontconfig-2.14.0-dev/include"
ignoring duplicate directory "/nix/store/ybd7brnb5kavanvz40mg2p5pmgnczi85-freetype-2.12.1-dev/include"
ignoring duplicate directory "/nix/store/abs0rlwm6jh4l1k831fvqggpgfrs91pv-bzip2-1.0.8-dev/include"
ignoring duplicate directory "/nix/store/84r63sb6w4l1y1ab3vmk3xg84is027y2-brotli-1.0.9-dev/include"
ignoring duplicate directory "/nix/store/q2sjb83p9kh7j653237wr5xzsdc17sgj-libX11-1.8.4-dev/include"
ignoring duplicate directory "/nix/store/9d1fbfvijywjsxh5b060qy5dd01cqbrs-xorgproto-2021.5/include"
ignoring duplicate directory "/nix/store/rr353rjxy36vvakib4cyajjj2r3gqw5x-libxcb-1.14-dev/include"
ignoring duplicate directory "/nix/store/j4i01gassjbbm5i3x4qczy21pmfw05q2-libXcomposite-0.4.5-dev/include"
ignoring duplicate directory "/nix/store/dbbvxfbsix59452vbjngfndr8xddb3nc-libXfixes-6.0.0-dev/include"
ignoring duplicate directory "/nix/store/f5blw2z7jr4h2qkzfdmjkwak142353rq-libXext-1.3.4-dev/include"
ignoring duplicate directory "/nix/store/jhxfmh0lh0dkk11fpys8350w8hk7ljf7-libXau-1.0.9-dev/include"
ignoring duplicate directory "/nix/store/dci0q5r0v1j5d7vryy13as7banrix0sj-libXi-1.8-dev/include"
ignoring duplicate directory "/nix/store/slpgdz4ha0w6y2c25n0ljda4536p9yi4-libXrender-0.9.10-dev/include"
ignoring duplicate directory "/nix/store/l01q7h5h4wxr880jzxpc5fdrwnbqxfzn-libxkbcommon-1.5.0-dev/include"
ignoring duplicate directory "/nix/store/9qzw3zscs3b4gc97bsaq991iifgz4977-xcb-util-0.4.0-dev/include"
ignoring duplicate directory "/nix/store/cwvwhmigx77mydbv1h51pp2l2vijr2rs-xcb-util-image-0.4.0-dev/include"
ignoring duplicate directory "/nix/store/v0qpk37hyfrpgga44f58yrb36gpay3ks-xcb-util-keysyms-0.4.0-dev/include"
ignoring duplicate directory "/nix/store/x45m835963ss4all6g03wms91284j904-xcb-util-renderutil-0.3.9-dev/include"
ignoring duplicate directory "/nix/store/qhjq1dap6j4h5g3srizm6dkshz63zdwv-xcb-util-wm-0.4.1-dev/include"
ignoring duplicate directory "/nix/store/dzkwzx2qnhsx7938ywxqvygw5n28gy63-libXdmcp-1.1.3-dev/include"
ignoring duplicate directory "/nix/store/75jd6r549krqxk1iq5cl4slrr4vci11n-libXtst-1.2.3/include"
ignoring duplicate directory "/nix/store/rkz9zhzj975y9hvb8kav017da08hgq2b-xcb-util-cursor-0.1.3-dev/include"
ignoring duplicate directory "/nix/store/dvrxv7fvlkj5cbjq6262m6f4jdpdvmxx-libepoxy-1.5.10-dev/include"
ignoring duplicate directory "/nix/store/fqwihpqn2wmhjqw251w1r7dyw659abrh-libGL-1.6.0-dev/include"
ignoring duplicate directory "/nix/store/y7fpp50b5l7l4g5hk76w2mm2p8jhrwyg-libglvnd-1.6.0-dev/include"
ignoring duplicate directory "/nix/store/xr3l5mnqwgminijy321myshjx6w55530-qtsvg-6.4.2-dev/include"
ignoring duplicate directory "/nix/store/a85vmwd6cgixmd25226zr4awdvh50xyd-quazip-1.3-dev/include"
ignoring duplicate directory "/nix/store/jf4k9zv0nn0dij7jyh9cb7l2s4h5p65y-qt5compat-6.4.2-dev/include"
ignoring duplicate directory "/nix/store/cj4cjywrz168aijw38dysql6ksafnbjs-qtdeclarative-6.4.2-dev/include"
ignoring duplicate directory "/nix/store/mnpx93zc62xwqlkx0bycrab6604cdhcm-qtshadertools-6.4.2-dev/include"
ignoring duplicate directory "/nix/store/iw1vmh509hcbby8dbpsaanbri4zsq7dj-python3-3.10.10/include"
ignoring duplicate directory "/nix/store/h9a8m4y88pn2jg8h96j6i2blgzarrvcx-filesystem-1.5.12/include"
ignoring duplicate directory "/nix/store/5ymj2l7wacvb1b154v5mhlhng406ds0k-tomlplusplus-3.3.0/include"
ignoring duplicate directory "/nix/store/dkbq5hvylsc0d76lgmwyx4jm2pld63sl-cmark-0.30.3/include"
ignoring duplicate directory "/nix/store/4gxhcwhrh92pn91ax09wxgqg2pqj9i61-qtwayland-6.4.2-dev/include"
ignoring duplicate directory "/nix/store/wzrqym8dzidzhvm5h308kzqcan2zbf5j-gamemode-1.7-dev/include"
ignoring nonexistent directory "/nix/store/wx4nsqbssywgx9zkabwgl9sxm5l61ni3-gcc-12.2.0/lib/gcc/x86_64-unknown-linux-gnu/12.2.0/../../../../x86_64-unknown-linux-gnu/include"
ignoring duplicate directory "/nix/store/pqnd39aq2sksad2zvswjcpkqdc7ig3f9-glibc-2.35-224-dev/include"
ignoring duplicate directory "/nix/store/wx4nsqbssywgx9zkabwgl9sxm5l61ni3-gcc-12.2.0/lib/gcc/x86_64-unknown-linux-gnu/12.2.0/include-fixed"
#include "..." search starts here:
#include <...> search starts here:
 /nix/store/va9r2bdg56jc6qizpm6dyb97lnxfrhsy-file-5.44/include
 /nix/store/jkv8vb24ab371hlsp55fj953kwh01m8n-openjdk-17.0.6+10/include
 /nix/store/i9cf4vmk6kfqlds56vfllmmz0zdk7rp0-qtbase-6.4.2-dev/include
 /nix/store/0z5wasald7dmipjpbx8kw31pj0kzjxpg-libxml2-2.10.3-dev/include
 /nix/store/qgqsyg7gmqy3fz6shvzhcc7m7pkfw2ig-zlib-1.2.13-dev/include
 /nix/store/i57f5lhc83sfnck9d6rik0dbnbxr9qlw-libxslt-1.1.37-dev/include
 /nix/store/fyiwac98bi86nd5qzz9bhvs1bvmmwgad-openssl-3.0.8-dev/include
 /nix/store/i1h2yf133m4rfzgfgl0zdxjxniyy6kvg-sqlite-3.40.1-dev/include
 /nix/store/ci7r8mfkdg1b4wgawp6fff6ba6vyf33r-unixODBC-2.3.11/include
 /nix/store/vddrjv0wnknv73njnwzj3in0467dk9qa-harfbuzz-7.0.0-dev/include
 /nix/store/vgasd5zjsvdvq3w7ik13sfyyj1n0m5v7-graphite2-1.3.14/include
 /nix/store/86nsxqcmzcc85qzrsczb33jwqgcyl35g-icu4c-72.1-dev/include
 /nix/store/dra1y7qr8clxdssfx5s1grbg2lvg5ifd-libjpeg-turbo-2.1.4-dev/include
 /nix/store/463cn57ci7xxwr28c1d68zwbr001ka8h-libpng-apng-1.6.39-dev/include
 /nix/store/vr9naiikd2k84ygclm3vlr3agbjcgvzi-pcre2-10.42-dev/include
 /nix/store/zc41j2il39qmw9kfwa0zl37dz4izcjdp-pcre-8.45-dev/include
 /nix/store/k4w3vafb6k1b3zc2a6v1lr4w0iknnp65-libproxy-0.4.18-dev/include
 /nix/store/s8axys9hpvwxn5718iwrnyvwms4djz96-zstd-1.5.4-dev/include
 /nix/store/4hx2f3kfk824b3b44mhjgpph426lnj42-double-conversion-3.2.1/include
 /nix/store/d9yf24k5n979y1qy03nlj1mnpijhs5rx-libb2-0.98.1/include
 /nix/store/2pai53mrrahl85w7mbypxmplgx6wfqyd-md4c-0.4.8/include
 /nix/store/l8d014vy8n42sp6r6j3wjqldylcyvqyk-dbus-1.14.4-dev/include
 /nix/store/gqvyvc9ckzijwcw641v6qgg7fz8z63mc-expat-2.5.0-dev/include
 /nix/store/152gsygyjagsirvdg3icmz4px39wddwj-glib-2.74.5-dev/include
 /nix/store/4j08mgygxhi9y3957hbwqn1bg02va18y-libffi-3.4.4-dev/include
 /nix/store/ik1vzp6bfwjxxg0cdcbmyl17yzn8idd4-gettext-0.21/include
 /nix/store/1r3a6ji72zxvkyhqfgq1pymdiyjk93l5-glibc-iconv-2.35/include
 /nix/store/f04f2mxjzx7s34payvq6lna9qcaall3s-mariadb-connector-odbc-3.1.14/include
 /nix/store/2gm71c7yljswz2yz3i6125nx2rwkg9n6-systemd-252.5-dev/include
 /nix/store/1gb83p8c3fkjqyb0l30lz0303jhv088k-util-linux-2.38.1-dev/include
 /nix/store/xj6h98v3mjiqmwqv6zbw51xd3lgzdz7p-mtdev-1.1.6/include
 /nix/store/zmqdq7fj6h273kxz969wr3h7g1jhzgz4-lksctp-tools-1.0.17/include
 /nix/store/dvgpj4kwxp5pxhax93zqv80b4ql8xwla-libselinux-3.3-dev/include
 /nix/store/0p1v5zn2mb55xs9297x5p7vgdnhrjjmf-libsepol-3.3-dev/include
 /nix/store/zl2rzaxviah8cpknrlnpawpfvmjvjh0d-lttng-ust-2.13.1-dev/include
 /nix/store/0hhi25jwagxm00kjwmh2zl395cgfdrfh-liburcu-0.13.2/include
 /nix/store/k7pydn7w2dd03cchddkgzdb94brxisp9-vulkan-headers-1.3.239.0/include
 /nix/store/gxsg7g5higv817948fw3jyamypfc229g-libthai-0.1.29-dev/include
 /nix/store/hq2n7bnn6z2p0p94n4mixbbrsyi1qbdf-libdrm-2.4.114-dev/include
 /nix/store/bin4ww0irasbdvhqqg8lcwjg3025x4pq-libdatrie-2019-12-20-dev/include
 /nix/store/6bdds6632r9fp7mrh27qxjv90d7lzh0y-fontconfig-2.14.0-dev/include
 /nix/store/ybd7brnb5kavanvz40mg2p5pmgnczi85-freetype-2.12.1-dev/include
 /nix/store/abs0rlwm6jh4l1k831fvqggpgfrs91pv-bzip2-1.0.8-dev/include
 /nix/store/84r63sb6w4l1y1ab3vmk3xg84is027y2-brotli-1.0.9-dev/include
 /nix/store/q2sjb83p9kh7j653237wr5xzsdc17sgj-libX11-1.8.4-dev/include
 /nix/store/9d1fbfvijywjsxh5b060qy5dd01cqbrs-xorgproto-2021.5/include
 /nix/store/rr353rjxy36vvakib4cyajjj2r3gqw5x-libxcb-1.14-dev/include
 /nix/store/j4i01gassjbbm5i3x4qczy21pmfw05q2-libXcomposite-0.4.5-dev/include
 /nix/store/dbbvxfbsix59452vbjngfndr8xddb3nc-libXfixes-6.0.0-dev/include
 /nix/store/f5blw2z7jr4h2qkzfdmjkwak142353rq-libXext-1.3.4-dev/include
 /nix/store/jhxfmh0lh0dkk11fpys8350w8hk7ljf7-libXau-1.0.9-dev/include
 /nix/store/dci0q5r0v1j5d7vryy13as7banrix0sj-libXi-1.8-dev/include
 /nix/store/slpgdz4ha0w6y2c25n0ljda4536p9yi4-libXrender-0.9.10-dev/include
 /nix/store/l01q7h5h4wxr880jzxpc5fdrwnbqxfzn-libxkbcommon-1.5.0-dev/include
 /nix/store/9qzw3zscs3b4gc97bsaq991iifgz4977-xcb-util-0.4.0-dev/include
 /nix/store/cwvwhmigx77mydbv1h51pp2l2vijr2rs-xcb-util-image-0.4.0-dev/include
 /nix/store/v0qpk37hyfrpgga44f58yrb36gpay3ks-xcb-util-keysyms-0.4.0-dev/include
 /nix/store/x45m835963ss4all6g03wms91284j904-xcb-util-renderutil-0.3.9-dev/include
 /nix/store/qhjq1dap6j4h5g3srizm6dkshz63zdwv-xcb-util-wm-0.4.1-dev/include
 /nix/store/dzkwzx2qnhsx7938ywxqvygw5n28gy63-libXdmcp-1.1.3-dev/include
 /nix/store/75jd6r549krqxk1iq5cl4slrr4vci11n-libXtst-1.2.3/include
 /nix/store/rkz9zhzj975y9hvb8kav017da08hgq2b-xcb-util-cursor-0.1.3-dev/include
 /nix/store/dvrxv7fvlkj5cbjq6262m6f4jdpdvmxx-libepoxy-1.5.10-dev/include
 /nix/store/fqwihpqn2wmhjqw251w1r7dyw659abrh-libGL-1.6.0-dev/include
 /nix/store/xr3l5mnqwgminijy321myshjx6w55530-qtsvg-6.4.2-dev/include
 /nix/store/a85vmwd6cgixmd25226zr4awdvh50xyd-quazip-1.3-dev/include
 /nix/store/jf4k9zv0nn0dij7jyh9cb7l2s4h5p65y-qt5compat-6.4.2-dev/include
 /nix/store/cj4cjywrz168aijw38dysql6ksafnbjs-qtdeclarative-6.4.2-dev/include
 /nix/store/mnpx93zc62xwqlkx0bycrab6604cdhcm-qtshadertools-6.4.2-dev/include
 /nix/store/iw1vmh509hcbby8dbpsaanbri4zsq7dj-python3-3.10.10/include
 /nix/store/h9a8m4y88pn2jg8h96j6i2blgzarrvcx-filesystem-1.5.12/include
 /nix/store/5ymj2l7wacvb1b154v5mhlhng406ds0k-tomlplusplus-3.3.0/include
 /nix/store/dkbq5hvylsc0d76lgmwyx4jm2pld63sl-cmark-0.30.3/include
 /nix/store/4gxhcwhrh92pn91ax09wxgqg2pqj9i61-qtwayland-6.4.2-dev/include
 /nix/store/wzrqym8dzidzhvm5h308kzqcan2zbf5j-gamemode-1.7-dev/include
 /nix/store/wx4nsqbssywgx9zkabwgl9sxm5l61ni3-gcc-12.2.0/lib/gcc/x86_64-unknown-linux-gnu/12.2.0/../../../../include/c++/12.2.0
 /nix/store/wx4nsqbssywgx9zkabwgl9sxm5l61ni3-gcc-12.2.0/lib/gcc/x86_64-unknown-linux-gnu/12.2.0/../../../../include/c++/12.2.0/x86_64-unknown-linux-gnu
 /nix/store/wx4nsqbssywgx9zkabwgl9sxm5l61ni3-gcc-12.2.0/lib/gcc/x86_64-unknown-linux-gnu/12.2.0/../../../../include/c++/12.2.0/backward
 /nix/store/wx4nsqbssywgx9zkabwgl9sxm5l61ni3-gcc-12.2.0/lib/gcc/x86_64-unknown-linux-gnu/12.2.0/include
 /nix/store/wx4nsqbssywgx9zkabwgl9sxm5l61ni3-gcc-12.2.0/include
 /nix/store/wx4nsqbssywgx9zkabwgl9sxm5l61ni3-gcc-12.2.0/lib/gcc/x86_64-unknown-linux-gnu/12.2.0/include-fixed
 /nix/store/pqnd39aq2sksad2zvswjcpkqdc7ig3f9-glibc-2.35-224-dev/include
End of search list.
GNU C++17 (GCC) version 12.2.0 (x86_64-unknown-linux-gnu)
	compiled by GNU C version 12.2.0, GMP version 6.2.1, MPFR version 4.2.0, MPC version 1.3.1, isl version isl-0.20-GMP

GGC heuristics: --param ggc-min-expand=100 --param ggc-min-heapsize=131072
Compiler executable checksum: 35cbf0db34644892c62625ba2ed772f1
COLLECT_GCC_OPTIONS='-fPIC' '-Wformat=1' '-Wformat-security' '-Werror=format-security' '-fstack-protector-strong' '--param=ssp-buffer-size=4' '-O2' '-U' '_FORTIFY_SOURCE' '-D' '_FORTIFY_SOURCE=2' '-fno-strict-overflow' '-v' '-o' 'CMakeFiles/cmTC_0878c.dir/CMakeCXXCompilerABI.cpp.o' '-c' '-B' '/nix/store/76l4v99sk83ylfwkz8wmwrm4s8h73rhd-glibc-2.35-224/lib/' '-idirafter' '/nix/store/pqnd39aq2sksad2zvswjcpkqdc7ig3f9-glibc-2.35-224-dev/include' '-idirafter' '/nix/store/wx4nsqbssywgx9zkabwgl9sxm5l61ni3-gcc-12.2.0/lib/gcc/x86_64-unknown-linux-gnu/12.2.0/include-fixed' '-B' '/nix/store/2w4k8nvdyiggz717ygbbxchpnxrqc6y9-gcc-12.2.0-lib/lib' '-B' '/nix/store/bfbp3ypd9nm3fapz634gvvs738blrl0y-gcc-wrapper-12.2.0/bin/' '-frandom-seed=sy5449x9ji' '-D' 'QT_NO_DEBUG' '-isystem' '/nix/store/va9r2bdg56jc6qizpm6dyb97lnxfrhsy-file-5.44/include' '-isystem' '/nix/store/jkv8vb24ab371hlsp55fj953kwh01m8n-openjdk-17.0.6+10/include' '-isystem' '/nix/store/i9cf4vmk6kfqlds56vfllmmz0zdk7rp0-qtbase-6.4.2-dev/include' '-isystem' '/nix/store/0z5wasald7dmipjpbx8kw31pj0kzjxpg-libxml2-2.10.3-dev/include' '-isystem' '/nix/store/qgqsyg7gmqy3fz6shvzhcc7m7pkfw2ig-zlib-1.2.13-dev/include' '-isystem' '/nix/store/i57f5lhc83sfnck9d6rik0dbnbxr9qlw-libxslt-1.1.37-dev/include' '-isystem' '/nix/store/fyiwac98bi86nd5qzz9bhvs1bvmmwgad-openssl-3.0.8-dev/include' '-isystem' '/nix/store/i1h2yf133m4rfzgfgl0zdxjxniyy6kvg-sqlite-3.40.1-dev/include' '-isystem' '/nix/store/ci7r8mfkdg1b4wgawp6fff6ba6vyf33r-unixODBC-2.3.11/include' '-isystem' '/nix/store/vddrjv0wnknv73njnwzj3in0467dk9qa-harfbuzz-7.0.0-dev/include' '-isystem' '/nix/store/vgasd5zjsvdvq3w7ik13sfyyj1n0m5v7-graphite2-1.3.14/include' '-isystem' '/nix/store/86nsxqcmzcc85qzrsczb33jwqgcyl35g-icu4c-72.1-dev/include' '-isystem' '/nix/store/dra1y7qr8clxdssfx5s1grbg2lvg5ifd-libjpeg-turbo-2.1.4-dev/include' '-isystem' '/nix/store/463cn57ci7xxwr28c1d68zwbr001ka8h-libpng-apng-1.6.39-dev/include' '-isystem' '/nix/store/vr9naiikd2k84ygclm3vlr3agbjcgvzi-pcre2-10.42-dev/include' '-isystem' '/nix/store/zc41j2il39qmw9kfwa0zl37dz4izcjdp-pcre-8.45-dev/include' '-isystem' '/nix/store/k4w3vafb6k1b3zc2a6v1lr4w0iknnp65-libproxy-0.4.18-dev/include' '-isystem' '/nix/store/s8axys9hpvwxn5718iwrnyvwms4djz96-zstd-1.5.4-dev/include' '-isystem' '/nix/store/4hx2f3kfk824b3b44mhjgpph426lnj42-double-conversion-3.2.1/include' '-isystem' '/nix/store/d9yf24k5n979y1qy03nlj1mnpijhs5rx-libb2-0.98.1/include' '-isystem' '/nix/store/2pai53mrrahl85w7mbypxmplgx6wfqyd-md4c-0.4.8/include' '-isystem' '/nix/store/l8d014vy8n42sp6r6j3wjqldylcyvqyk-dbus-1.14.4-dev/include' '-isystem' '/nix/store/gqvyvc9ckzijwcw641v6qgg7fz8z63mc-expat-2.5.0-dev/include' '-isystem' '/nix/store/152gsygyjagsirvdg3icmz4px39wddwj-glib-2.74.5-dev/include' '-isystem' '/nix/store/4j08mgygxhi9y3957hbwqn1bg02va18y-libffi-3.4.4-dev/include' '-isystem' '/nix/store/ik1vzp6bfwjxxg0cdcbmyl17yzn8idd4-gettext-0.21/include' '-isystem' '/nix/store/1r3a6ji72zxvkyhqfgq1pymdiyjk93l5-glibc-iconv-2.35/include' '-isystem' '/nix/store/f04f2mxjzx7s34payvq6lna9qcaall3s-mariadb-connector-odbc-3.1.14/include' '-isystem' '/nix/store/2gm71c7yljswz2yz3i6125nx2rwkg9n6-systemd-252.5-dev/include' '-isystem' '/nix/store/1gb83p8c3fkjqyb0l30lz0303jhv088k-util-linux-2.38.1-dev/include' '-isystem' '/nix/store/xj6h98v3mjiqmwqv6zbw51xd3lgzdz7p-mtdev-1.1.6/include' '-isystem' '/nix/store/zmqdq7fj6h273kxz969wr3h7g1jhzgz4-lksctp-tools-1.0.17/include' '-isystem' '/nix/store/dvgpj4kwxp5pxhax93zqv80b4ql8xwla-libselinux-3.3-dev/include' '-isystem' '/nix/store/0p1v5zn2mb55xs9297x5p7vgdnhrjjmf-libsepol-3.3-dev/include' '-isystem' '/nix/store/zl2rzaxviah8cpknrlnpawpfvmjvjh0d-lttng-ust-2.13.1-dev/include' '-isystem' '/nix/store/0hhi25jwagxm00kjwmh2zl395cgfdrfh-liburcu-0.13.2/include' '-isystem' '/nix/store/k7pydn7w2dd03cchddkgzdb94brxisp9-vulkan-headers-1.3.239.0/include' '-isystem' '/nix/store/gxsg7g5higv817948fw3jyamypfc229g-libthai-0.1.29-dev/include' '-isystem' '/nix/store/hq2n7bnn6z2p0p94n4mixbbrsyi1qbdf-libdrm-2.4.114-dev/include' '-isystem' '/nix/store/bin4ww0irasbdvhqqg8lcwjg3025x4pq-libdatrie-2019-12-20-dev/include' '-isystem' '/nix/store/6bdds6632r9fp7mrh27qxjv90d7lzh0y-fontconfig-2.14.0-dev/include' '-isystem' '/nix/store/ybd7brnb5kavanvz40mg2p5pmgnczi85-freetype-2.12.1-dev/include' '-isystem' '/nix/store/abs0rlwm6jh4l1k831fvqggpgfrs91pv-bzip2-1.0.8-dev/include' '-isystem' '/nix/store/84r63sb6w4l1y1ab3vmk3xg84is027y2-brotli-1.0.9-dev/include' '-isystem' '/nix/store/q2sjb83p9kh7j653237wr5xzsdc17sgj-libX11-1.8.4-dev/include' '-isystem' '/nix/store/9d1fbfvijywjsxh5b060qy5dd01cqbrs-xorgproto-2021.5/include' '-isystem' '/nix/store/rr353rjxy36vvakib4cyajjj2r3gqw5x-libxcb-1.14-dev/include' '-isystem' '/nix/store/j4i01gassjbbm5i3x4qczy21pmfw05q2-libXcomposite-0.4.5-dev/include' '-isystem' '/nix/store/dbbvxfbsix59452vbjngfndr8xddb3nc-libXfixes-6.0.0-dev/include' '-isystem' '/nix/store/f5blw2z7jr4h2qkzfdmjkwak142353rq-libXext-1.3.4-dev/include' '-isystem' '/nix/store/jhxfmh0lh0dkk11fpys8350w8hk7ljf7-libXau-1.0.9-dev/include' '-isystem' '/nix/store/dci0q5r0v1j5d7vryy13as7banrix0sj-libXi-1.8-dev/include' '-isystem' '/nix/store/slpgdz4ha0w6y2c25n0ljda4536p9yi4-libXrender-0.9.10-dev/include' '-isystem' '/nix/store/l01q7h5h4wxr880jzxpc5fdrwnbqxfzn-libxkbcommon-1.5.0-dev/include' '-isystem' '/nix/store/9qzw3zscs3b4gc97bsaq991iifgz4977-xcb-util-0.4.0-dev/include' '-isystem' '/nix/store/cwvwhmigx77mydbv1h51pp2l2vijr2rs-xcb-util-image-0.4.0-dev/include' '-isystem' '/nix/store/v0qpk37hyfrpgga44f58yrb36gpay3ks-xcb-util-keysyms-0.4.0-dev/include' '-isystem' '/nix/store/x45m835963ss4all6g03wms91284j904-xcb-util-renderutil-0.3.9-dev/include' '-isystem' '/nix/store/qhjq1dap6j4h5g3srizm6dkshz63zdwv-xcb-util-wm-0.4.1-dev/include' '-isystem' '/nix/store/dzkwzx2qnhsx7938ywxqvygw5n28gy63-libXdmcp-1.1.3-dev/include' '-isystem' '/nix/store/75jd6r549krqxk1iq5cl4slrr4vci11n-libXtst-1.2.3/include' '-isystem' '/nix/store/rkz9zhzj975y9hvb8kav017da08hgq2b-xcb-util-cursor-0.1.3-dev/include' '-isystem' '/nix/store/dvrxv7fvlkj5cbjq6262m6f4jdpdvmxx-libepoxy-1.5.10-dev/include' '-isystem' '/nix/store/fqwihpqn2wmhjqw251w1r7dyw659abrh-libGL-1.6.0-dev/include' '-isystem' '/nix/store/y7fpp50b5l7l4g5hk76w2mm2p8jhrwyg-libglvnd-1.6.0-dev/include' '-isystem' '/nix/store/xr3l5mnqwgminijy321myshjx6w55530-qtsvg-6.4.2-dev/include' '-isystem' '/nix/store/a85vmwd6cgixmd25226zr4awdvh50xyd-quazip-1.3-dev/include' '-isystem' '/nix/store/jf4k9zv0nn0dij7jyh9cb7l2s4h5p65y-qt5compat-6.4.2-dev/include' '-isystem' '/nix/store/cj4cjywrz168aijw38dysql6ksafnbjs-qtdeclarative-6.4.2-dev/include' '-isystem' '/nix/store/mnpx93zc62xwqlkx0bycrab6604cdhcm-qtshadertools-6.4.2-dev/include' '-isystem' '/nix/store/iw1vmh509hcbby8dbpsaanbri4zsq7dj-python3-3.10.10/include' '-isystem' '/nix/store/h9a8m4y88pn2jg8h96j6i2blgzarrvcx-filesystem-1.5.12/include' '-isystem' '/nix/store/5ymj2l7wacvb1b154v5mhlhng406ds0k-tomlplusplus-3.3.0/include' '-isystem' '/nix/store/dkbq5hvylsc0d76lgmwyx4jm2pld63sl-cmark-0.30.3/include' '-isystem' '/nix/store/4gxhcwhrh92pn91ax09wxgqg2pqj9i61-qtwayland-6.4.2-dev/include' '-isystem' '/nix/store/wzrqym8dzidzhvm5h308kzqcan2zbf5j-gamemode-1.7-dev/include' '-isystem' '/nix/store/va9r2bdg56jc6qizpm6dyb97lnxfrhsy-file-5.44/include' '-isystem' '/nix/store/jkv8vb24ab371hlsp55fj953kwh01m8n-openjdk-17.0.6+10/include' '-isystem' '/nix/store/i9cf4vmk6kfqlds56vfllmmz0zdk7rp0-qtbase-6.4.2-dev/include' '-isystem' '/nix/store/0z5wasald7dmipjpbx8kw31pj0kzjxpg-libxml2-2.10.3-dev/include' '-isystem' '/nix/store/qgqsyg7gmqy3fz6shvzhcc7m7pkfw2ig-zlib-1.2.13-dev/include' '-isystem' '/nix/store/i57f5lhc83sfnck9d6rik0dbnbxr9qlw-libxslt-1.1.37-dev/include' '-isystem' '/nix/store/fyiwac98bi86nd5qzz9bhvs1bvmmwgad-openssl-3.0.8-dev/include' '-isystem' '/nix/store/i1h2yf133m4rfzgfgl0zdxjxniyy6kvg-sqlite-3.40.1-dev/include' '-isystem' '/nix/store/ci7r8mfkdg1b4wgawp6fff6ba6vyf33r-unixODBC-2.3.11/include' '-isystem' '/nix/store/vddrjv0wnknv73njnwzj3in0467dk9qa-harfbuzz-7.0.0-dev/include' '-isystem' '/nix/store/vgasd5zjsvdvq3w7ik13sfyyj1n0m5v7-graphite2-1.3.14/include' '-isystem' '/nix/store/86nsxqcmzcc85qzrsczb33jwqgcyl35g-icu4c-72.1-dev/include' '-isystem' '/nix/store/dra1y7qr8clxdssfx5s1grbg2lvg5ifd-libjpeg-turbo-2.1.4-dev/include' '-isystem' '/nix/store/463cn57ci7xxwr28c1d68zwbr001ka8h-libpng-apng-1.6.39-dev/include' '-isystem' '/nix/store/vr9naiikd2k84ygclm3vlr3agbjcgvzi-pcre2-10.42-dev/include' '-isystem' '/nix/store/zc41j2il39qmw9kfwa0zl37dz4izcjdp-pcre-8.45-dev/include' '-isystem' '/nix/store/k4w3vafb6k1b3zc2a6v1lr4w0iknnp65-libproxy-0.4.18-dev/include' '-isystem' '/nix/store/s8axys9hpvwxn5718iwrnyvwms4djz96-zstd-1.5.4-dev/include' '-isystem' '/nix/store/4hx2f3kfk824b3b44mhjgpph426lnj42-double-conversion-3.2.1/include' '-isystem' '/nix/store/d9yf24k5n979y1qy03nlj1mnpijhs5rx-libb2-0.98.1/include' '-isystem' '/nix/store/2pai53mrrahl85w7mbypxmplgx6wfqyd-md4c-0.4.8/include' '-isystem' '/nix/store/l8d014vy8n42sp6r6j3wjqldylcyvqyk-dbus-1.14.4-dev/include' '-isystem' '/nix/store/gqvyvc9ckzijwcw641v6qgg7fz8z63mc-expat-2.5.0-dev/include' '-isystem' '/nix/store/152gsygyjagsirvdg3icmz4px39wddwj-glib-2.74.5-dev/include' '-isystem' '/nix/store/4j08mgygxhi9y3957hbwqn1bg02va18y-libffi-3.4.4-dev/include' '-isystem' '/nix/store/ik1vzp6bfwjxxg0cdcbmyl17yzn8idd4-gettext-0.21/include' '-isystem' '/nix/store/1r3a6ji72zxvkyhqfgq1pymdiyjk93l5-glibc-iconv-2.35/include' '-isystem' '/nix/store/f04f2mxjzx7s34payvq6lna9qcaall3s-mariadb-connector-odbc-3.1.14/include' '-isystem' '/nix/store/2gm71c7yljswz2yz3i6125nx2rwkg9n6-systemd-252.5-dev/include' '-isystem' '/nix/store/1gb83p8c3fkjqyb0l30lz0303jhv088k-util-linux-2.38.1-dev/include' '-isystem' '/nix/store/xj6h98v3mjiqmwqv6zbw51xd3lgzdz7p-mtdev-1.1.6/include' '-isystem' '/nix/store/zmqdq7fj6h273kxz969wr3h7g1jhzgz4-lksctp-tools-1.0.17/include' '-isystem' '/nix/store/dvgpj4kwxp5pxhax93zqv80b4ql8xwla-libselinux-3.3-dev/include' '-isystem' '/nix/store/0p1v5zn2mb55xs9297x5p7vgdnhrjjmf-libsepol-3.3-dev/include' '-isystem' '/nix/store/zl2rzaxviah8cpknrlnpawpfvmjvjh0d-lttng-ust-2.13.1-dev/include' '-isystem' '/nix/store/0hhi25jwagxm00kjwmh2zl395cgfdrfh-liburcu-0.13.2/include' '-isystem' '/nix/store/k7pydn7w2dd03cchddkgzdb94brxisp9-vulkan-headers-1.3.239.0/include' '-isystem' '/nix/store/gxsg7g5higv817948fw3jyamypfc229g-libthai-0.1.29-dev/include' '-isystem' '/nix/store/hq2n7bnn6z2p0p94n4mixbbrsyi1qbdf-libdrm-2.4.114-dev/include' '-isystem' '/nix/store/bin4ww0irasbdvhqqg8lcwjg3025x4pq-libdatrie-2019-12-20-dev/include' '-isystem' '/nix/store/6bdds6632r9fp7mrh27qxjv90d7lzh0y-fontconfig-2.14.0-dev/include' '-isystem' '/nix/store/ybd7brnb5kavanvz40mg2p5pmgnczi85-freetype-2.12.1-dev/include' '-isystem' '/nix/store/abs0rlwm6jh4l1k831fvqggpgfrs91pv-bzip2-1.0.8-dev/include' '-isystem' '/nix/store/84r63sb6w4l1y1ab3vmk3xg84is027y2-brotli-1.0.9-dev/include' '-isystem' '/nix/store/q2sjb83p9kh7j653237wr5xzsdc17sgj-libX11-1.8.4-dev/include' '-isystem' '/nix/store/9d1fbfvijywjsxh5b060qy5dd01cqbrs-xorgproto-2021.5/include' '-isystem' '/nix/store/rr353rjxy36vvakib4cyajjj2r3gqw5x-libxcb-1.14-dev/include' '-isystem' '/nix/store/j4i01gassjbbm5i3x4qczy21pmfw05q2-libXcomposite-0.4.5-dev/include' '-isystem' '/nix/store/dbbvxfbsix59452vbjngfndr8xddb3nc-libXfixes-6.0.0-dev/include' '-isystem' '/nix/store/f5blw2z7jr4h2qkzfdmjkwak142353rq-libXext-1.3.4-dev/include' '-isystem' '/nix/store/jhxfmh0lh0dkk11fpys8350w8hk7ljf7-libXau-1.0.9-dev/include' '-isystem' '/nix/store/dci0q5r0v1j5d7vryy13as7banrix0sj-libXi-1.8-dev/include' '-isystem' '/nix/store/slpgdz4ha0w6y2c25n0ljda4536p9yi4-libXrender-0.9.10-dev/include' '-isystem' '/nix/store/l01q7h5h4wxr880jzxpc5fdrwnbqxfzn-libxkbcommon-1.5.0-dev/include' '-isystem' '/nix/store/9qzw3zscs3b4gc97bsaq991iifgz4977-xcb-util-0.4.0-dev/include' '-isystem' '/nix/store/cwvwhmigx77mydbv1h51pp2l2vijr2rs-xcb-util-image-0.4.0-dev/include' '-isystem' '/nix/store/v0qpk37hyfrpgga44f58yrb36gpay3ks-xcb-util-keysyms-0.4.0-dev/include' '-isystem' '/nix/store/x45m835963ss4all6g03wms91284j904-xcb-util-renderutil-0.3.9-dev/include' '-isystem' '/nix/store/qhjq1dap6j4h5g3srizm6dkshz63zdwv-xcb-util-wm-0.4.1-dev/include' '-isystem' '/nix/store/dzkwzx2qnhsx7938ywxqvygw5n28gy63-libXdmcp-1.1.3-dev/include' '-isystem' '/nix/store/75jd6r549krqxk1iq5cl4slrr4vci11n-libXtst-1.2.3/include' '-isystem' '/nix/store/rkz9zhzj975y9hvb8kav017da08hgq2b-xcb-util-cursor-0.1.3-dev/include' '-isystem' '/nix/store/dvrxv7fvlkj5cbjq6262m6f4jdpdvmxx-libepoxy-1.5.10-dev/include' '-isystem' '/nix/store/fqwihpqn2wmhjqw251w1r7dyw659abrh-libGL-1.6.0-dev/include' '-isystem' '/nix/store/y7fpp50b5l7l4g5hk76w2mm2p8jhrwyg-libglvnd-1.6.0-dev/include' '-isystem' '/nix/store/xr3l5mnqwgminijy321myshjx6w55530-qtsvg-6.4.2-dev/include' '-isystem' '/nix/store/a85vmwd6cgixmd25226zr4awdvh50xyd-quazip-1.3-dev/include' '-isystem' '/nix/store/jf4k9zv0nn0dij7jyh9cb7l2s4h5p65y-qt5compat-6.4.2-dev/include' '-isystem' '/nix/store/cj4cjywrz168aijw38dysql6ksafnbjs-qtdeclarative-6.4.2-dev/include' '-isystem' '/nix/store/mnpx93zc62xwqlkx0bycrab6604cdhcm-qtshadertools-6.4.2-dev/include' '-isystem' '/nix/store/iw1vmh509hcbby8dbpsaanbri4zsq7dj-python3-3.10.10/include' '-isystem' '/nix/store/h9a8m4y88pn2jg8h96j6i2blgzarrvcx-filesystem-1.5.12/include' '-isystem' '/nix/store/5ymj2l7wacvb1b154v5mhlhng406ds0k-tomlplusplus-3.3.0/include' '-isystem' '/nix/store/dkbq5hvylsc0d76lgmwyx4jm2pld63sl-cmark-0.30.3/include' '-isystem' '/nix/store/4gxhcwhrh92pn91ax09wxgqg2pqj9i61-qtwayland-6.4.2-dev/include' '-isystem' '/nix/store/wzrqym8dzidzhvm5h308kzqcan2zbf5j-gamemode-1.7-dev/include' '-shared-libgcc' '-mtune=generic' '-march=x86-64' '-dumpdir' 'CMakeFiles/cmTC_0878c.dir/'
 /nix/store/bfbp3ypd9nm3fapz634gvvs738blrl0y-gcc-wrapper-12.2.0/bin/as -v --64 -o CMakeFiles/cmTC_0878c.dir/CMakeCXXCompilerABI.cpp.o /tmp/nix-shell.QeuHwI/ccXlxQ63.s
GNU assembler version 2.40 (x86_64-unknown-linux-gnu) using BFD version (GNU Binutils) 2.40
COMPILER_PATH=/nix/store/76l4v99sk83ylfwkz8wmwrm4s8h73rhd-glibc-2.35-224/lib/:/nix/store/2w4k8nvdyiggz717ygbbxchpnxrqc6y9-gcc-12.2.0-lib/lib/:/nix/store/bfbp3ypd9nm3fapz634gvvs738blrl0y-gcc-wrapper-12.2.0/bin/:/nix/store/wx4nsqbssywgx9zkabwgl9sxm5l61ni3-gcc-12.2.0/libexec/gcc/x86_64-unknown-linux-gnu/12.2.0/:/nix/store/wx4nsqbssywgx9zkabwgl9sxm5l61ni3-gcc-12.2.0/libexec/gcc/x86_64-unknown-linux-gnu/12.2.0/:/nix/store/wx4nsqbssywgx9zkabwgl9sxm5l61ni3-gcc-12.2.0/libexec/gcc/x86_64-unknown-linux-gnu/:/nix/store/wx4nsqbssywgx9zkabwgl9sxm5l61ni3-gcc-12.2.0/lib/gcc/x86_64-unknown-linux-gnu/12.2.0/:/nix/store/wx4nsqbssywgx9zkabwgl9sxm5l61ni3-gcc-12.2.0/lib/gcc/x86_64-unknown-linux-gnu/
LIBRARY_PATH=/nix/store/76l4v99sk83ylfwkz8wmwrm4s8h73rhd-glibc-2.35-224/lib/:/nix/store/2w4k8nvdyiggz717ygbbxchpnxrqc6y9-gcc-12.2.0-lib/lib/:/nix/store/bfbp3ypd9nm3fapz634gvvs738blrl0y-gcc-wrapper-12.2.0/bin/:/nix/store/wx4nsqbssywgx9zkabwgl9sxm5l61ni3-gcc-12.2.0/lib/gcc/x86_64-unknown-linux-gnu/12.2.0/:/nix/store/wx4nsqbssywgx9zkabwgl9sxm5l61ni3-gcc-12.2.0/lib/gcc/x86_64-unknown-linux-gnu/12.2.0/../../../../lib64/:/nix/store/wx4nsqbssywgx9zkabwgl9sxm5l61ni3-gcc-12.2.0/lib/gcc/x86_64-unknown-linux-gnu/12.2.0/../../../
COLLECT_GCC_OPTIONS='-fPIC' '-Wformat=1' '-Wformat-security' '-Werror=format-security' '-fstack-protector-strong' '--param=ssp-buffer-size=4' '-O2' '-U' '_FORTIFY_SOURCE' '-D' '_FORTIFY_SOURCE=2' '-fno-strict-overflow' '-v' '-o' 'CMakeFiles/cmTC_0878c.dir/CMakeCXXCompilerABI.cpp.o' '-c' '-B' '/nix/store/76l4v99sk83ylfwkz8wmwrm4s8h73rhd-glibc-2.35-224/lib/' '-idirafter' '/nix/store/pqnd39aq2sksad2zvswjcpkqdc7ig3f9-glibc-2.35-224-dev/include' '-idirafter' '/nix/store/wx4nsqbssywgx9zkabwgl9sxm5l61ni3-gcc-12.2.0/lib/gcc/x86_64-unknown-linux-gnu/12.2.0/include-fixed' '-B' '/nix/store/2w4k8nvdyiggz717ygbbxchpnxrqc6y9-gcc-12.2.0-lib/lib' '-B' '/nix/store/bfbp3ypd9nm3fapz634gvvs738blrl0y-gcc-wrapper-12.2.0/bin/' '-frandom-seed=sy5449x9ji' '-D' 'QT_NO_DEBUG' '-isystem' '/nix/store/va9r2bdg56jc6qizpm6dyb97lnxfrhsy-file-5.44/include' '-isystem' '/nix/store/jkv8vb24ab371hlsp55fj953kwh01m8n-openjdk-17.0.6+10/include' '-isystem' '/nix/store/i9cf4vmk6kfqlds56vfllmmz0zdk7rp0-qtbase-6.4.2-dev/include' '-isystem' '/nix/store/0z5wasald7dmipjpbx8kw31pj0kzjxpg-libxml2-2.10.3-dev/include' '-isystem' '/nix/store/qgqsyg7gmqy3fz6shvzhcc7m7pkfw2ig-zlib-1.2.13-dev/include' '-isystem' '/nix/store/i57f5lhc83sfnck9d6rik0dbnbxr9qlw-libxslt-1.1.37-dev/include' '-isystem' '/nix/store/fyiwac98bi86nd5qzz9bhvs1bvmmwgad-openssl-3.0.8-dev/include' '-isystem' '/nix/store/i1h2yf133m4rfzgfgl0zdxjxniyy6kvg-sqlite-3.40.1-dev/include' '-isystem' '/nix/store/ci7r8mfkdg1b4wgawp6fff6ba6vyf33r-unixODBC-2.3.11/include' '-isystem' '/nix/store/vddrjv0wnknv73njnwzj3in0467dk9qa-harfbuzz-7.0.0-dev/include' '-isystem' '/nix/store/vgasd5zjsvdvq3w7ik13sfyyj1n0m5v7-graphite2-1.3.14/include' '-isystem' '/nix/store/86nsxqcmzcc85qzrsczb33jwqgcyl35g-icu4c-72.1-dev/include' '-isystem' '/nix/store/dra1y7qr8clxdssfx5s1grbg2lvg5ifd-libjpeg-turbo-2.1.4-dev/include' '-isystem' '/nix/store/463cn57ci7xxwr28c1d68zwbr001ka8h-libpng-apng-1.6.39-dev/include' '-isystem' '/nix/store/vr9naiikd2k84ygclm3vlr3agbjcgvzi-pcre2-10.42-dev/include' '-isystem' '/nix/store/zc41j2il39qmw9kfwa0zl37dz4izcjdp-pcre-8.45-dev/include' '-isystem' '/nix/store/k4w3vafb6k1b3zc2a6v1lr4w0iknnp65-libproxy-0.4.18-dev/include' '-isystem' '/nix/store/s8axys9hpvwxn5718iwrnyvwms4djz96-zstd-1.5.4-dev/include' '-isystem' '/nix/store/4hx2f3kfk824b3b44mhjgpph426lnj42-double-conversion-3.2.1/include' '-isystem' '/nix/store/d9yf24k5n979y1qy03nlj1mnpijhs5rx-libb2-0.98.1/include' '-isystem' '/nix/store/2pai53mrrahl85w7mbypxmplgx6wfqyd-md4c-0.4.8/include' '-isystem' '/nix/store/l8d014vy8n42sp6r6j3wjqldylcyvqyk-dbus-1.14.4-dev/include' '-isystem' '/nix/store/gqvyvc9ckzijwcw641v6qgg7fz8z63mc-expat-2.5.0-dev/include' '-isystem' '/nix/store/152gsygyjagsirvdg3icmz4px39wddwj-glib-2.74.5-dev/include' '-isystem' '/nix/store/4j08mgygxhi9y3957hbwqn1bg02va18y-libffi-3.4.4-dev/include' '-isystem' '/nix/store/ik1vzp6bfwjxxg0cdcbmyl17yzn8idd4-gettext-0.21/include' '-isystem' '/nix/store/1r3a6ji72zxvkyhqfgq1pymdiyjk93l5-glibc-iconv-2.35/include' '-isystem' '/nix/store/f04f2mxjzx7s34payvq6lna9qcaall3s-mariadb-connector-odbc-3.1.14/include' '-isystem' '/nix/store/2gm71c7yljswz2yz3i6125nx2rwkg9n6-systemd-252.5-dev/include' '-isystem' '/nix/store/1gb83p8c3fkjqyb0l30lz0303jhv088k-util-linux-2.38.1-dev/include' '-isystem' '/nix/store/xj6h98v3mjiqmwqv6zbw51xd3lgzdz7p-mtdev-1.1.6/include' '-isystem' '/nix/store/zmqdq7fj6h273kxz969wr3h7g1jhzgz4-lksctp-tools-1.0.17/include' '-isystem' '/nix/store/dvgpj4kwxp5pxhax93zqv80b4ql8xwla-libselinux-3.3-dev/include' '-isystem' '/nix/store/0p1v5zn2mb55xs9297x5p7vgdnhrjjmf-libsepol-3.3-dev/include' '-isystem' '/nix/store/zl2rzaxviah8cpknrlnpawpfvmjvjh0d-lttng-ust-2.13.1-dev/include' '-isystem' '/nix/store/0hhi25jwagxm00kjwmh2zl395cgfdrfh-liburcu-0.13.2/include' '-isystem' '/nix/store/k7pydn7w2dd03cchddkgzdb94brxisp9-vulkan-headers-1.3.239.0/include' '-isystem' '/nix/store/gxsg7g5higv817948fw3jyamypfc229g-libthai-0.1.29-dev/include' '-isystem' '/nix/store/hq2n7bnn6z2p0p94n4mixbbrsyi1qbdf-libdrm-2.4.114-dev/include' '-isystem' '/nix/store/bin4ww0irasbdvhqqg8lcwjg3025x4pq-libdatrie-2019-12-20-dev/include' '-isystem' '/nix/store/6bdds6632r9fp7mrh27qxjv90d7lzh0y-fontconfig-2.14.0-dev/include' '-isystem' '/nix/store/ybd7brnb5kavanvz40mg2p5pmgnczi85-freetype-2.12.1-dev/include' '-isystem' '/nix/store/abs0rlwm6jh4l1k831fvqggpgfrs91pv-bzip2-1.0.8-dev/include' '-isystem' '/nix/store/84r63sb6w4l1y1ab3vmk3xg84is027y2-brotli-1.0.9-dev/include' '-isystem' '/nix/store/q2sjb83p9kh7j653237wr5xzsdc17sgj-libX11-1.8.4-dev/include' '-isystem' '/nix/store/9d1fbfvijywjsxh5b060qy5dd01cqbrs-xorgproto-2021.5/include' '-isystem' '/nix/store/rr353rjxy36vvakib4cyajjj2r3gqw5x-libxcb-1.14-dev/include' '-isystem' '/nix/store/j4i01gassjbbm5i3x4qczy21pmfw05q2-libXcomposite-0.4.5-dev/include' '-isystem' '/nix/store/dbbvxfbsix59452vbjngfndr8xddb3nc-libXfixes-6.0.0-dev/include' '-isystem' '/nix/store/f5blw2z7jr4h2qkzfdmjkwak142353rq-libXext-1.3.4-dev/include' '-isystem' '/nix/store/jhxfmh0lh0dkk11fpys8350w8hk7ljf7-libXau-1.0.9-dev/include' '-isystem' '/nix/store/dci0q5r0v1j5d7vryy13as7banrix0sj-libXi-1.8-dev/include' '-isystem' '/nix/store/slpgdz4ha0w6y2c25n0ljda4536p9yi4-libXrender-0.9.10-dev/include' '-isystem' '/nix/store/l01q7h5h4wxr880jzxpc5fdrwnbqxfzn-libxkbcommon-1.5.0-dev/include' '-isystem' '/nix/store/9qzw3zscs3b4gc97bsaq991iifgz4977-xcb-util-0.4.0-dev/include' '-isystem' '/nix/store/cwvwhmigx77mydbv1h51pp2l2vijr2rs-xcb-util-image-0.4.0-dev/include' '-isystem' '/nix/store/v0qpk37hyfrpgga44f58yrb36gpay3ks-xcb-util-keysyms-0.4.0-dev/include' '-isystem' '/nix/store/x45m835963ss4all6g03wms91284j904-xcb-util-renderutil-0.3.9-dev/include' '-isystem' '/nix/store/qhjq1dap6j4h5g3srizm6dkshz63zdwv-xcb-util-wm-0.4.1-dev/include' '-isystem' '/nix/store/dzkwzx2qnhsx7938ywxqvygw5n28gy63-libXdmcp-1.1.3-dev/include' '-isystem' '/nix/store/75jd6r549krqxk1iq5cl4slrr4vci11n-libXtst-1.2.3/include' '-isystem' '/nix/store/rkz9zhzj975y9hvb8kav017da08hgq2b-xcb-util-cursor-0.1.3-dev/include' '-isystem' '/nix/store/dvrxv7fvlkj5cbjq6262m6f4jdpdvmxx-libepoxy-1.5.10-dev/include' '-isystem' '/nix/store/fqwihpqn2wmhjqw251w1r7dyw659abrh-libGL-1.6.0-dev/include' '-isystem' '/nix/store/y7fpp50b5l7l4g5hk76w2mm2p8jhrwyg-libglvnd-1.6.0-dev/include' '-isystem' '/nix/store/xr3l5mnqwgminijy321myshjx6w55530-qtsvg-6.4.2-dev/include' '-isystem' '/nix/store/a85vmwd6cgixmd25226zr4awdvh50xyd-quazip-1.3-dev/include' '-isystem' '/nix/store/jf4k9zv0nn0dij7jyh9cb7l2s4h5p65y-qt5compat-6.4.2-dev/include' '-isystem' '/nix/store/cj4cjywrz168aijw38dysql6ksafnbjs-qtdeclarative-6.4.2-dev/include' '-isystem' '/nix/store/mnpx93zc62xwqlkx0bycrab6604cdhcm-qtshadertools-6.4.2-dev/include' '-isystem' '/nix/store/iw1vmh509hcbby8dbpsaanbri4zsq7dj-python3-3.10.10/include' '-isystem' '/nix/store/h9a8m4y88pn2jg8h96j6i2blgzarrvcx-filesystem-1.5.12/include' '-isystem' '/nix/store/5ymj2l7wacvb1b154v5mhlhng406ds0k-tomlplusplus-3.3.0/include' '-isystem' '/nix/store/dkbq5hvylsc0d76lgmwyx4jm2pld63sl-cmark-0.30.3/include' '-isystem' '/nix/store/4gxhcwhrh92pn91ax09wxgqg2pqj9i61-qtwayland-6.4.2-dev/include' '-isystem' '/nix/store/wzrqym8dzidzhvm5h308kzqcan2zbf5j-gamemode-1.7-dev/include' '-isystem' '/nix/store/va9r2bdg56jc6qizpm6dyb97lnxfrhsy-file-5.44/include' '-isystem' '/nix/store/jkv8vb24ab371hlsp55fj953kwh01m8n-openjdk-17.0.6+10/include' '-isystem' '/nix/store/i9cf4vmk6kfqlds56vfllmmz0zdk7rp0-qtbase-6.4.2-dev/include' '-isystem' '/nix/store/0z5wasald7dmipjpbx8kw31pj0kzjxpg-libxml2-2.10.3-dev/include' '-isystem' '/nix/store/qgqsyg7gmqy3fz6shvzhcc7m7pkfw2ig-zlib-1.2.13-dev/include' '-isystem' '/nix/store/i57f5lhc83sfnck9d6rik0dbnbxr9qlw-libxslt-1.1.37-dev/include' '-isystem' '/nix/store/fyiwac98bi86nd5qzz9bhvs1bvmmwgad-openssl-3.0.8-dev/include' '-isystem' '/nix/store/i1h2yf133m4rfzgfgl0zdxjxniyy6kvg-sqlite-3.40.1-dev/include' '-isystem' '/nix/store/ci7r8mfkdg1b4wgawp6fff6ba6vyf33r-unixODBC-2.3.11/include' '-isystem' '/nix/store/vddrjv0wnknv73njnwzj3in0467dk9qa-harfbuzz-7.0.0-dev/include' '-isystem' '/nix/store/vgasd5zjsvdvq3w7ik13sfyyj1n0m5v7-graphite2-1.3.14/include' '-isystem' '/nix/store/86nsxqcmzcc85qzrsczb33jwqgcyl35g-icu4c-72.1-dev/include' '-isystem' '/nix/store/dra1y7qr8clxdssfx5s1grbg2lvg5ifd-libjpeg-turbo-2.1.4-dev/include' '-isystem' '/nix/store/463cn57ci7xxwr28c1d68zwbr001ka8h-libpng-apng-1.6.39-dev/include' '-isystem' '/nix/store/vr9naiikd2k84ygclm3vlr3agbjcgvzi-pcre2-10.42-dev/include' '-isystem' '/nix/store/zc41j2il39qmw9kfwa0zl37dz4izcjdp-pcre-8.45-dev/include' '-isystem' '/nix/store/k4w3vafb6k1b3zc2a6v1lr4w0iknnp65-libproxy-0.4.18-dev/include' '-isystem' '/nix/store/s8axys9hpvwxn5718iwrnyvwms4djz96-zstd-1.5.4-dev/include' '-isystem' '/nix/store/4hx2f3kfk824b3b44mhjgpph426lnj42-double-conversion-3.2.1/include' '-isystem' '/nix/store/d9yf24k5n979y1qy03nlj1mnpijhs5rx-libb2-0.98.1/include' '-isystem' '/nix/store/2pai53mrrahl85w7mbypxmplgx6wfqyd-md4c-0.4.8/include' '-isystem' '/nix/store/l8d014vy8n42sp6r6j3wjqldylcyvqyk-dbus-1.14.4-dev/include' '-isystem' '/nix/store/gqvyvc9ckzijwcw641v6qgg7fz8z63mc-expat-2.5.0-dev/include' '-isystem' '/nix/store/152gsygyjagsirvdg3icmz4px39wddwj-glib-2.74.5-dev/include' '-isystem' '/nix/store/4j08mgygxhi9y3957hbwqn1bg02va18y-libffi-3.4.4-dev/include' '-isystem' '/nix/store/ik1vzp6bfwjxxg0cdcbmyl17yzn8idd4-gettext-0.21/include' '-isystem' '/nix/store/1r3a6ji72zxvkyhqfgq1pymdiyjk93l5-glibc-iconv-2.35/include' '-isystem' '/nix/store/f04f2mxjzx7s34payvq6lna9qcaall3s-mariadb-connector-odbc-3.1.14/include' '-isystem' '/nix/store/2gm71c7yljswz2yz3i6125nx2rwkg9n6-systemd-252.5-dev/include' '-isystem' '/nix/store/1gb83p8c3fkjqyb0l30lz0303jhv088k-util-linux-2.38.1-dev/include' '-isystem' '/nix/store/xj6h98v3mjiqmwqv6zbw51xd3lgzdz7p-mtdev-1.1.6/include' '-isystem' '/nix/store/zmqdq7fj6h273kxz969wr3h7g1jhzgz4-lksctp-tools-1.0.17/include' '-isystem' '/nix/store/dvgpj4kwxp5pxhax93zqv80b4ql8xwla-libselinux-3.3-dev/include' '-isystem' '/nix/store/0p1v5zn2mb55xs9297x5p7vgdnhrjjmf-libsepol-3.3-dev/include' '-isystem' '/nix/store/zl2rzaxviah8cpknrlnpawpfvmjvjh0d-lttng-ust-2.13.1-dev/include' '-isystem' '/nix/store/0hhi25jwagxm00kjwmh2zl395cgfdrfh-liburcu-0.13.2/include' '-isystem' '/nix/store/k7pydn7w2dd03cchddkgzdb94brxisp9-vulkan-headers-1.3.239.0/include' '-isystem' '/nix/store/gxsg7g5higv817948fw3jyamypfc229g-libthai-0.1.29-dev/include' '-isystem' '/nix/store/hq2n7bnn6z2p0p94n4mixbbrsyi1qbdf-libdrm-2.4.114-dev/include' '-isystem' '/nix/store/bin4ww0irasbdvhqqg8lcwjg3025x4pq-libdatrie-2019-12-20-dev/include' '-isystem' '/nix/store/6bdds6632r9fp7mrh27qxjv90d7lzh0y-fontconfig-2.14.0-dev/include' '-isystem' '/nix/store/ybd7brnb5kavanvz40mg2p5pmgnczi85-freetype-2.12.1-dev/include' '-isystem' '/nix/store/abs0rlwm6jh4l1k831fvqggpgfrs91pv-bzip2-1.0.8-dev/include' '-isystem' '/nix/store/84r63sb6w4l1y1ab3vmk3xg84is027y2-brotli-1.0.9-dev/include' '-isystem' '/nix/store/q2sjb83p9kh7j653237wr5xzsdc17sgj-libX11-1.8.4-dev/include' '-isystem' '/nix/store/9d1fbfvijywjsxh5b060qy5dd01cqbrs-xorgproto-2021.5/include' '-isystem' '/nix/store/rr353rjxy36vvakib4cyajjj2r3gqw5x-libxcb-1.14-dev/include' '-isystem' '/nix/store/j4i01gassjbbm5i3x4qczy21pmfw05q2-libXcomposite-0.4.5-dev/include' '-isystem' '/nix/store/dbbvxfbsix59452vbjngfndr8xddb3nc-libXfixes-6.0.0-dev/include' '-isystem' '/nix/store/f5blw2z7jr4h2qkzfdmjkwak142353rq-libXext-1.3.4-dev/include' '-isystem' '/nix/store/jhxfmh0lh0dkk11fpys8350w8hk7ljf7-libXau-1.0.9-dev/include' '-isystem' '/nix/store/dci0q5r0v1j5d7vryy13as7banrix0sj-libXi-1.8-dev/include' '-isystem' '/nix/store/slpgdz4ha0w6y2c25n0ljda4536p9yi4-libXrender-0.9.10-dev/include' '-isystem' '/nix/store/l01q7h5h4wxr880jzxpc5fdrwnbqxfzn-libxkbcommon-1.5.0-dev/include' '-isystem' '/nix/store/9qzw3zscs3b4gc97bsaq991iifgz4977-xcb-util-0.4.0-dev/include' '-isystem' '/nix/store/cwvwhmigx77mydbv1h51pp2l2vijr2rs-xcb-util-image-0.4.0-dev/include' '-isystem' '/nix/store/v0qpk37hyfrpgga44f58yrb36gpay3ks-xcb-util-keysyms-0.4.0-dev/include' '-isystem' '/nix/store/x45m835963ss4all6g03wms91284j904-xcb-util-renderutil-0.3.9-dev/include' '-isystem' '/nix/store/qhjq1dap6j4h5g3srizm6dkshz63zdwv-xcb-util-wm-0.4.1-dev/include' '-isystem' '/nix/store/dzkwzx2qnhsx7938ywxqvygw5n28gy63-libXdmcp-1.1.3-dev/include' '-isystem' '/nix/store/75jd6r549krqxk1iq5cl4slrr4vci11n-libXtst-1.2.3/include' '-isystem' '/nix/store/rkz9zhzj975y9hvb8kav017da08hgq2b-xcb-util-cursor-0.1.3-dev/include' '-isystem' '/nix/store/dvrxv7fvlkj5cbjq6262m6f4jdpdvmxx-libepoxy-1.5.10-dev/include' '-isystem' '/nix/store/fqwihpqn2wmhjqw251w1r7dyw659abrh-libGL-1.6.0-dev/include' '-isystem' '/nix/store/y7fpp50b5l7l4g5hk76w2mm2p8jhrwyg-libglvnd-1.6.0-dev/include' '-isystem' '/nix/store/xr3l5mnqwgminijy321myshjx6w55530-qtsvg-6.4.2-dev/include' '-isystem' '/nix/store/a85vmwd6cgixmd25226zr4awdvh50xyd-quazip-1.3-dev/include' '-isystem' '/nix/store/jf4k9zv0nn0dij7jyh9cb7l2s4h5p65y-qt5compat-6.4.2-dev/include' '-isystem' '/nix/store/cj4cjywrz168aijw38dysql6ksafnbjs-qtdeclarative-6.4.2-dev/include' '-isystem' '/nix/store/mnpx93zc62xwqlkx0bycrab6604cdhcm-qtshadertools-6.4.2-dev/include' '-isystem' '/nix/store/iw1vmh509hcbby8dbpsaanbri4zsq7dj-python3-3.10.10/include' '-isystem' '/nix/store/h9a8m4y88pn2jg8h96j6i2blgzarrvcx-filesystem-1.5.12/include' '-isystem' '/nix/store/5ymj2l7wacvb1b154v5mhlhng406ds0k-tomlplusplus-3.3.0/include' '-isystem' '/nix/store/dkbq5hvylsc0d76lgmwyx4jm2pld63sl-cmark-0.30.3/include' '-isystem' '/nix/store/4gxhcwhrh92pn91ax09wxgqg2pqj9i61-qtwayland-6.4.2-dev/include' '-isystem' '/nix/store/wzrqym8dzidzhvm5h308kzqcan2zbf5j-gamemode-1.7-dev/include' '-shared-libgcc' '-mtune=generic' '-march=x86-64' '-dumpdir' 'CMakeFiles/cmTC_0878c.dir/CMakeCXXCompilerABI.cpp.'
Linking CXX executable cmTC_0878c
/nix/store/l341npqn3j8pwqq1nqgj5cqhnfbzhphd-cmake-3.25.1/bin/cmake -E cmake_link_script CMakeFiles/cmTC_0878c.dir/link.txt --verbose=1
/nix/store/bfbp3ypd9nm3fapz634gvvs738blrl0y-gcc-wrapper-12.2.0/bin/g++  -v CMakeFiles/cmTC_0878c.dir/CMakeCXXCompilerABI.cpp.o -o cmTC_0878c 
Using built-in specs.
COLLECT_GCC=/nix/store/wx4nsqbssywgx9zkabwgl9sxm5l61ni3-gcc-12.2.0/bin/g++
COLLECT_LTO_WRAPPER=/nix/store/wx4nsqbssywgx9zkabwgl9sxm5l61ni3-gcc-12.2.0/libexec/gcc/x86_64-unknown-linux-gnu/12.2.0/lto-wrapper
Target: x86_64-unknown-linux-gnu
Configured with: 
Thread model: posix
Supported LTO compression algorithms: zlib
gcc version 12.2.0 (GCC) 
COMPILER_PATH=/nix/store/76l4v99sk83ylfwkz8wmwrm4s8h73rhd-glibc-2.35-224/lib/:/nix/store/2w4k8nvdyiggz717ygbbxchpnxrqc6y9-gcc-12.2.0-lib/lib/:/nix/store/bfbp3ypd9nm3fapz634gvvs738blrl0y-gcc-wrapper-12.2.0/bin/:/nix/store/wx4nsqbssywgx9zkabwgl9sxm5l61ni3-gcc-12.2.0/libexec/gcc/x86_64-unknown-linux-gnu/12.2.0/:/nix/store/wx4nsqbssywgx9zkabwgl9sxm5l61ni3-gcc-12.2.0/libexec/gcc/x86_64-unknown-linux-gnu/12.2.0/:/nix/store/wx4nsqbssywgx9zkabwgl9sxm5l61ni3-gcc-12.2.0/libexec/gcc/x86_64-unknown-linux-gnu/:/nix/store/wx4nsqbssywgx9zkabwgl9sxm5l61ni3-gcc-12.2.0/lib/gcc/x86_64-unknown-linux-gnu/12.2.0/:/nix/store/wx4nsqbssywgx9zkabwgl9sxm5l61ni3-gcc-12.2.0/lib/gcc/x86_64-unknown-linux-gnu/
LIBRARY_PATH=/nix/store/76l4v99sk83ylfwkz8wmwrm4s8h73rhd-glibc-2.35-224/lib/:/nix/store/2w4k8nvdyiggz717ygbbxchpnxrqc6y9-gcc-12.2.0-lib/lib/:/nix/store/bfbp3ypd9nm3fapz634gvvs738blrl0y-gcc-wrapper-12.2.0/bin/:/nix/store/wx4nsqbssywgx9zkabwgl9sxm5l61ni3-gcc-12.2.0/lib/gcc/x86_64-unknown-linux-gnu/12.2.0/:/nix/store/wx4nsqbssywgx9zkabwgl9sxm5l61ni3-gcc-12.2.0/lib/gcc/x86_64-unknown-linux-gnu/12.2.0/../../../../lib64/:/nix/store/wx4nsqbssywgx9zkabwgl9sxm5l61ni3-gcc-12.2.0/lib/gcc/x86_64-unknown-linux-gnu/12.2.0/../../../
COLLECT_GCC_OPTIONS='-fPIC' '-Wformat=1' '-Wformat-security' '-Werror=format-security' '-fstack-protector-strong' '--param=ssp-buffer-size=4' '-O2' '-U' '_FORTIFY_SOURCE' '-D' '_FORTIFY_SOURCE=2' '-fno-strict-overflow' '-v' '-o' 'cmTC_0878c' '-B' '/nix/store/76l4v99sk83ylfwkz8wmwrm4s8h73rhd-glibc-2.35-224/lib/' '-idirafter' '/nix/store/pqnd39aq2sksad2zvswjcpkqdc7ig3f9-glibc-2.35-224-dev/include' '-idirafter' '/nix/store/wx4nsqbssywgx9zkabwgl9sxm5l61ni3-gcc-12.2.0/lib/gcc/x86_64-unknown-linux-gnu/12.2.0/include-fixed' '-B' '/nix/store/2w4k8nvdyiggz717ygbbxchpnxrqc6y9-gcc-12.2.0-lib/lib' '-B' '/nix/store/bfbp3ypd9nm3fapz634gvvs738blrl0y-gcc-wrapper-12.2.0/bin/' '-frandom-seed=sy5449x9ji' '-D' 'QT_NO_DEBUG' '-isystem' '/nix/store/va9r2bdg56jc6qizpm6dyb97lnxfrhsy-file-5.44/include' '-isystem' '/nix/store/jkv8vb24ab371hlsp55fj953kwh01m8n-openjdk-17.0.6+10/include' '-isystem' '/nix/store/i9cf4vmk6kfqlds56vfllmmz0zdk7rp0-qtbase-6.4.2-dev/include' '-isystem' '/nix/store/0z5wasald7dmipjpbx8kw31pj0kzjxpg-libxml2-2.10.3-dev/include' '-isystem' '/nix/store/qgqsyg7gmqy3fz6shvzhcc7m7pkfw2ig-zlib-1.2.13-dev/include' '-isystem' '/nix/store/i57f5lhc83sfnck9d6rik0dbnbxr9qlw-libxslt-1.1.37-dev/include' '-isystem' '/nix/store/fyiwac98bi86nd5qzz9bhvs1bvmmwgad-openssl-3.0.8-dev/include' '-isystem' '/nix/store/i1h2yf133m4rfzgfgl0zdxjxniyy6kvg-sqlite-3.40.1-dev/include' '-isystem' '/nix/store/ci7r8mfkdg1b4wgawp6fff6ba6vyf33r-unixODBC-2.3.11/include' '-isystem' '/nix/store/vddrjv0wnknv73njnwzj3in0467dk9qa-harfbuzz-7.0.0-dev/include' '-isystem' '/nix/store/vgasd5zjsvdvq3w7ik13sfyyj1n0m5v7-graphite2-1.3.14/include' '-isystem' '/nix/store/86nsxqcmzcc85qzrsczb33jwqgcyl35g-icu4c-72.1-dev/include' '-isystem' '/nix/store/dra1y7qr8clxdssfx5s1grbg2lvg5ifd-libjpeg-turbo-2.1.4-dev/include' '-isystem' '/nix/store/463cn57ci7xxwr28c1d68zwbr001ka8h-libpng-apng-1.6.39-dev/include' '-isystem' '/nix/store/vr9naiikd2k84ygclm3vlr3agbjcgvzi-pcre2-10.42-dev/include' '-isystem' '/nix/store/zc41j2il39qmw9kfwa0zl37dz4izcjdp-pcre-8.45-dev/include' '-isystem' '/nix/store/k4w3vafb6k1b3zc2a6v1lr4w0iknnp65-libproxy-0.4.18-dev/include' '-isystem' '/nix/store/s8axys9hpvwxn5718iwrnyvwms4djz96-zstd-1.5.4-dev/include' '-isystem' '/nix/store/4hx2f3kfk824b3b44mhjgpph426lnj42-double-conversion-3.2.1/include' '-isystem' '/nix/store/d9yf24k5n979y1qy03nlj1mnpijhs5rx-libb2-0.98.1/include' '-isystem' '/nix/store/2pai53mrrahl85w7mbypxmplgx6wfqyd-md4c-0.4.8/include' '-isystem' '/nix/store/l8d014vy8n42sp6r6j3wjqldylcyvqyk-dbus-1.14.4-dev/include' '-isystem' '/nix/store/gqvyvc9ckzijwcw641v6qgg7fz8z63mc-expat-2.5.0-dev/include' '-isystem' '/nix/store/152gsygyjagsirvdg3icmz4px39wddwj-glib-2.74.5-dev/include' '-isystem' '/nix/store/4j08mgygxhi9y3957hbwqn1bg02va18y-libffi-3.4.4-dev/include' '-isystem' '/nix/store/ik1vzp6bfwjxxg0cdcbmyl17yzn8idd4-gettext-0.21/include' '-isystem' '/nix/store/1r3a6ji72zxvkyhqfgq1pymdiyjk93l5-glibc-iconv-2.35/include' '-isystem' '/nix/store/f04f2mxjzx7s34payvq6lna9qcaall3s-mariadb-connector-odbc-3.1.14/include' '-isystem' '/nix/store/2gm71c7yljswz2yz3i6125nx2rwkg9n6-systemd-252.5-dev/include' '-isystem' '/nix/store/1gb83p8c3fkjqyb0l30lz0303jhv088k-util-linux-2.38.1-dev/include' '-isystem' '/nix/store/xj6h98v3mjiqmwqv6zbw51xd3lgzdz7p-mtdev-1.1.6/include' '-isystem' '/nix/store/zmqdq7fj6h273kxz969wr3h7g1jhzgz4-lksctp-tools-1.0.17/include' '-isystem' '/nix/store/dvgpj4kwxp5pxhax93zqv80b4ql8xwla-libselinux-3.3-dev/include' '-isystem' '/nix/store/0p1v5zn2mb55xs9297x5p7vgdnhrjjmf-libsepol-3.3-dev/include' '-isystem' '/nix/store/zl2rzaxviah8cpknrlnpawpfvmjvjh0d-lttng-ust-2.13.1-dev/include' '-isystem' '/nix/store/0hhi25jwagxm00kjwmh2zl395cgfdrfh-liburcu-0.13.2/include' '-isystem' '/nix/store/k7pydn7w2dd03cchddkgzdb94brxisp9-vulkan-headers-1.3.239.0/include' '-isystem' '/nix/store/gxsg7g5higv817948fw3jyamypfc229g-libthai-0.1.29-dev/include' '-isystem' '/nix/store/hq2n7bnn6z2p0p94n4mixbbrsyi1qbdf-libdrm-2.4.114-dev/include' '-isystem' '/nix/store/bin4ww0irasbdvhqqg8lcwjg3025x4pq-libdatrie-2019-12-20-dev/include' '-isystem' '/nix/store/6bdds6632r9fp7mrh27qxjv90d7lzh0y-fontconfig-2.14.0-dev/include' '-isystem' '/nix/store/ybd7brnb5kavanvz40mg2p5pmgnczi85-freetype-2.12.1-dev/include' '-isystem' '/nix/store/abs0rlwm6jh4l1k831fvqggpgfrs91pv-bzip2-1.0.8-dev/include' '-isystem' '/nix/store/84r63sb6w4l1y1ab3vmk3xg84is027y2-brotli-1.0.9-dev/include' '-isystem' '/nix/store/q2sjb83p9kh7j653237wr5xzsdc17sgj-libX11-1.8.4-dev/include' '-isystem' '/nix/store/9d1fbfvijywjsxh5b060qy5dd01cqbrs-xorgproto-2021.5/include' '-isystem' '/nix/store/rr353rjxy36vvakib4cyajjj2r3gqw5x-libxcb-1.14-dev/include' '-isystem' '/nix/store/j4i01gassjbbm5i3x4qczy21pmfw05q2-libXcomposite-0.4.5-dev/include' '-isystem' '/nix/store/dbbvxfbsix59452vbjngfndr8xddb3nc-libXfixes-6.0.0-dev/include' '-isystem' '/nix/store/f5blw2z7jr4h2qkzfdmjkwak142353rq-libXext-1.3.4-dev/include' '-isystem' '/nix/store/jhxfmh0lh0dkk11fpys8350w8hk7ljf7-libXau-1.0.9-dev/include' '-isystem' '/nix/store/dci0q5r0v1j5d7vryy13as7banrix0sj-libXi-1.8-dev/include' '-isystem' '/nix/store/slpgdz4ha0w6y2c25n0ljda4536p9yi4-libXrender-0.9.10-dev/include' '-isystem' '/nix/store/l01q7h5h4wxr880jzxpc5fdrwnbqxfzn-libxkbcommon-1.5.0-dev/include' '-isystem' '/nix/store/9qzw3zscs3b4gc97bsaq991iifgz4977-xcb-util-0.4.0-dev/include' '-isystem' '/nix/store/cwvwhmigx77mydbv1h51pp2l2vijr2rs-xcb-util-image-0.4.0-dev/include' '-isystem' '/nix/store/v0qpk37hyfrpgga44f58yrb36gpay3ks-xcb-util-keysyms-0.4.0-dev/include' '-isystem' '/nix/store/x45m835963ss4all6g03wms91284j904-xcb-util-renderutil-0.3.9-dev/include' '-isystem' '/nix/store/qhjq1dap6j4h5g3srizm6dkshz63zdwv-xcb-util-wm-0.4.1-dev/include' '-isystem' '/nix/store/dzkwzx2qnhsx7938ywxqvygw5n28gy63-libXdmcp-1.1.3-dev/include' '-isystem' '/nix/store/75jd6r549krqxk1iq5cl4slrr4vci11n-libXtst-1.2.3/include' '-isystem' '/nix/store/rkz9zhzj975y9hvb8kav017da08hgq2b-xcb-util-cursor-0.1.3-dev/include' '-isystem' '/nix/store/dvrxv7fvlkj5cbjq6262m6f4jdpdvmxx-libepoxy-1.5.10-dev/include' '-isystem' '/nix/store/fqwihpqn2wmhjqw251w1r7dyw659abrh-libGL-1.6.0-dev/include' '-isystem' '/nix/store/y7fpp50b5l7l4g5hk76w2mm2p8jhrwyg-libglvnd-1.6.0-dev/include' '-isystem' '/nix/store/xr3l5mnqwgminijy321myshjx6w55530-qtsvg-6.4.2-dev/include' '-isystem' '/nix/store/a85vmwd6cgixmd25226zr4awdvh50xyd-quazip-1.3-dev/include' '-isystem' '/nix/store/jf4k9zv0nn0dij7jyh9cb7l2s4h5p65y-qt5compat-6.4.2-dev/include' '-isystem' '/nix/store/cj4cjywrz168aijw38dysql6ksafnbjs-qtdeclarative-6.4.2-dev/include' '-isystem' '/nix/store/mnpx93zc62xwqlkx0bycrab6604cdhcm-qtshadertools-6.4.2-dev/include' '-isystem' '/nix/store/iw1vmh509hcbby8dbpsaanbri4zsq7dj-python3-3.10.10/include' '-isystem' '/nix/store/h9a8m4y88pn2jg8h96j6i2blgzarrvcx-filesystem-1.5.12/include' '-isystem' '/nix/store/5ymj2l7wacvb1b154v5mhlhng406ds0k-tomlplusplus-3.3.0/include' '-isystem' '/nix/store/dkbq5hvylsc0d76lgmwyx4jm2pld63sl-cmark-0.30.3/include' '-isystem' '/nix/store/4gxhcwhrh92pn91ax09wxgqg2pqj9i61-qtwayland-6.4.2-dev/include' '-isystem' '/nix/store/wzrqym8dzidzhvm5h308kzqcan2zbf5j-gamemode-1.7-dev/include' '-isystem' '/nix/store/va9r2bdg56jc6qizpm6dyb97lnxfrhsy-file-5.44/include' '-isystem' '/nix/store/jkv8vb24ab371hlsp55fj953kwh01m8n-openjdk-17.0.6+10/include' '-isystem' '/nix/store/i9cf4vmk6kfqlds56vfllmmz0zdk7rp0-qtbase-6.4.2-dev/include' '-isystem' '/nix/store/0z5wasald7dmipjpbx8kw31pj0kzjxpg-libxml2-2.10.3-dev/include' '-isystem' '/nix/store/qgqsyg7gmqy3fz6shvzhcc7m7pkfw2ig-zlib-1.2.13-dev/include' '-isystem' '/nix/store/i57f5lhc83sfnck9d6rik0dbnbxr9qlw-libxslt-1.1.37-dev/include' '-isystem' '/nix/store/fyiwac98bi86nd5qzz9bhvs1bvmmwgad-openssl-3.0.8-dev/include' '-isystem' '/nix/store/i1h2yf133m4rfzgfgl0zdxjxniyy6kvg-sqlite-3.40.1-dev/include' '-isystem' '/nix/store/ci7r8mfkdg1b4wgawp6fff6ba6vyf33r-unixODBC-2.3.11/include' '-isystem' '/nix/store/vddrjv0wnknv73njnwzj3in0467dk9qa-harfbuzz-7.0.0-dev/include' '-isystem' '/nix/store/vgasd5zjsvdvq3w7ik13sfyyj1n0m5v7-graphite2-1.3.14/include' '-isystem' '/nix/store/86nsxqcmzcc85qzrsczb33jwqgcyl35g-icu4c-72.1-dev/include' '-isystem' '/nix/store/dra1y7qr8clxdssfx5s1grbg2lvg5ifd-libjpeg-turbo-2.1.4-dev/include' '-isystem' '/nix/store/463cn57ci7xxwr28c1d68zwbr001ka8h-libpng-apng-1.6.39-dev/include' '-isystem' '/nix/store/vr9naiikd2k84ygclm3vlr3agbjcgvzi-pcre2-10.42-dev/include' '-isystem' '/nix/store/zc41j2il39qmw9kfwa0zl37dz4izcjdp-pcre-8.45-dev/include' '-isystem' '/nix/store/k4w3vafb6k1b3zc2a6v1lr4w0iknnp65-libproxy-0.4.18-dev/include' '-isystem' '/nix/store/s8axys9hpvwxn5718iwrnyvwms4djz96-zstd-1.5.4-dev/include' '-isystem' '/nix/store/4hx2f3kfk824b3b44mhjgpph426lnj42-double-conversion-3.2.1/include' '-isystem' '/nix/store/d9yf24k5n979y1qy03nlj1mnpijhs5rx-libb2-0.98.1/include' '-isystem' '/nix/store/2pai53mrrahl85w7mbypxmplgx6wfqyd-md4c-0.4.8/include' '-isystem' '/nix/store/l8d014vy8n42sp6r6j3wjqldylcyvqyk-dbus-1.14.4-dev/include' '-isystem' '/nix/store/gqvyvc9ckzijwcw641v6qgg7fz8z63mc-expat-2.5.0-dev/include' '-isystem' '/nix/store/152gsygyjagsirvdg3icmz4px39wddwj-glib-2.74.5-dev/include' '-isystem' '/nix/store/4j08mgygxhi9y3957hbwqn1bg02va18y-libffi-3.4.4-dev/include' '-isystem' '/nix/store/ik1vzp6bfwjxxg0cdcbmyl17yzn8idd4-gettext-0.21/include' '-isystem' '/nix/store/1r3a6ji72zxvkyhqfgq1pymdiyjk93l5-glibc-iconv-2.35/include' '-isystem' '/nix/store/f04f2mxjzx7s34payvq6lna9qcaall3s-mariadb-connector-odbc-3.1.14/include' '-isystem' '/nix/store/2gm71c7yljswz2yz3i6125nx2rwkg9n6-systemd-252.5-dev/include' '-isystem' '/nix/store/1gb83p8c3fkjqyb0l30lz0303jhv088k-util-linux-2.38.1-dev/include' '-isystem' '/nix/store/xj6h98v3mjiqmwqv6zbw51xd3lgzdz7p-mtdev-1.1.6/include' '-isystem' '/nix/store/zmqdq7fj6h273kxz969wr3h7g1jhzgz4-lksctp-tools-1.0.17/include' '-isystem' '/nix/store/dvgpj4kwxp5pxhax93zqv80b4ql8xwla-libselinux-3.3-dev/include' '-isystem' '/nix/store/0p1v5zn2mb55xs9297x5p7vgdnhrjjmf-libsepol-3.3-dev/include' '-isystem' '/nix/store/zl2rzaxviah8cpknrlnpawpfvmjvjh0d-lttng-ust-2.13.1-dev/include' '-isystem' '/nix/store/0hhi25jwagxm00kjwmh2zl395cgfdrfh-liburcu-0.13.2/include' '-isystem' '/nix/store/k7pydn7w2dd03cchddkgzdb94brxisp9-vulkan-headers-1.3.239.0/include' '-isystem' '/nix/store/gxsg7g5higv817948fw3jyamypfc229g-libthai-0.1.29-dev/include' '-isystem' '/nix/store/hq2n7bnn6z2p0p94n4mixbbrsyi1qbdf-libdrm-2.4.114-dev/include' '-isystem' '/nix/store/bin4ww0irasbdvhqqg8lcwjg3025x4pq-libdatrie-2019-12-20-dev/include' '-isystem' '/nix/store/6bdds6632r9fp7mrh27qxjv90d7lzh0y-fontconfig-2.14.0-dev/include' '-isystem' '/nix/store/ybd7brnb5kavanvz40mg2p5pmgnczi85-freetype-2.12.1-dev/include' '-isystem' '/nix/store/abs0rlwm6jh4l1k831fvqggpgfrs91pv-bzip2-1.0.8-dev/include' '-isystem' '/nix/store/84r63sb6w4l1y1ab3vmk3xg84is027y2-brotli-1.0.9-dev/include' '-isystem' '/nix/store/q2sjb83p9kh7j653237wr5xzsdc17sgj-libX11-1.8.4-dev/include' '-isystem' '/nix/store/9d1fbfvijywjsxh5b060qy5dd01cqbrs-xorgproto-2021.5/include' '-isystem' '/nix/store/rr353rjxy36vvakib4cyajjj2r3gqw5x-libxcb-1.14-dev/include' '-isystem' '/nix/store/j4i01gassjbbm5i3x4qczy21pmfw05q2-libXcomposite-0.4.5-dev/include' '-isystem' '/nix/store/dbbvxfbsix59452vbjngfndr8xddb3nc-libXfixes-6.0.0-dev/include' '-isystem' '/nix/store/f5blw2z7jr4h2qkzfdmjkwak142353rq-libXext-1.3.4-dev/include' '-isystem' '/nix/store/jhxfmh0lh0dkk11fpys8350w8hk7ljf7-libXau-1.0.9-dev/include' '-isystem' '/nix/store/dci0q5r0v1j5d7vryy13as7banrix0sj-libXi-1.8-dev/include' '-isystem' '/nix/store/slpgdz4ha0w6y2c25n0ljda4536p9yi4-libXrender-0.9.10-dev/include' '-isystem' '/nix/store/l01q7h5h4wxr880jzxpc5fdrwnbqxfzn-libxkbcommon-1.5.0-dev/include' '-isystem' '/nix/store/9qzw3zscs3b4gc97bsaq991iifgz4977-xcb-util-0.4.0-dev/include' '-isystem' '/nix/store/cwvwhmigx77mydbv1h51pp2l2vijr2rs-xcb-util-image-0.4.0-dev/include' '-isystem' '/nix/store/v0qpk37hyfrpgga44f58yrb36gpay3ks-xcb-util-keysyms-0.4.0-dev/include' '-isystem' '/nix/store/x45m835963ss4all6g03wms91284j904-xcb-util-renderutil-0.3.9-dev/include' '-isystem' '/nix/store/qhjq1dap6j4h5g3srizm6dkshz63zdwv-xcb-util-wm-0.4.1-dev/include' '-isystem' '/nix/store/dzkwzx2qnhsx7938ywxqvygw5n28gy63-libXdmcp-1.1.3-dev/include' '-isystem' '/nix/store/75jd6r549krqxk1iq5cl4slrr4vci11n-libXtst-1.2.3/include' '-isystem' '/nix/store/rkz9zhzj975y9hvb8kav017da08hgq2b-xcb-util-cursor-0.1.3-dev/include' '-isystem' '/nix/store/dvrxv7fvlkj5cbjq6262m6f4jdpdvmxx-libepoxy-1.5.10-dev/include' '-isystem' '/nix/store/fqwihpqn2wmhjqw251w1r7dyw659abrh-libGL-1.6.0-dev/include' '-isystem' '/nix/store/y7fpp50b5l7l4g5hk76w2mm2p8jhrwyg-libglvnd-1.6.0-dev/include' '-isystem' '/nix/store/xr3l5mnqwgminijy321myshjx6w55530-qtsvg-6.4.2-dev/include' '-isystem' '/nix/store/a85vmwd6cgixmd25226zr4awdvh50xyd-quazip-1.3-dev/include' '-isystem' '/nix/store/jf4k9zv0nn0dij7jyh9cb7l2s4h5p65y-qt5compat-6.4.2-dev/include' '-isystem' '/nix/store/cj4cjywrz168aijw38dysql6ksafnbjs-qtdeclarative-6.4.2-dev/include' '-isystem' '/nix/store/mnpx93zc62xwqlkx0bycrab6604cdhcm-qtshadertools-6.4.2-dev/include' '-isystem' '/nix/store/iw1vmh509hcbby8dbpsaanbri4zsq7dj-python3-3.10.10/include' '-isystem' '/nix/store/h9a8m4y88pn2jg8h96j6i2blgzarrvcx-filesystem-1.5.12/include' '-isystem' '/nix/store/5ymj2l7wacvb1b154v5mhlhng406ds0k-tomlplusplus-3.3.0/include' '-isystem' '/nix/store/dkbq5hvylsc0d76lgmwyx4jm2pld63sl-cmark-0.30.3/include' '-isystem' '/nix/store/4gxhcwhrh92pn91ax09wxgqg2pqj9i61-qtwayland-6.4.2-dev/include' '-isystem' '/nix/store/wzrqym8dzidzhvm5h308kzqcan2zbf5j-gamemode-1.7-dev/include' '-L/nix/store/va9r2bdg56jc6qizpm6dyb97lnxfrhsy-file-5.44/lib' '-L/nix/store/mg9l7phyhvi16p9g8g3g8fbyj4mr79gq-zlib-1.2.13/lib' '-L/nix/store/hmh8yakhrp3r95b7r085m4xnzp8crz3b-libxml2-2.10.3/lib' '-L/nix/store/8ilmxyjyn4fn3ll7s19shppp7izswp2c-libxslt-1.1.37/lib' '-L/nix/store/5438qhyypn1kbdnm4312v8db4mkapwhl-openssl-3.0.8/lib' '-L/nix/store/c651qa8kqilglkx8fhxz0ibc4yfndlm8-sqlite-3.40.1/lib' '-L/nix/store/ci7r8mfkdg1b4wgawp6fff6ba6vyf33r-unixODBC-2.3.11/lib' '-L/nix/store/vgasd5zjsvdvq3w7ik13sfyyj1n0m5v7-graphite2-1.3.14/lib' '-L/nix/store/09yg78bcs6vibbk7py1k1l9qf1im9lwj-harfbuzz-7.0.0/lib' '-L/nix/store/jbsbrpz89j9sbk0shpqvk5jy3fddkffq-icu4c-72.1/lib' '-L/nix/store/rvv0110i3pg28vrhadhi1qfmhpgj1azy-libjpeg-turbo-2.1.4/lib' '-L/nix/store/idx4lcdd1p91dpib06d5mwyhszs6w8xw-libpng-apng-1.6.39/lib' '-L/nix/store/lm9jab801iavj3f9gjz6vc1fxhvvg2mj-pcre2-10.42/lib' '-L/nix/store/x6nnam5hk44mljbk782rcbd92jlnz8r6-pcre-8.45/lib' '-L/nix/store/i1wd03f4gq5l9bbzb8ir2v8aibsbdi47-libproxy-0.4.18/lib' '-L/nix/store/clln53sqbfn8i0z8x0ji3x3fz6zchqml-zstd-1.5.4/lib' '-L/nix/store/4hx2f3kfk824b3b44mhjgpph426lnj42-double-conversion-3.2.1/lib' '-L/nix/store/d9yf24k5n979y1qy03nlj1mnpijhs5rx-libb2-0.98.1/lib' '-L/nix/store/2pai53mrrahl85w7mbypxmplgx6wfqyd-md4c-0.4.8/lib' '-L/nix/store/inrxvaqv2zkdhg2v5vhqc0257p92wl2q-expat-2.5.0/lib' '-L/nix/store/q36hdg6hw9vlls7abq0y08gksqr2m2z2-dbus-1.14.4-lib/lib' '-L/nix/store/m0fsvgc5hrn3yjwsl9fvj5m6pyjk2il2-libffi-3.4.4/lib' '-L/nix/store/ik1vzp6bfwjxxg0cdcbmyl17yzn8idd4-gettext-0.21/lib' '-L/nix/store/rcwsvm3zmcpwl71b7r5f9ql599hw6f2b-glib-2.74.5/lib' '-L/nix/store/lfpcn90d6fwckk3ysihijfy2z5wsi7da-sqlite-connector-odbc-0.9993/lib' '-L/nix/store/kp51yj0jwdi2b7f8i93ici4c5z0x7bn3-systemd-252.5/lib' '-L/nix/store/b9ihpihmhnain100fjfd008nzf9ha6xj-util-linux-2.38.1-lib/lib' '-L/nix/store/xj6h98v3mjiqmwqv6zbw51xd3lgzdz7p-mtdev-1.1.6/lib' '-L/nix/store/zmqdq7fj6h273kxz969wr3h7g1jhzgz4-lksctp-tools-1.0.17/lib' '-L/nix/store/gqlj2nh329ymrawhlrhhd3wx9h5nwi38-libselinux-3.3/lib' '-L/nix/store/i4dbdvj0qdbglgqpa04xx8gs564n8953-libsepol-3.3/lib' '-L/nix/store/0hhi25jwagxm00kjwmh2zl395cgfdrfh-liburcu-0.13.2/lib' '-L/nix/store/jqvbspi73y5il9p4mmrf7bnnjvpf4r80-lttng-ust-2.13.1/lib' '-L/nix/store/izbwynagva4wx96ghpczpcs5v0d82xix-vulkan-loader-1.3.239.0/lib' '-L/nix/store/cbj48b5jcdhwmvn282gg3wkrnfvqcn0v-libthai-0.1.29/lib' '-L/nix/store/fp76f9kiv3mwh2h87lhmxcp173gi49jd-libdrm-2.4.114/lib' '-L/nix/store/4kz52y95zfn9l8pbn8f5jw1w61lgn0js-libdatrie-2019-12-20-lib/lib' '-L/nix/store/k0yrr5yq9yghbvvfv0qkblyia576kg4f-bzip2-1.0.8/lib' '-L/nix/store/6ahs2w409ysgvz4r0k1g0kypf6k3iwps-brotli-1.0.9-lib/lib' '-L/nix/store/2jq0rdhc7wb8fj0q82whsj9p50sdmvcv-freetype-2.12.1/lib' '-L/nix/store/mv56qyvfin02c96mxrdh60p3c0j05dvn-fontconfig-2.14.0-lib/lib' '-L/nix/store/cnkr9byk03mz454yzx48jkyy0c2rlfjz-libxcb-1.14/lib' '-L/nix/store/y0ym7qckhfldadc4wbwv0hs7765v10rd-libX11-1.8.4/lib' '-L/nix/store/zd5rypkk2h639y4ym6qc3l65dpka3ycc-libXfixes-6.0.0/lib' '-L/nix/store/8b686hlck6jkpxm9yx3n755cmqvcnhni-libXcomposite-0.4.5/lib' '-L/nix/store/qnwa2z8b9y76almh1mpp1iwnwdvrzxbj-libXau-1.0.9/lib' '-L/nix/store/qgg9iiyrp9s1cja2h9cblb9cjyy65ssz-libXext-1.3.4/lib' '-L/nix/store/kmbps8nyg8nhnwdbcpxkbn5mmcdal5hp-libXi-1.8/lib' '-L/nix/store/dg1irgbmn4znzbbw2yyc99bh85a1ll3n-libXrender-0.9.10/lib' '-L/nix/store/03bcgkqn4hsf2l2n0ny5xx2c1z0ga6gy-libxkbcommon-1.5.0/lib' '-L/nix/store/96azvh5x19v03hz2a7ic90gs9h59kkzq-xcb-util-0.4.0/lib' '-L/nix/store/xd9vz5ar0kr7fbiibqqykfcczvdd56rc-xcb-util-image-0.4.0/lib' '-L/nix/store/hk1dsk9bim336dhb78nxxcnz8c20ys9c-xcb-util-keysyms-0.4.0/lib' '-L/nix/store/6p4yljw6hwnh9jbl29nq9vyrfysyjb8z-xcb-util-renderutil-0.3.9/lib' '-L/nix/store/nf595y3dfgyq0wvmwnqq380xmbhjjiin-xcb-util-wm-0.4.1/lib' '-L/nix/store/3bhillndvhi9pvdkr4bb145170s7h7lz-libXdmcp-1.1.3/lib' '-L/nix/store/75jd6r549krqxk1iq5cl4slrr4vci11n-libXtst-1.2.3/lib' '-L/nix/store/m5ygz6nz3lxav4cswsgdrfga1lfkcrbr-xcb-util-cursor-0.1.3/lib' '-L/nix/store/3w5sakz3znb378b7wlfbr7bss3myhdi3-libepoxy-1.5.10/lib' '-L/nix/store/srnnb3xqzcn0afbc1sg2f3kahdbqp0hb-libGL-1.6.0/lib' '-L/nix/store/yl6ggfn054z9brd4rlzifn3zpiardjz2-libglvnd-1.6.0/lib' '-L/nix/store/baz8lrsrakrl0jdlz89hvbqv8mgvcqk9-qtbase-6.4.2/lib' '-L/nix/store/6dm5g796frdb2k7rqb0nyzm4s76gd3p9-qtsvg-6.4.2/lib' '-L/nix/store/0bb16bnqa4raz3b8d0fayj25bcs131g3-qtshadertools-6.4.2/lib' '-L/nix/store/iw1vmh509hcbby8dbpsaanbri4zsq7dj-python3-3.10.10/lib' '-L/nix/store/4y8vjpf6qb8z43x99pc48yjbpdg1gb81-qtdeclarative-6.4.2/lib' '-L/nix/store/zvw6fflmybm80k4arxmmpdyzf7gn1msb-qt5compat-6.4.2/lib' '-L/nix/store/61imhlw6qszhcwmmiwxqdf72kn5fz2y5-quazip-1.3/lib' '-L/nix/store/5ymj2l7wacvb1b154v5mhlhng406ds0k-tomlplusplus-3.3.0/lib' '-L/nix/store/dkbq5hvylsc0d76lgmwyx4jm2pld63sl-cmark-0.30.3/lib' '-L/nix/store/4bmh1h8dn0k0s8bydmb1syk8cfsmgxb6-qtwayland-6.4.2/lib' '-L/nix/store/zihzfhfq28wp1yzx86dp1q4zccai745r-gamemode-1.7-lib/lib' '-L/nix/store/va9r2bdg56jc6qizpm6dyb97lnxfrhsy-file-5.44/lib' '-L/nix/store/mg9l7phyhvi16p9g8g3g8fbyj4mr79gq-zlib-1.2.13/lib' '-L/nix/store/hmh8yakhrp3r95b7r085m4xnzp8crz3b-libxml2-2.10.3/lib' '-L/nix/store/8ilmxyjyn4fn3ll7s19shppp7izswp2c-libxslt-1.1.37/lib' '-L/nix/store/5438qhyypn1kbdnm4312v8db4mkapwhl-openssl-3.0.8/lib' '-L/nix/store/c651qa8kqilglkx8fhxz0ibc4yfndlm8-sqlite-3.40.1/lib' '-L/nix/store/ci7r8mfkdg1b4wgawp6fff6ba6vyf33r-unixODBC-2.3.11/lib' '-L/nix/store/vgasd5zjsvdvq3w7ik13sfyyj1n0m5v7-graphite2-1.3.14/lib' '-L/nix/store/09yg78bcs6vibbk7py1k1l9qf1im9lwj-harfbuzz-7.0.0/lib' '-L/nix/store/jbsbrpz89j9sbk0shpqvk5jy3fddkffq-icu4c-72.1/lib' '-L/nix/store/rvv0110i3pg28vrhadhi1qfmhpgj1azy-libjpeg-turbo-2.1.4/lib' '-L/nix/store/idx4lcdd1p91dpib06d5mwyhszs6w8xw-libpng-apng-1.6.39/lib' '-L/nix/store/lm9jab801iavj3f9gjz6vc1fxhvvg2mj-pcre2-10.42/lib' '-L/nix/store/x6nnam5hk44mljbk782rcbd92jlnz8r6-pcre-8.45/lib' '-L/nix/store/i1wd03f4gq5l9bbzb8ir2v8aibsbdi47-libproxy-0.4.18/lib' '-L/nix/store/clln53sqbfn8i0z8x0ji3x3fz6zchqml-zstd-1.5.4/lib' '-L/nix/store/4hx2f3kfk824b3b44mhjgpph426lnj42-double-conversion-3.2.1/lib' '-L/nix/store/d9yf24k5n979y1qy03nlj1mnpijhs5rx-libb2-0.98.1/lib' '-L/nix/store/2pai53mrrahl85w7mbypxmplgx6wfqyd-md4c-0.4.8/lib' '-L/nix/store/inrxvaqv2zkdhg2v5vhqc0257p92wl2q-expat-2.5.0/lib' '-L/nix/store/q36hdg6hw9vlls7abq0y08gksqr2m2z2-dbus-1.14.4-lib/lib' '-L/nix/store/m0fsvgc5hrn3yjwsl9fvj5m6pyjk2il2-libffi-3.4.4/lib' '-L/nix/store/ik1vzp6bfwjxxg0cdcbmyl17yzn8idd4-gettext-0.21/lib' '-L/nix/store/rcwsvm3zmcpwl71b7r5f9ql599hw6f2b-glib-2.74.5/lib' '-L/nix/store/lfpcn90d6fwckk3ysihijfy2z5wsi7da-sqlite-connector-odbc-0.9993/lib' '-L/nix/store/kp51yj0jwdi2b7f8i93ici4c5z0x7bn3-systemd-252.5/lib' '-L/nix/store/b9ihpihmhnain100fjfd008nzf9ha6xj-util-linux-2.38.1-lib/lib' '-L/nix/store/xj6h98v3mjiqmwqv6zbw51xd3lgzdz7p-mtdev-1.1.6/lib' '-L/nix/store/zmqdq7fj6h273kxz969wr3h7g1jhzgz4-lksctp-tools-1.0.17/lib' '-L/nix/store/gqlj2nh329ymrawhlrhhd3wx9h5nwi38-libselinux-3.3/lib' '-L/nix/store/i4dbdvj0qdbglgqpa04xx8gs564n8953-libsepol-3.3/lib' '-L/nix/store/0hhi25jwagxm00kjwmh2zl395cgfdrfh-liburcu-0.13.2/lib' '-L/nix/store/jqvbspi73y5il9p4mmrf7bnnjvpf4r80-lttng-ust-2.13.1/lib' '-L/nix/store/izbwynagva4wx96ghpczpcs5v0d82xix-vulkan-loader-1.3.239.0/lib' '-L/nix/store/cbj48b5jcdhwmvn282gg3wkrnfvqcn0v-libthai-0.1.29/lib' '-L/nix/store/fp76f9kiv3mwh2h87lhmxcp173gi49jd-libdrm-2.4.114/lib' '-L/nix/store/4kz52y95zfn9l8pbn8f5jw1w61lgn0js-libdatrie-2019-12-20-lib/lib' '-L/nix/store/k0yrr5yq9yghbvvfv0qkblyia576kg4f-bzip2-1.0.8/lib' '-L/nix/store/6ahs2w409ysgvz4r0k1g0kypf6k3iwps-brotli-1.0.9-lib/lib' '-L/nix/store/2jq0rdhc7wb8fj0q82whsj9p50sdmvcv-freetype-2.12.1/lib' '-L/nix/store/mv56qyvfin02c96mxrdh60p3c0j05dvn-fontconfig-2.14.0-lib/lib' '-L/nix/store/cnkr9byk03mz454yzx48jkyy0c2rlfjz-libxcb-1.14/lib' '-L/nix/store/y0ym7qckhfldadc4wbwv0hs7765v10rd-libX11-1.8.4/lib' '-L/nix/store/zd5rypkk2h639y4ym6qc3l65dpka3ycc-libXfixes-6.0.0/lib' '-L/nix/store/8b686hlck6jkpxm9yx3n755cmqvcnhni-libXcomposite-0.4.5/lib' '-L/nix/store/qnwa2z8b9y76almh1mpp1iwnwdvrzxbj-libXau-1.0.9/lib' '-L/nix/store/qgg9iiyrp9s1cja2h9cblb9cjyy65ssz-libXext-1.3.4/lib' '-L/nix/store/kmbps8nyg8nhnwdbcpxkbn5mmcdal5hp-libXi-1.8/lib' '-L/nix/store/dg1irgbmn4znzbbw2yyc99bh85a1ll3n-libXrender-0.9.10/lib' '-L/nix/store/03bcgkqn4hsf2l2n0ny5xx2c1z0ga6gy-libxkbcommon-1.5.0/lib' '-L/nix/store/96azvh5x19v03hz2a7ic90gs9h59kkzq-xcb-util-0.4.0/lib' '-L/nix/store/xd9vz5ar0kr7fbiibqqykfcczvdd56rc-xcb-util-image-0.4.0/lib' '-L/nix/store/hk1dsk9bim336dhb78nxxcnz8c20ys9c-xcb-util-keysyms-0.4.0/lib' '-L/nix/store/6p4yljw6hwnh9jbl29nq9vyrfysyjb8z-xcb-util-renderutil-0.3.9/lib' '-L/nix/store/nf595y3dfgyq0wvmwnqq380xmbhjjiin-xcb-util-wm-0.4.1/lib' '-L/nix/store/3bhillndvhi9pvdkr4bb145170s7h7lz-libXdmcp-1.1.3/lib' '-L/nix/store/75jd6r549krqxk1iq5cl4slrr4vci11n-libXtst-1.2.3/lib' '-L/nix/store/m5ygz6nz3lxav4cswsgdrfga1lfkcrbr-xcb-util-cursor-0.1.3/lib' '-L/nix/store/3w5sakz3znb378b7wlfbr7bss3myhdi3-libepoxy-1.5.10/lib' '-L/nix/store/srnnb3xqzcn0afbc1sg2f3kahdbqp0hb-libGL-1.6.0/lib' '-L/nix/store/yl6ggfn054z9brd4rlzifn3zpiardjz2-libglvnd-1.6.0/lib' '-L/nix/store/baz8lrsrakrl0jdlz89hvbqv8mgvcqk9-qtbase-6.4.2/lib' '-L/nix/store/6dm5g796frdb2k7rqb0nyzm4s76gd3p9-qtsvg-6.4.2/lib' '-L/nix/store/0bb16bnqa4raz3b8d0fayj25bcs131g3-qtshadertools-6.4.2/lib' '-L/nix/store/iw1vmh509hcbby8dbpsaanbri4zsq7dj-python3-3.10.10/lib' '-L/nix/store/4y8vjpf6qb8z43x99pc48yjbpdg1gb81-qtdeclarative-6.4.2/lib' '-L/nix/store/zvw6fflmybm80k4arxmmpdyzf7gn1msb-qt5compat-6.4.2/lib' '-L/nix/store/61imhlw6qszhcwmmiwxqdf72kn5fz2y5-quazip-1.3/lib' '-L/nix/store/5ymj2l7wacvb1b154v5mhlhng406ds0k-tomlplusplus-3.3.0/lib' '-L/nix/store/dkbq5hvylsc0d76lgmwyx4jm2pld63sl-cmark-0.30.3/lib' '-L/nix/store/4bmh1h8dn0k0s8bydmb1syk8cfsmgxb6-qtwayland-6.4.2/lib' '-L/nix/store/zihzfhfq28wp1yzx86dp1q4zccai745r-gamemode-1.7-lib/lib' '-L/nix/store/76l4v99sk83ylfwkz8wmwrm4s8h73rhd-glibc-2.35-224/lib' '-L/nix/store/2w4k8nvdyiggz717ygbbxchpnxrqc6y9-gcc-12.2.0-lib/lib' '-shared-libgcc' '-mtune=generic' '-march=x86-64' '-dumpdir' 'cmTC_0878c.'
 /nix/store/wx4nsqbssywgx9zkabwgl9sxm5l61ni3-gcc-12.2.0/libexec/gcc/x86_64-unknown-linux-gnu/12.2.0/collect2 -plugin /nix/store/wx4nsqbssywgx9zkabwgl9sxm5l61ni3-gcc-12.2.0/libexec/gcc/x86_64-unknown-linux-gnu/12.2.0/liblto_plugin.so -plugin-opt=/nix/store/wx4nsqbssywgx9zkabwgl9sxm5l61ni3-gcc-12.2.0/libexec/gcc/x86_64-unknown-linux-gnu/12.2.0/lto-wrapper -plugin-opt=-fresolution=/tmp/nix-shell.QeuHwI/ccdoD4AN.res -plugin-opt=-pass-through=-lgcc_s -plugin-opt=-pass-through=-lgcc -plugin-opt=-pass-through=-lc -plugin-opt=-pass-through=-lgcc_s -plugin-opt=-pass-through=-lgcc --eh-frame-hdr -m elf_x86_64 -dynamic-linker /nix/store/76l4v99sk83ylfwkz8wmwrm4s8h73rhd-glibc-2.35-224/lib64/ld-linux-x86-64.so.2 -o cmTC_0878c /nix/store/76l4v99sk83ylfwkz8wmwrm4s8h73rhd-glibc-2.35-224/lib/crt1.o /nix/store/76l4v99sk83ylfwkz8wmwrm4s8h73rhd-glibc-2.35-224/lib/crti.o /nix/store/wx4nsqbssywgx9zkabwgl9sxm5l61ni3-gcc-12.2.0/lib/gcc/x86_64-unknown-linux-gnu/12.2.0/crtbegin.o -L/nix/store/va9r2bdg56jc6qizpm6dyb97lnxfrhsy-file-5.44/lib -L/nix/store/mg9l7phyhvi16p9g8g3g8fbyj4mr79gq-zlib-1.2.13/lib -L/nix/store/hmh8yakhrp3r95b7r085m4xnzp8crz3b-libxml2-2.10.3/lib -L/nix/store/8ilmxyjyn4fn3ll7s19shppp7izswp2c-libxslt-1.1.37/lib -L/nix/store/5438qhyypn1kbdnm4312v8db4mkapwhl-openssl-3.0.8/lib -L/nix/store/c651qa8kqilglkx8fhxz0ibc4yfndlm8-sqlite-3.40.1/lib -L/nix/store/ci7r8mfkdg1b4wgawp6fff6ba6vyf33r-unixODBC-2.3.11/lib -L/nix/store/vgasd5zjsvdvq3w7ik13sfyyj1n0m5v7-graphite2-1.3.14/lib -L/nix/store/09yg78bcs6vibbk7py1k1l9qf1im9lwj-harfbuzz-7.0.0/lib -L/nix/store/jbsbrpz89j9sbk0shpqvk5jy3fddkffq-icu4c-72.1/lib -L/nix/store/rvv0110i3pg28vrhadhi1qfmhpgj1azy-libjpeg-turbo-2.1.4/lib -L/nix/store/idx4lcdd1p91dpib06d5mwyhszs6w8xw-libpng-apng-1.6.39/lib -L/nix/store/lm9jab801iavj3f9gjz6vc1fxhvvg2mj-pcre2-10.42/lib -L/nix/store/x6nnam5hk44mljbk782rcbd92jlnz8r6-pcre-8.45/lib -L/nix/store/i1wd03f4gq5l9bbzb8ir2v8aibsbdi47-libproxy-0.4.18/lib -L/nix/store/clln53sqbfn8i0z8x0ji3x3fz6zchqml-zstd-1.5.4/lib -L/nix/store/4hx2f3kfk824b3b44mhjgpph426lnj42-double-conversion-3.2.1/lib -L/nix/store/d9yf24k5n979y1qy03nlj1mnpijhs5rx-libb2-0.98.1/lib -L/nix/store/2pai53mrrahl85w7mbypxmplgx6wfqyd-md4c-0.4.8/lib -L/nix/store/inrxvaqv2zkdhg2v5vhqc0257p92wl2q-expat-2.5.0/lib -L/nix/store/q36hdg6hw9vlls7abq0y08gksqr2m2z2-dbus-1.14.4-lib/lib -L/nix/store/m0fsvgc5hrn3yjwsl9fvj5m6pyjk2il2-libffi-3.4.4/lib -L/nix/store/ik1vzp6bfwjxxg0cdcbmyl17yzn8idd4-gettext-0.21/lib -L/nix/store/rcwsvm3zmcpwl71b7r5f9ql599hw6f2b-glib-2.74.5/lib -L/nix/store/lfpcn90d6fwckk3ysihijfy2z5wsi7da-sqlite-connector-odbc-0.9993/lib -L/nix/store/kp51yj0jwdi2b7f8i93ici4c5z0x7bn3-systemd-252.5/lib -L/nix/store/b9ihpihmhnain100fjfd008nzf9ha6xj-util-linux-2.38.1-lib/lib -L/nix/store/xj6h98v3mjiqmwqv6zbw51xd3lgzdz7p-mtdev-1.1.6/lib -L/nix/store/zmqdq7fj6h273kxz969wr3h7g1jhzgz4-lksctp-tools-1.0.17/lib -L/nix/store/gqlj2nh329ymrawhlrhhd3wx9h5nwi38-libselinux-3.3/lib -L/nix/store/i4dbdvj0qdbglgqpa04xx8gs564n8953-libsepol-3.3/lib -L/nix/store/0hhi25jwagxm00kjwmh2zl395cgfdrfh-liburcu-0.13.2/lib -L/nix/store/jqvbspi73y5il9p4mmrf7bnnjvpf4r80-lttng-ust-2.13.1/lib -L/nix/store/izbwynagva4wx96ghpczpcs5v0d82xix-vulkan-loader-1.3.239.0/lib -L/nix/store/cbj48b5jcdhwmvn282gg3wkrnfvqcn0v-libthai-0.1.29/lib -L/nix/store/fp76f9kiv3mwh2h87lhmxcp173gi49jd-libdrm-2.4.114/lib -L/nix/store/4kz52y95zfn9l8pbn8f5jw1w61lgn0js-libdatrie-2019-12-20-lib/lib -L/nix/store/k0yrr5yq9yghbvvfv0qkblyia576kg4f-bzip2-1.0.8/lib -L/nix/store/6ahs2w409ysgvz4r0k1g0kypf6k3iwps-brotli-1.0.9-lib/lib -L/nix/store/2jq0rdhc7wb8fj0q82whsj9p50sdmvcv-freetype-2.12.1/lib -L/nix/store/mv56qyvfin02c96mxrdh60p3c0j05dvn-fontconfig-2.14.0-lib/lib -L/nix/store/cnkr9byk03mz454yzx48jkyy0c2rlfjz-libxcb-1.14/lib -L/nix/store/y0ym7qckhfldadc4wbwv0hs7765v10rd-libX11-1.8.4/lib -L/nix/store/zd5rypkk2h639y4ym6qc3l65dpka3ycc-libXfixes-6.0.0/lib -L/nix/store/8b686hlck6jkpxm9yx3n755cmqvcnhni-libXcomposite-0.4.5/lib -L/nix/store/qnwa2z8b9y76almh1mpp1iwnwdvrzxbj-libXau-1.0.9/lib -L/nix/store/qgg9iiyrp9s1cja2h9cblb9cjyy65ssz-libXext-1.3.4/lib -L/nix/store/kmbps8nyg8nhnwdbcpxkbn5mmcdal5hp-libXi-1.8/lib -L/nix/store/dg1irgbmn4znzbbw2yyc99bh85a1ll3n-libXrender-0.9.10/lib -L/nix/store/03bcgkqn4hsf2l2n0ny5xx2c1z0ga6gy-libxkbcommon-1.5.0/lib -L/nix/store/96azvh5x19v03hz2a7ic90gs9h59kkzq-xcb-util-0.4.0/lib -L/nix/store/xd9vz5ar0kr7fbiibqqykfcczvdd56rc-xcb-util-image-0.4.0/lib -L/nix/store/hk1dsk9bim336dhb78nxxcnz8c20ys9c-xcb-util-keysyms-0.4.0/lib -L/nix/store/6p4yljw6hwnh9jbl29nq9vyrfysyjb8z-xcb-util-renderutil-0.3.9/lib -L/nix/store/nf595y3dfgyq0wvmwnqq380xmbhjjiin-xcb-util-wm-0.4.1/lib -L/nix/store/3bhillndvhi9pvdkr4bb145170s7h7lz-libXdmcp-1.1.3/lib -L/nix/store/75jd6r549krqxk1iq5cl4slrr4vci11n-libXtst-1.2.3/lib -L/nix/store/m5ygz6nz3lxav4cswsgdrfga1lfkcrbr-xcb-util-cursor-0.1.3/lib -L/nix/store/3w5sakz3znb378b7wlfbr7bss3myhdi3-libepoxy-1.5.10/lib -L/nix/store/srnnb3xqzcn0afbc1sg2f3kahdbqp0hb-libGL-1.6.0/lib -L/nix/store/yl6ggfn054z9brd4rlzifn3zpiardjz2-libglvnd-1.6.0/lib -L/nix/store/baz8lrsrakrl0jdlz89hvbqv8mgvcqk9-qtbase-6.4.2/lib -L/nix/store/6dm5g796frdb2k7rqb0nyzm4s76gd3p9-qtsvg-6.4.2/lib -L/nix/store/0bb16bnqa4raz3b8d0fayj25bcs131g3-qtshadertools-6.4.2/lib -L/nix/store/iw1vmh509hcbby8dbpsaanbri4zsq7dj-python3-3.10.10/lib -L/nix/store/4y8vjpf6qb8z43x99pc48yjbpdg1gb81-qtdeclarative-6.4.2/lib -L/nix/store/zvw6fflmybm80k4arxmmpdyzf7gn1msb-qt5compat-6.4.2/lib -L/nix/store/61imhlw6qszhcwmmiwxqdf72kn5fz2y5-quazip-1.3/lib -L/nix/store/5ymj2l7wacvb1b154v5mhlhng406ds0k-tomlplusplus-3.3.0/lib -L/nix/store/dkbq5hvylsc0d76lgmwyx4jm2pld63sl-cmark-0.30.3/lib -L/nix/store/4bmh1h8dn0k0s8bydmb1syk8cfsmgxb6-qtwayland-6.4.2/lib -L/nix/store/zihzfhfq28wp1yzx86dp1q4zccai745r-gamemode-1.7-lib/lib -L/nix/store/va9r2bdg56jc6qizpm6dyb97lnxfrhsy-file-5.44/lib -L/nix/store/mg9l7phyhvi16p9g8g3g8fbyj4mr79gq-zlib-1.2.13/lib -L/nix/store/hmh8yakhrp3r95b7r085m4xnzp8crz3b-libxml2-2.10.3/lib -L/nix/store/8ilmxyjyn4fn3ll7s19shppp7izswp2c-libxslt-1.1.37/lib -L/nix/store/5438qhyypn1kbdnm4312v8db4mkapwhl-openssl-3.0.8/lib -L/nix/store/c651qa8kqilglkx8fhxz0ibc4yfndlm8-sqlite-3.40.1/lib -L/nix/store/ci7r8mfkdg1b4wgawp6fff6ba6vyf33r-unixODBC-2.3.11/lib -L/nix/store/vgasd5zjsvdvq3w7ik13sfyyj1n0m5v7-graphite2-1.3.14/lib -L/nix/store/09yg78bcs6vibbk7py1k1l9qf1im9lwj-harfbuzz-7.0.0/lib -L/nix/store/jbsbrpz89j9sbk0shpqvk5jy3fddkffq-icu4c-72.1/lib -L/nix/store/rvv0110i3pg28vrhadhi1qfmhpgj1azy-libjpeg-turbo-2.1.4/lib -L/nix/store/idx4lcdd1p91dpib06d5mwyhszs6w8xw-libpng-apng-1.6.39/lib -L/nix/store/lm9jab801iavj3f9gjz6vc1fxhvvg2mj-pcre2-10.42/lib -L/nix/store/x6nnam5hk44mljbk782rcbd92jlnz8r6-pcre-8.45/lib -L/nix/store/i1wd03f4gq5l9bbzb8ir2v8aibsbdi47-libproxy-0.4.18/lib -L/nix/store/clln53sqbfn8i0z8x0ji3x3fz6zchqml-zstd-1.5.4/lib -L/nix/store/4hx2f3kfk824b3b44mhjgpph426lnj42-double-conversion-3.2.1/lib -L/nix/store/d9yf24k5n979y1qy03nlj1mnpijhs5rx-libb2-0.98.1/lib -L/nix/store/2pai53mrrahl85w7mbypxmplgx6wfqyd-md4c-0.4.8/lib -L/nix/store/inrxvaqv2zkdhg2v5vhqc0257p92wl2q-expat-2.5.0/lib -L/nix/store/q36hdg6hw9vlls7abq0y08gksqr2m2z2-dbus-1.14.4-lib/lib -L/nix/store/m0fsvgc5hrn3yjwsl9fvj5m6pyjk2il2-libffi-3.4.4/lib -L/nix/store/ik1vzp6bfwjxxg0cdcbmyl17yzn8idd4-gettext-0.21/lib -L/nix/store/rcwsvm3zmcpwl71b7r5f9ql599hw6f2b-glib-2.74.5/lib -L/nix/store/lfpcn90d6fwckk3ysihijfy2z5wsi7da-sqlite-connector-odbc-0.9993/lib -L/nix/store/kp51yj0jwdi2b7f8i93ici4c5z0x7bn3-systemd-252.5/lib -L/nix/store/b9ihpihmhnain100fjfd008nzf9ha6xj-util-linux-2.38.1-lib/lib -L/nix/store/xj6h98v3mjiqmwqv6zbw51xd3lgzdz7p-mtdev-1.1.6/lib -L/nix/store/zmqdq7fj6h273kxz969wr3h7g1jhzgz4-lksctp-tools-1.0.17/lib -L/nix/store/gqlj2nh329ymrawhlrhhd3wx9h5nwi38-libselinux-3.3/lib -L/nix/store/i4dbdvj0qdbglgqpa04xx8gs564n8953-libsepol-3.3/lib -L/nix/store/0hhi25jwagxm00kjwmh2zl395cgfdrfh-liburcu-0.13.2/lib -L/nix/store/jqvbspi73y5il9p4mmrf7bnnjvpf4r80-lttng-ust-2.13.1/lib -L/nix/store/izbwynagva4wx96ghpczpcs5v0d82xix-vulkan-loader-1.3.239.0/lib -L/nix/store/cbj48b5jcdhwmvn282gg3wkrnfvqcn0v-libthai-0.1.29/lib -L/nix/store/fp76f9kiv3mwh2h87lhmxcp173gi49jd-libdrm-2.4.114/lib -L/nix/store/4kz52y95zfn9l8pbn8f5jw1w61lgn0js-libdatrie-2019-12-20-lib/lib -L/nix/store/k0yrr5yq9yghbvvfv0qkblyia576kg4f-bzip2-1.0.8/lib -L/nix/store/6ahs2w409ysgvz4r0k1g0kypf6k3iwps-brotli-1.0.9-lib/lib -L/nix/store/2jq0rdhc7wb8fj0q82whsj9p50sdmvcv-freetype-2.12.1/lib -L/nix/store/mv56qyvfin02c96mxrdh60p3c0j05dvn-fontconfig-2.14.0-lib/lib -L/nix/store/cnkr9byk03mz454yzx48jkyy0c2rlfjz-libxcb-1.14/lib -L/nix/store/y0ym7qckhfldadc4wbwv0hs7765v10rd-libX11-1.8.4/lib -L/nix/store/zd5rypkk2h639y4ym6qc3l65dpka3ycc-libXfixes-6.0.0/lib -L/nix/store/8b686hlck6jkpxm9yx3n755cmqvcnhni-libXcomposite-0.4.5/lib -L/nix/store/qnwa2z8b9y76almh1mpp1iwnwdvrzxbj-libXau-1.0.9/lib -L/nix/store/qgg9iiyrp9s1cja2h9cblb9cjyy65ssz-libXext-1.3.4/lib -L/nix/store/kmbps8nyg8nhnwdbcpxkbn5mmcdal5hp-libXi-1.8/lib -L/nix/store/dg1irgbmn4znzbbw2yyc99bh85a1ll3n-libXrender-0.9.10/lib -L/nix/store/03bcgkqn4hsf2l2n0ny5xx2c1z0ga6gy-libxkbcommon-1.5.0/lib -L/nix/store/96azvh5x19v03hz2a7ic90gs9h59kkzq-xcb-util-0.4.0/lib -L/nix/store/xd9vz5ar0kr7fbiibqqykfcczvdd56rc-xcb-util-image-0.4.0/lib -L/nix/store/hk1dsk9bim336dhb78nxxcnz8c20ys9c-xcb-util-keysyms-0.4.0/lib -L/nix/store/6p4yljw6hwnh9jbl29nq9vyrfysyjb8z-xcb-util-renderutil-0.3.9/lib -L/nix/store/nf595y3dfgyq0wvmwnqq380xmbhjjiin-xcb-util-wm-0.4.1/lib -L/nix/store/3bhillndvhi9pvdkr4bb145170s7h7lz-libXdmcp-1.1.3/lib -L/nix/store/75jd6r549krqxk1iq5cl4slrr4vci11n-libXtst-1.2.3/lib -L/nix/store/m5ygz6nz3lxav4cswsgdrfga1lfkcrbr-xcb-util-cursor-0.1.3/lib -L/nix/store/3w5sakz3znb378b7wlfbr7bss3myhdi3-libepoxy-1.5.10/lib -L/nix/store/srnnb3xqzcn0afbc1sg2f3kahdbqp0hb-libGL-1.6.0/lib -L/nix/store/yl6ggfn054z9brd4rlzifn3zpiardjz2-libglvnd-1.6.0/lib -L/nix/store/baz8lrsrakrl0jdlz89hvbqv8mgvcqk9-qtbase-6.4.2/lib -L/nix/store/6dm5g796frdb2k7rqb0nyzm4s76gd3p9-qtsvg-6.4.2/lib -L/nix/store/0bb16bnqa4raz3b8d0fayj25bcs131g3-qtshadertools-6.4.2/lib -L/nix/store/iw1vmh509hcbby8dbpsaanbri4zsq7dj-python3-3.10.10/lib -L/nix/store/4y8vjpf6qb8z43x99pc48yjbpdg1gb81-qtdeclarative-6.4.2/lib -L/nix/store/zvw6fflmybm80k4arxmmpdyzf7gn1msb-qt5compat-6.4.2/lib -L/nix/store/61imhlw6qszhcwmmiwxqdf72kn5fz2y5-quazip-1.3/lib -L/nix/store/5ymj2l7wacvb1b154v5mhlhng406ds0k-tomlplusplus-3.3.0/lib -L/nix/store/dkbq5hvylsc0d76lgmwyx4jm2pld63sl-cmark-0.30.3/lib -L/nix/store/4bmh1h8dn0k0s8bydmb1syk8cfsmgxb6-qtwayland-6.4.2/lib -L/nix/store/zihzfhfq28wp1yzx86dp1q4zccai745r-gamemode-1.7-lib/lib -L/nix/store/76l4v99sk83ylfwkz8wmwrm4s8h73rhd-glibc-2.35-224/lib -L/nix/store/2w4k8nvdyiggz717ygbbxchpnxrqc6y9-gcc-12.2.0-lib/lib -L/nix/store/76l4v99sk83ylfwkz8wmwrm4s8h73rhd-glibc-2.35-224/lib -L/nix/store/2w4k8nvdyiggz717ygbbxchpnxrqc6y9-gcc-12.2.0-lib/lib -L/nix/store/bfbp3ypd9nm3fapz634gvvs738blrl0y-gcc-wrapper-12.2.0/bin -L/nix/store/wx4nsqbssywgx9zkabwgl9sxm5l61ni3-gcc-12.2.0/lib/gcc/x86_64-unknown-linux-gnu/12.2.0 -L/nix/store/wx4nsqbssywgx9zkabwgl9sxm5l61ni3-gcc-12.2.0/lib/gcc/x86_64-unknown-linux-gnu/12.2.0/../../../../lib64 -L/nix/store/wx4nsqbssywgx9zkabwgl9sxm5l61ni3-gcc-12.2.0/lib/gcc/x86_64-unknown-linux-gnu/12.2.0/../../.. -dynamic-linker=/nix/store/76l4v99sk83ylfwkz8wmwrm4s8h73rhd-glibc-2.35-224/lib/ld-linux-x86-64.so.2 CMakeFiles/cmTC_0878c.dir/CMakeCXXCompilerABI.cpp.o -rpath /workspace/PrismLauncher/outputs/out/lib64 -rpath /workspace/PrismLauncher/outputs/out/lib -lstdc++ -lm -lgcc_s -lgcc -lc -lgcc_s -lgcc /nix/store/wx4nsqbssywgx9zkabwgl9sxm5l61ni3-gcc-12.2.0/lib/gcc/x86_64-unknown-linux-gnu/12.2.0/crtend.o /nix/store/76l4v99sk83ylfwkz8wmwrm4s8h73rhd-glibc-2.35-224/lib/crtn.o
COLLECT_GCC_OPTIONS='-fPIC' '-Wformat=1' '-Wformat-security' '-Werror=format-security' '-fstack-protector-strong' '--param=ssp-buffer-size=4' '-O2' '-U' '_FORTIFY_SOURCE' '-D' '_FORTIFY_SOURCE=2' '-fno-strict-overflow' '-v' '-o' 'cmTC_0878c' '-B' '/nix/store/76l4v99sk83ylfwkz8wmwrm4s8h73rhd-glibc-2.35-224/lib/' '-idirafter' '/nix/store/pqnd39aq2sksad2zvswjcpkqdc7ig3f9-glibc-2.35-224-dev/include' '-idirafter' '/nix/store/wx4nsqbssywgx9zkabwgl9sxm5l61ni3-gcc-12.2.0/lib/gcc/x86_64-unknown-linux-gnu/12.2.0/include-fixed' '-B' '/nix/store/2w4k8nvdyiggz717ygbbxchpnxrqc6y9-gcc-12.2.0-lib/lib' '-B' '/nix/store/bfbp3ypd9nm3fapz634gvvs738blrl0y-gcc-wrapper-12.2.0/bin/' '-frandom-seed=sy5449x9ji' '-D' 'QT_NO_DEBUG' '-isystem' '/nix/store/va9r2bdg56jc6qizpm6dyb97lnxfrhsy-file-5.44/include' '-isystem' '/nix/store/jkv8vb24ab371hlsp55fj953kwh01m8n-openjdk-17.0.6+10/include' '-isystem' '/nix/store/i9cf4vmk6kfqlds56vfllmmz0zdk7rp0-qtbase-6.4.2-dev/include' '-isystem' '/nix/store/0z5wasald7dmipjpbx8kw31pj0kzjxpg-libxml2-2.10.3-dev/include' '-isystem' '/nix/store/qgqsyg7gmqy3fz6shvzhcc7m7pkfw2ig-zlib-1.2.13-dev/include' '-isystem' '/nix/store/i57f5lhc83sfnck9d6rik0dbnbxr9qlw-libxslt-1.1.37-dev/include' '-isystem' '/nix/store/fyiwac98bi86nd5qzz9bhvs1bvmmwgad-openssl-3.0.8-dev/include' '-isystem' '/nix/store/i1h2yf133m4rfzgfgl0zdxjxniyy6kvg-sqlite-3.40.1-dev/include' '-isystem' '/nix/store/ci7r8mfkdg1b4wgawp6fff6ba6vyf33r-unixODBC-2.3.11/include' '-isystem' '/nix/store/vddrjv0wnknv73njnwzj3in0467dk9qa-harfbuzz-7.0.0-dev/include' '-isystem' '/nix/store/vgasd5zjsvdvq3w7ik13sfyyj1n0m5v7-graphite2-1.3.14/include' '-isystem' '/nix/store/86nsxqcmzcc85qzrsczb33jwqgcyl35g-icu4c-72.1-dev/include' '-isystem' '/nix/store/dra1y7qr8clxdssfx5s1grbg2lvg5ifd-libjpeg-turbo-2.1.4-dev/include' '-isystem' '/nix/store/463cn57ci7xxwr28c1d68zwbr001ka8h-libpng-apng-1.6.39-dev/include' '-isystem' '/nix/store/vr9naiikd2k84ygclm3vlr3agbjcgvzi-pcre2-10.42-dev/include' '-isystem' '/nix/store/zc41j2il39qmw9kfwa0zl37dz4izcjdp-pcre-8.45-dev/include' '-isystem' '/nix/store/k4w3vafb6k1b3zc2a6v1lr4w0iknnp65-libproxy-0.4.18-dev/include' '-isystem' '/nix/store/s8axys9hpvwxn5718iwrnyvwms4djz96-zstd-1.5.4-dev/include' '-isystem' '/nix/store/4hx2f3kfk824b3b44mhjgpph426lnj42-double-conversion-3.2.1/include' '-isystem' '/nix/store/d9yf24k5n979y1qy03nlj1mnpijhs5rx-libb2-0.98.1/include' '-isystem' '/nix/store/2pai53mrrahl85w7mbypxmplgx6wfqyd-md4c-0.4.8/include' '-isystem' '/nix/store/l8d014vy8n42sp6r6j3wjqldylcyvqyk-dbus-1.14.4-dev/include' '-isystem' '/nix/store/gqvyvc9ckzijwcw641v6qgg7fz8z63mc-expat-2.5.0-dev/include' '-isystem' '/nix/store/152gsygyjagsirvdg3icmz4px39wddwj-glib-2.74.5-dev/include' '-isystem' '/nix/store/4j08mgygxhi9y3957hbwqn1bg02va18y-libffi-3.4.4-dev/include' '-isystem' '/nix/store/ik1vzp6bfwjxxg0cdcbmyl17yzn8idd4-gettext-0.21/include' '-isystem' '/nix/store/1r3a6ji72zxvkyhqfgq1pymdiyjk93l5-glibc-iconv-2.35/include' '-isystem' '/nix/store/f04f2mxjzx7s34payvq6lna9qcaall3s-mariadb-connector-odbc-3.1.14/include' '-isystem' '/nix/store/2gm71c7yljswz2yz3i6125nx2rwkg9n6-systemd-252.5-dev/include' '-isystem' '/nix/store/1gb83p8c3fkjqyb0l30lz0303jhv088k-util-linux-2.38.1-dev/include' '-isystem' '/nix/store/xj6h98v3mjiqmwqv6zbw51xd3lgzdz7p-mtdev-1.1.6/include' '-isystem' '/nix/store/zmqdq7fj6h273kxz969wr3h7g1jhzgz4-lksctp-tools-1.0.17/include' '-isystem' '/nix/store/dvgpj4kwxp5pxhax93zqv80b4ql8xwla-libselinux-3.3-dev/include' '-isystem' '/nix/store/0p1v5zn2mb55xs9297x5p7vgdnhrjjmf-libsepol-3.3-dev/include' '-isystem' '/nix/store/zl2rzaxviah8cpknrlnpawpfvmjvjh0d-lttng-ust-2.13.1-dev/include' '-isystem' '/nix/store/0hhi25jwagxm00kjwmh2zl395cgfdrfh-liburcu-0.13.2/include' '-isystem' '/nix/store/k7pydn7w2dd03cchddkgzdb94brxisp9-vulkan-headers-1.3.239.0/include' '-isystem' '/nix/store/gxsg7g5higv817948fw3jyamypfc229g-libthai-0.1.29-dev/include' '-isystem' '/nix/store/hq2n7bnn6z2p0p94n4mixbbrsyi1qbdf-libdrm-2.4.114-dev/include' '-isystem' '/nix/store/bin4ww0irasbdvhqqg8lcwjg3025x4pq-libdatrie-2019-12-20-dev/include' '-isystem' '/nix/store/6bdds6632r9fp7mrh27qxjv90d7lzh0y-fontconfig-2.14.0-dev/include' '-isystem' '/nix/store/ybd7brnb5kavanvz40mg2p5pmgnczi85-freetype-2.12.1-dev/include' '-isystem' '/nix/store/abs0rlwm6jh4l1k831fvqggpgfrs91pv-bzip2-1.0.8-dev/include' '-isystem' '/nix/store/84r63sb6w4l1y1ab3vmk3xg84is027y2-brotli-1.0.9-dev/include' '-isystem' '/nix/store/q2sjb83p9kh7j653237wr5xzsdc17sgj-libX11-1.8.4-dev/include' '-isystem' '/nix/store/9d1fbfvijywjsxh5b060qy5dd01cqbrs-xorgproto-2021.5/include' '-isystem' '/nix/store/rr353rjxy36vvakib4cyajjj2r3gqw5x-libxcb-1.14-dev/include' '-isystem' '/nix/store/j4i01gassjbbm5i3x4qczy21pmfw05q2-libXcomposite-0.4.5-dev/include' '-isystem' '/nix/store/dbbvxfbsix59452vbjngfndr8xddb3nc-libXfixes-6.0.0-dev/include' '-isystem' '/nix/store/f5blw2z7jr4h2qkzfdmjkwak142353rq-libXext-1.3.4-dev/include' '-isystem' '/nix/store/jhxfmh0lh0dkk11fpys8350w8hk7ljf7-libXau-1.0.9-dev/include' '-isystem' '/nix/store/dci0q5r0v1j5d7vryy13as7banrix0sj-libXi-1.8-dev/include' '-isystem' '/nix/store/slpgdz4ha0w6y2c25n0ljda4536p9yi4-libXrender-0.9.10-dev/include' '-isystem' '/nix/store/l01q7h5h4wxr880jzxpc5fdrwnbqxfzn-libxkbcommon-1.5.0-dev/include' '-isystem' '/nix/store/9qzw3zscs3b4gc97bsaq991iifgz4977-xcb-util-0.4.0-dev/include' '-isystem' '/nix/store/cwvwhmigx77mydbv1h51pp2l2vijr2rs-xcb-util-image-0.4.0-dev/include' '-isystem' '/nix/store/v0qpk37hyfrpgga44f58yrb36gpay3ks-xcb-util-keysyms-0.4.0-dev/include' '-isystem' '/nix/store/x45m835963ss4all6g03wms91284j904-xcb-util-renderutil-0.3.9-dev/include' '-isystem' '/nix/store/qhjq1dap6j4h5g3srizm6dkshz63zdwv-xcb-util-wm-0.4.1-dev/include' '-isystem' '/nix/store/dzkwzx2qnhsx7938ywxqvygw5n28gy63-libXdmcp-1.1.3-dev/include' '-isystem' '/nix/store/75jd6r549krqxk1iq5cl4slrr4vci11n-libXtst-1.2.3/include' '-isystem' '/nix/store/rkz9zhzj975y9hvb8kav017da08hgq2b-xcb-util-cursor-0.1.3-dev/include' '-isystem' '/nix/store/dvrxv7fvlkj5cbjq6262m6f4jdpdvmxx-libepoxy-1.5.10-dev/include' '-isystem' '/nix/store/fqwihpqn2wmhjqw251w1r7dyw659abrh-libGL-1.6.0-dev/include' '-isystem' '/nix/store/y7fpp50b5l7l4g5hk76w2mm2p8jhrwyg-libglvnd-1.6.0-dev/include' '-isystem' '/nix/store/xr3l5mnqwgminijy321myshjx6w55530-qtsvg-6.4.2-dev/include' '-isystem' '/nix/store/a85vmwd6cgixmd25226zr4awdvh50xyd-quazip-1.3-dev/include' '-isystem' '/nix/store/jf4k9zv0nn0dij7jyh9cb7l2s4h5p65y-qt5compat-6.4.2-dev/include' '-isystem' '/nix/store/cj4cjywrz168aijw38dysql6ksafnbjs-qtdeclarative-6.4.2-dev/include' '-isystem' '/nix/store/mnpx93zc62xwqlkx0bycrab6604cdhcm-qtshadertools-6.4.2-dev/include' '-isystem' '/nix/store/iw1vmh509hcbby8dbpsaanbri4zsq7dj-python3-3.10.10/include' '-isystem' '/nix/store/h9a8m4y88pn2jg8h96j6i2blgzarrvcx-filesystem-1.5.12/include' '-isystem' '/nix/store/5ymj2l7wacvb1b154v5mhlhng406ds0k-tomlplusplus-3.3.0/include' '-isystem' '/nix/store/dkbq5hvylsc0d76lgmwyx4jm2pld63sl-cmark-0.30.3/include' '-isystem' '/nix/store/4gxhcwhrh92pn91ax09wxgqg2pqj9i61-qtwayland-6.4.2-dev/include' '-isystem' '/nix/store/wzrqym8dzidzhvm5h308kzqcan2zbf5j-gamemode-1.7-dev/include' '-isystem' '/nix/store/va9r2bdg56jc6qizpm6dyb97lnxfrhsy-file-5.44/include' '-isystem' '/nix/store/jkv8vb24ab371hlsp55fj953kwh01m8n-openjdk-17.0.6+10/include' '-isystem' '/nix/store/i9cf4vmk6kfqlds56vfllmmz0zdk7rp0-qtbase-6.4.2-dev/include' '-isystem' '/nix/store/0z5wasald7dmipjpbx8kw31pj0kzjxpg-libxml2-2.10.3-dev/include' '-isystem' '/nix/store/qgqsyg7gmqy3fz6shvzhcc7m7pkfw2ig-zlib-1.2.13-dev/include' '-isystem' '/nix/store/i57f5lhc83sfnck9d6rik0dbnbxr9qlw-libxslt-1.1.37-dev/include' '-isystem' '/nix/store/fyiwac98bi86nd5qzz9bhvs1bvmmwgad-openssl-3.0.8-dev/include' '-isystem' '/nix/store/i1h2yf133m4rfzgfgl0zdxjxniyy6kvg-sqlite-3.40.1-dev/include' '-isystem' '/nix/store/ci7r8mfkdg1b4wgawp6fff6ba6vyf33r-unixODBC-2.3.11/include' '-isystem' '/nix/store/vddrjv0wnknv73njnwzj3in0467dk9qa-harfbuzz-7.0.0-dev/include' '-isystem' '/nix/store/vgasd5zjsvdvq3w7ik13sfyyj1n0m5v7-graphite2-1.3.14/include' '-isystem' '/nix/store/86nsxqcmzcc85qzrsczb33jwqgcyl35g-icu4c-72.1-dev/include' '-isystem' '/nix/store/dra1y7qr8clxdssfx5s1grbg2lvg5ifd-libjpeg-turbo-2.1.4-dev/include' '-isystem' '/nix/store/463cn57ci7xxwr28c1d68zwbr001ka8h-libpng-apng-1.6.39-dev/include' '-isystem' '/nix/store/vr9naiikd2k84ygclm3vlr3agbjcgvzi-pcre2-10.42-dev/include' '-isystem' '/nix/store/zc41j2il39qmw9kfwa0zl37dz4izcjdp-pcre-8.45-dev/include' '-isystem' '/nix/store/k4w3vafb6k1b3zc2a6v1lr4w0iknnp65-libproxy-0.4.18-dev/include' '-isystem' '/nix/store/s8axys9hpvwxn5718iwrnyvwms4djz96-zstd-1.5.4-dev/include' '-isystem' '/nix/store/4hx2f3kfk824b3b44mhjgpph426lnj42-double-conversion-3.2.1/include' '-isystem' '/nix/store/d9yf24k5n979y1qy03nlj1mnpijhs5rx-libb2-0.98.1/include' '-isystem' '/nix/store/2pai53mrrahl85w7mbypxmplgx6wfqyd-md4c-0.4.8/include' '-isystem' '/nix/store/l8d014vy8n42sp6r6j3wjqldylcyvqyk-dbus-1.14.4-dev/include' '-isystem' '/nix/store/gqvyvc9ckzijwcw641v6qgg7fz8z63mc-expat-2.5.0-dev/include' '-isystem' '/nix/store/152gsygyjagsirvdg3icmz4px39wddwj-glib-2.74.5-dev/include' '-isystem' '/nix/store/4j08mgygxhi9y3957hbwqn1bg02va18y-libffi-3.4.4-dev/include' '-isystem' '/nix/store/ik1vzp6bfwjxxg0cdcbmyl17yzn8idd4-gettext-0.21/include' '-isystem' '/nix/store/1r3a6ji72zxvkyhqfgq1pymdiyjk93l5-glibc-iconv-2.35/include' '-isystem' '/nix/store/f04f2mxjzx7s34payvq6lna9qcaall3s-mariadb-connector-odbc-3.1.14/include' '-isystem' '/nix/store/2gm71c7yljswz2yz3i6125nx2rwkg9n6-systemd-252.5-dev/include' '-isystem' '/nix/store/1gb83p8c3fkjqyb0l30lz0303jhv088k-util-linux-2.38.1-dev/include' '-isystem' '/nix/store/xj6h98v3mjiqmwqv6zbw51xd3lgzdz7p-mtdev-1.1.6/include' '-isystem' '/nix/store/zmqdq7fj6h273kxz969wr3h7g1jhzgz4-lksctp-tools-1.0.17/include' '-isystem' '/nix/store/dvgpj4kwxp5pxhax93zqv80b4ql8xwla-libselinux-3.3-dev/include' '-isystem' '/nix/store/0p1v5zn2mb55xs9297x5p7vgdnhrjjmf-libsepol-3.3-dev/include' '-isystem' '/nix/store/zl2rzaxviah8cpknrlnpawpfvmjvjh0d-lttng-ust-2.13.1-dev/include' '-isystem' '/nix/store/0hhi25jwagxm00kjwmh2zl395cgfdrfh-liburcu-0.13.2/include' '-isystem' '/nix/store/k7pydn7w2dd03cchddkgzdb94brxisp9-vulkan-headers-1.3.239.0/include' '-isystem' '/nix/store/gxsg7g5higv817948fw3jyamypfc229g-libthai-0.1.29-dev/include' '-isystem' '/nix/store/hq2n7bnn6z2p0p94n4mixbbrsyi1qbdf-libdrm-2.4.114-dev/include' '-isystem' '/nix/store/bin4ww0irasbdvhqqg8lcwjg3025x4pq-libdatrie-2019-12-20-dev/include' '-isystem' '/nix/store/6bdds6632r9fp7mrh27qxjv90d7lzh0y-fontconfig-2.14.0-dev/include' '-isystem' '/nix/store/ybd7brnb5kavanvz40mg2p5pmgnczi85-freetype-2.12.1-dev/include' '-isystem' '/nix/store/abs0rlwm6jh4l1k831fvqggpgfrs91pv-bzip2-1.0.8-dev/include' '-isystem' '/nix/store/84r63sb6w4l1y1ab3vmk3xg84is027y2-brotli-1.0.9-dev/include' '-isystem' '/nix/store/q2sjb83p9kh7j653237wr5xzsdc17sgj-libX11-1.8.4-dev/include' '-isystem' '/nix/store/9d1fbfvijywjsxh5b060qy5dd01cqbrs-xorgproto-2021.5/include' '-isystem' '/nix/store/rr353rjxy36vvakib4cyajjj2r3gqw5x-libxcb-1.14-dev/include' '-isystem' '/nix/store/j4i01gassjbbm5i3x4qczy21pmfw05q2-libXcomposite-0.4.5-dev/include' '-isystem' '/nix/store/dbbvxfbsix59452vbjngfndr8xddb3nc-libXfixes-6.0.0-dev/include' '-isystem' '/nix/store/f5blw2z7jr4h2qkzfdmjkwak142353rq-libXext-1.3.4-dev/include' '-isystem' '/nix/store/jhxfmh0lh0dkk11fpys8350w8hk7ljf7-libXau-1.0.9-dev/include' '-isystem' '/nix/store/dci0q5r0v1j5d7vryy13as7banrix0sj-libXi-1.8-dev/include' '-isystem' '/nix/store/slpgdz4ha0w6y2c25n0ljda4536p9yi4-libXrender-0.9.10-dev/include' '-isystem' '/nix/store/l01q7h5h4wxr880jzxpc5fdrwnbqxfzn-libxkbcommon-1.5.0-dev/include' '-isystem' '/nix/store/9qzw3zscs3b4gc97bsaq991iifgz4977-xcb-util-0.4.0-dev/include' '-isystem' '/nix/store/cwvwhmigx77mydbv1h51pp2l2vijr2rs-xcb-util-image-0.4.0-dev/include' '-isystem' '/nix/store/v0qpk37hyfrpgga44f58yrb36gpay3ks-xcb-util-keysyms-0.4.0-dev/include' '-isystem' '/nix/store/x45m835963ss4all6g03wms91284j904-xcb-util-renderutil-0.3.9-dev/include' '-isystem' '/nix/store/qhjq1dap6j4h5g3srizm6dkshz63zdwv-xcb-util-wm-0.4.1-dev/include' '-isystem' '/nix/store/dzkwzx2qnhsx7938ywxqvygw5n28gy63-libXdmcp-1.1.3-dev/include' '-isystem' '/nix/store/75jd6r549krqxk1iq5cl4slrr4vci11n-libXtst-1.2.3/include' '-isystem' '/nix/store/rkz9zhzj975y9hvb8kav017da08hgq2b-xcb-util-cursor-0.1.3-dev/include' '-isystem' '/nix/store/dvrxv7fvlkj5cbjq6262m6f4jdpdvmxx-libepoxy-1.5.10-dev/include' '-isystem' '/nix/store/fqwihpqn2wmhjqw251w1r7dyw659abrh-libGL-1.6.0-dev/include' '-isystem' '/nix/store/y7fpp50b5l7l4g5hk76w2mm2p8jhrwyg-libglvnd-1.6.0-dev/include' '-isystem' '/nix/store/xr3l5mnqwgminijy321myshjx6w55530-qtsvg-6.4.2-dev/include' '-isystem' '/nix/store/a85vmwd6cgixmd25226zr4awdvh50xyd-quazip-1.3-dev/include' '-isystem' '/nix/store/jf4k9zv0nn0dij7jyh9cb7l2s4h5p65y-qt5compat-6.4.2-dev/include' '-isystem' '/nix/store/cj4cjywrz168aijw38dysql6ksafnbjs-qtdeclarative-6.4.2-dev/include' '-isystem' '/nix/store/mnpx93zc62xwqlkx0bycrab6604cdhcm-qtshadertools-6.4.2-dev/include' '-isystem' '/nix/store/iw1vmh509hcbby8dbpsaanbri4zsq7dj-python3-3.10.10/include' '-isystem' '/nix/store/h9a8m4y88pn2jg8h96j6i2blgzarrvcx-filesystem-1.5.12/include' '-isystem' '/nix/store/5ymj2l7wacvb1b154v5mhlhng406ds0k-tomlplusplus-3.3.0/include' '-isystem' '/nix/store/dkbq5hvylsc0d76lgmwyx4jm2pld63sl-cmark-0.30.3/include' '-isystem' '/nix/store/4gxhcwhrh92pn91ax09wxgqg2pqj9i61-qtwayland-6.4.2-dev/include' '-isystem' '/nix/store/wzrqym8dzidzhvm5h308kzqcan2zbf5j-gamemode-1.7-dev/include' '-L/nix/store/va9r2bdg56jc6qizpm6dyb97lnxfrhsy-file-5.44/lib' '-L/nix/store/mg9l7phyhvi16p9g8g3g8fbyj4mr79gq-zlib-1.2.13/lib' '-L/nix/store/hmh8yakhrp3r95b7r085m4xnzp8crz3b-libxml2-2.10.3/lib' '-L/nix/store/8ilmxyjyn4fn3ll7s19shppp7izswp2c-libxslt-1.1.37/lib' '-L/nix/store/5438qhyypn1kbdnm4312v8db4mkapwhl-openssl-3.0.8/lib' '-L/nix/store/c651qa8kqilglkx8fhxz0ibc4yfndlm8-sqlite-3.40.1/lib' '-L/nix/store/ci7r8mfkdg1b4wgawp6fff6ba6vyf33r-unixODBC-2.3.11/lib' '-L/nix/store/vgasd5zjsvdvq3w7ik13sfyyj1n0m5v7-graphite2-1.3.14/lib' '-L/nix/store/09yg78bcs6vibbk7py1k1l9qf1im9lwj-harfbuzz-7.0.0/lib' '-L/nix/store/jbsbrpz89j9sbk0shpqvk5jy3fddkffq-icu4c-72.1/lib' '-L/nix/store/rvv0110i3pg28vrhadhi1qfmhpgj1azy-libjpeg-turbo-2.1.4/lib' '-L/nix/store/idx4lcdd1p91dpib06d5mwyhszs6w8xw-libpng-apng-1.6.39/lib' '-L/nix/store/lm9jab801iavj3f9gjz6vc1fxhvvg2mj-pcre2-10.42/lib' '-L/nix/store/x6nnam5hk44mljbk782rcbd92jlnz8r6-pcre-8.45/lib' '-L/nix/store/i1wd03f4gq5l9bbzb8ir2v8aibsbdi47-libproxy-0.4.18/lib' '-L/nix/store/clln53sqbfn8i0z8x0ji3x3fz6zchqml-zstd-1.5.4/lib' '-L/nix/store/4hx2f3kfk824b3b44mhjgpph426lnj42-double-conversion-3.2.1/lib' '-L/nix/store/d9yf24k5n979y1qy03nlj1mnpijhs5rx-libb2-0.98.1/lib' '-L/nix/store/2pai53mrrahl85w7mbypxmplgx6wfqyd-md4c-0.4.8/lib' '-L/nix/store/inrxvaqv2zkdhg2v5vhqc0257p92wl2q-expat-2.5.0/lib' '-L/nix/store/q36hdg6hw9vlls7abq0y08gksqr2m2z2-dbus-1.14.4-lib/lib' '-L/nix/store/m0fsvgc5hrn3yjwsl9fvj5m6pyjk2il2-libffi-3.4.4/lib' '-L/nix/store/ik1vzp6bfwjxxg0cdcbmyl17yzn8idd4-gettext-0.21/lib' '-L/nix/store/rcwsvm3zmcpwl71b7r5f9ql599hw6f2b-glib-2.74.5/lib' '-L/nix/store/lfpcn90d6fwckk3ysihijfy2z5wsi7da-sqlite-connector-odbc-0.9993/lib' '-L/nix/store/kp51yj0jwdi2b7f8i93ici4c5z0x7bn3-systemd-252.5/lib' '-L/nix/store/b9ihpihmhnain100fjfd008nzf9ha6xj-util-linux-2.38.1-lib/lib' '-L/nix/store/xj6h98v3mjiqmwqv6zbw51xd3lgzdz7p-mtdev-1.1.6/lib' '-L/nix/store/zmqdq7fj6h273kxz969wr3h7g1jhzgz4-lksctp-tools-1.0.17/lib' '-L/nix/store/gqlj2nh329ymrawhlrhhd3wx9h5nwi38-libselinux-3.3/lib' '-L/nix/store/i4dbdvj0qdbglgqpa04xx8gs564n8953-libsepol-3.3/lib' '-L/nix/store/0hhi25jwagxm00kjwmh2zl395cgfdrfh-liburcu-0.13.2/lib' '-L/nix/store/jqvbspi73y5il9p4mmrf7bnnjvpf4r80-lttng-ust-2.13.1/lib' '-L/nix/store/izbwynagva4wx96ghpczpcs5v0d82xix-vulkan-loader-1.3.239.0/lib' '-L/nix/store/cbj48b5jcdhwmvn282gg3wkrnfvqcn0v-libthai-0.1.29/lib' '-L/nix/store/fp76f9kiv3mwh2h87lhmxcp173gi49jd-libdrm-2.4.114/lib' '-L/nix/store/4kz52y95zfn9l8pbn8f5jw1w61lgn0js-libdatrie-2019-12-20-lib/lib' '-L/nix/store/k0yrr5yq9yghbvvfv0qkblyia576kg4f-bzip2-1.0.8/lib' '-L/nix/store/6ahs2w409ysgvz4r0k1g0kypf6k3iwps-brotli-1.0.9-lib/lib' '-L/nix/store/2jq0rdhc7wb8fj0q82whsj9p50sdmvcv-freetype-2.12.1/lib' '-L/nix/store/mv56qyvfin02c96mxrdh60p3c0j05dvn-fontconfig-2.14.0-lib/lib' '-L/nix/store/cnkr9byk03mz454yzx48jkyy0c2rlfjz-libxcb-1.14/lib' '-L/nix/store/y0ym7qckhfldadc4wbwv0hs7765v10rd-libX11-1.8.4/lib' '-L/nix/store/zd5rypkk2h639y4ym6qc3l65dpka3ycc-libXfixes-6.0.0/lib' '-L/nix/store/8b686hlck6jkpxm9yx3n755cmqvcnhni-libXcomposite-0.4.5/lib' '-L/nix/store/qnwa2z8b9y76almh1mpp1iwnwdvrzxbj-libXau-1.0.9/lib' '-L/nix/store/qgg9iiyrp9s1cja2h9cblb9cjyy65ssz-libXext-1.3.4/lib' '-L/nix/store/kmbps8nyg8nhnwdbcpxkbn5mmcdal5hp-libXi-1.8/lib' '-L/nix/store/dg1irgbmn4znzbbw2yyc99bh85a1ll3n-libXrender-0.9.10/lib' '-L/nix/store/03bcgkqn4hsf2l2n0ny5xx2c1z0ga6gy-libxkbcommon-1.5.0/lib' '-L/nix/store/96azvh5x19v03hz2a7ic90gs9h59kkzq-xcb-util-0.4.0/lib' '-L/nix/store/xd9vz5ar0kr7fbiibqqykfcczvdd56rc-xcb-util-image-0.4.0/lib' '-L/nix/store/hk1dsk9bim336dhb78nxxcnz8c20ys9c-xcb-util-keysyms-0.4.0/lib' '-L/nix/store/6p4yljw6hwnh9jbl29nq9vyrfysyjb8z-xcb-util-renderutil-0.3.9/lib' '-L/nix/store/nf595y3dfgyq0wvmwnqq380xmbhjjiin-xcb-util-wm-0.4.1/lib' '-L/nix/store/3bhillndvhi9pvdkr4bb145170s7h7lz-libXdmcp-1.1.3/lib' '-L/nix/store/75jd6r549krqxk1iq5cl4slrr4vci11n-libXtst-1.2.3/lib' '-L/nix/store/m5ygz6nz3lxav4cswsgdrfga1lfkcrbr-xcb-util-cursor-0.1.3/lib' '-L/nix/store/3w5sakz3znb378b7wlfbr7bss3myhdi3-libepoxy-1.5.10/lib' '-L/nix/store/srnnb3xqzcn0afbc1sg2f3kahdbqp0hb-libGL-1.6.0/lib' '-L/nix/store/yl6ggfn054z9brd4rlzifn3zpiardjz2-libglvnd-1.6.0/lib' '-L/nix/store/baz8lrsrakrl0jdlz89hvbqv8mgvcqk9-qtbase-6.4.2/lib' '-L/nix/store/6dm5g796frdb2k7rqb0nyzm4s76gd3p9-qtsvg-6.4.2/lib' '-L/nix/store/0bb16bnqa4raz3b8d0fayj25bcs131g3-qtshadertools-6.4.2/lib' '-L/nix/store/iw1vmh509hcbby8dbpsaanbri4zsq7dj-python3-3.10.10/lib' '-L/nix/store/4y8vjpf6qb8z43x99pc48yjbpdg1gb81-qtdeclarative-6.4.2/lib' '-L/nix/store/zvw6fflmybm80k4arxmmpdyzf7gn1msb-qt5compat-6.4.2/lib' '-L/nix/store/61imhlw6qszhcwmmiwxqdf72kn5fz2y5-quazip-1.3/lib' '-L/nix/store/5ymj2l7wacvb1b154v5mhlhng406ds0k-tomlplusplus-3.3.0/lib' '-L/nix/store/dkbq5hvylsc0d76lgmwyx4jm2pld63sl-cmark-0.30.3/lib' '-L/nix/store/4bmh1h8dn0k0s8bydmb1syk8cfsmgxb6-qtwayland-6.4.2/lib' '-L/nix/store/zihzfhfq28wp1yzx86dp1q4zccai745r-gamemode-1.7-lib/lib' '-L/nix/store/va9r2bdg56jc6qizpm6dyb97lnxfrhsy-file-5.44/lib' '-L/nix/store/mg9l7phyhvi16p9g8g3g8fbyj4mr79gq-zlib-1.2.13/lib' '-L/nix/store/hmh8yakhrp3r95b7r085m4xnzp8crz3b-libxml2-2.10.3/lib' '-L/nix/store/8ilmxyjyn4fn3ll7s19shppp7izswp2c-libxslt-1.1.37/lib' '-L/nix/store/5438qhyypn1kbdnm4312v8db4mkapwhl-openssl-3.0.8/lib' '-L/nix/store/c651qa8kqilglkx8fhxz0ibc4yfndlm8-sqlite-3.40.1/lib' '-L/nix/store/ci7r8mfkdg1b4wgawp6fff6ba6vyf33r-unixODBC-2.3.11/lib' '-L/nix/store/vgasd5zjsvdvq3w7ik13sfyyj1n0m5v7-graphite2-1.3.14/lib' '-L/nix/store/09yg78bcs6vibbk7py1k1l9qf1im9lwj-harfbuzz-7.0.0/lib' '-L/nix/store/jbsbrpz89j9sbk0shpqvk5jy3fddkffq-icu4c-72.1/lib' '-L/nix/store/rvv0110i3pg28vrhadhi1qfmhpgj1azy-libjpeg-turbo-2.1.4/lib' '-L/nix/store/idx4lcdd1p91dpib06d5mwyhszs6w8xw-libpng-apng-1.6.39/lib' '-L/nix/store/lm9jab801iavj3f9gjz6vc1fxhvvg2mj-pcre2-10.42/lib' '-L/nix/store/x6nnam5hk44mljbk782rcbd92jlnz8r6-pcre-8.45/lib' '-L/nix/store/i1wd03f4gq5l9bbzb8ir2v8aibsbdi47-libproxy-0.4.18/lib' '-L/nix/store/clln53sqbfn8i0z8x0ji3x3fz6zchqml-zstd-1.5.4/lib' '-L/nix/store/4hx2f3kfk824b3b44mhjgpph426lnj42-double-conversion-3.2.1/lib' '-L/nix/store/d9yf24k5n979y1qy03nlj1mnpijhs5rx-libb2-0.98.1/lib' '-L/nix/store/2pai53mrrahl85w7mbypxmplgx6wfqyd-md4c-0.4.8/lib' '-L/nix/store/inrxvaqv2zkdhg2v5vhqc0257p92wl2q-expat-2.5.0/lib' '-L/nix/store/q36hdg6hw9vlls7abq0y08gksqr2m2z2-dbus-1.14.4-lib/lib' '-L/nix/store/m0fsvgc5hrn3yjwsl9fvj5m6pyjk2il2-libffi-3.4.4/lib' '-L/nix/store/ik1vzp6bfwjxxg0cdcbmyl17yzn8idd4-gettext-0.21/lib' '-L/nix/store/rcwsvm3zmcpwl71b7r5f9ql599hw6f2b-glib-2.74.5/lib' '-L/nix/store/lfpcn90d6fwckk3ysihijfy2z5wsi7da-sqlite-connector-odbc-0.9993/lib' '-L/nix/store/kp51yj0jwdi2b7f8i93ici4c5z0x7bn3-systemd-252.5/lib' '-L/nix/store/b9ihpihmhnain100fjfd008nzf9ha6xj-util-linux-2.38.1-lib/lib' '-L/nix/store/xj6h98v3mjiqmwqv6zbw51xd3lgzdz7p-mtdev-1.1.6/lib' '-L/nix/store/zmqdq7fj6h273kxz969wr3h7g1jhzgz4-lksctp-tools-1.0.17/lib' '-L/nix/store/gqlj2nh329ymrawhlrhhd3wx9h5nwi38-libselinux-3.3/lib' '-L/nix/store/i4dbdvj0qdbglgqpa04xx8gs564n8953-libsepol-3.3/lib' '-L/nix/store/0hhi25jwagxm00kjwmh2zl395cgfdrfh-liburcu-0.13.2/lib' '-L/nix/store/jqvbspi73y5il9p4mmrf7bnnjvpf4r80-lttng-ust-2.13.1/lib' '-L/nix/store/izbwynagva4wx96ghpczpcs5v0d82xix-vulkan-loader-1.3.239.0/lib' '-L/nix/store/cbj48b5jcdhwmvn282gg3wkrnfvqcn0v-libthai-0.1.29/lib' '-L/nix/store/fp76f9kiv3mwh2h87lhmxcp173gi49jd-libdrm-2.4.114/lib' '-L/nix/store/4kz52y95zfn9l8pbn8f5jw1w61lgn0js-libdatrie-2019-12-20-lib/lib' '-L/nix/store/k0yrr5yq9yghbvvfv0qkblyia576kg4f-bzip2-1.0.8/lib' '-L/nix/store/6ahs2w409ysgvz4r0k1g0kypf6k3iwps-brotli-1.0.9-lib/lib' '-L/nix/store/2jq0rdhc7wb8fj0q82whsj9p50sdmvcv-freetype-2.12.1/lib' '-L/nix/store/mv56qyvfin02c96mxrdh60p3c0j05dvn-fontconfig-2.14.0-lib/lib' '-L/nix/store/cnkr9byk03mz454yzx48jkyy0c2rlfjz-libxcb-1.14/lib' '-L/nix/store/y0ym7qckhfldadc4wbwv0hs7765v10rd-libX11-1.8.4/lib' '-L/nix/store/zd5rypkk2h639y4ym6qc3l65dpka3ycc-libXfixes-6.0.0/lib' '-L/nix/store/8b686hlck6jkpxm9yx3n755cmqvcnhni-libXcomposite-0.4.5/lib' '-L/nix/store/qnwa2z8b9y76almh1mpp1iwnwdvrzxbj-libXau-1.0.9/lib' '-L/nix/store/qgg9iiyrp9s1cja2h9cblb9cjyy65ssz-libXext-1.3.4/lib' '-L/nix/store/kmbps8nyg8nhnwdbcpxkbn5mmcdal5hp-libXi-1.8/lib' '-L/nix/store/dg1irgbmn4znzbbw2yyc99bh85a1ll3n-libXrender-0.9.10/lib' '-L/nix/store/03bcgkqn4hsf2l2n0ny5xx2c1z0ga6gy-libxkbcommon-1.5.0/lib' '-L/nix/store/96azvh5x19v03hz2a7ic90gs9h59kkzq-xcb-util-0.4.0/lib' '-L/nix/store/xd9vz5ar0kr7fbiibqqykfcczvdd56rc-xcb-util-image-0.4.0/lib' '-L/nix/store/hk1dsk9bim336dhb78nxxcnz8c20ys9c-xcb-util-keysyms-0.4.0/lib' '-L/nix/store/6p4yljw6hwnh9jbl29nq9vyrfysyjb8z-xcb-util-renderutil-0.3.9/lib' '-L/nix/store/nf595y3dfgyq0wvmwnqq380xmbhjjiin-xcb-util-wm-0.4.1/lib' '-L/nix/store/3bhillndvhi9pvdkr4bb145170s7h7lz-libXdmcp-1.1.3/lib' '-L/nix/store/75jd6r549krqxk1iq5cl4slrr4vci11n-libXtst-1.2.3/lib' '-L/nix/store/m5ygz6nz3lxav4cswsgdrfga1lfkcrbr-xcb-util-cursor-0.1.3/lib' '-L/nix/store/3w5sakz3znb378b7wlfbr7bss3myhdi3-libepoxy-1.5.10/lib' '-L/nix/store/srnnb3xqzcn0afbc1sg2f3kahdbqp0hb-libGL-1.6.0/lib' '-L/nix/store/yl6ggfn054z9brd4rlzifn3zpiardjz2-libglvnd-1.6.0/lib' '-L/nix/store/baz8lrsrakrl0jdlz89hvbqv8mgvcqk9-qtbase-6.4.2/lib' '-L/nix/store/6dm5g796frdb2k7rqb0nyzm4s76gd3p9-qtsvg-6.4.2/lib' '-L/nix/store/0bb16bnqa4raz3b8d0fayj25bcs131g3-qtshadertools-6.4.2/lib' '-L/nix/store/iw1vmh509hcbby8dbpsaanbri4zsq7dj-python3-3.10.10/lib' '-L/nix/store/4y8vjpf6qb8z43x99pc48yjbpdg1gb81-qtdeclarative-6.4.2/lib' '-L/nix/store/zvw6fflmybm80k4arxmmpdyzf7gn1msb-qt5compat-6.4.2/lib' '-L/nix/store/61imhlw6qszhcwmmiwxqdf72kn5fz2y5-quazip-1.3/lib' '-L/nix/store/5ymj2l7wacvb1b154v5mhlhng406ds0k-tomlplusplus-3.3.0/lib' '-L/nix/store/dkbq5hvylsc0d76lgmwyx4jm2pld63sl-cmark-0.30.3/lib' '-L/nix/store/4bmh1h8dn0k0s8bydmb1syk8cfsmgxb6-qtwayland-6.4.2/lib' '-L/nix/store/zihzfhfq28wp1yzx86dp1q4zccai745r-gamemode-1.7-lib/lib' '-L/nix/store/76l4v99sk83ylfwkz8wmwrm4s8h73rhd-glibc-2.35-224/lib' '-L/nix/store/2w4k8nvdyiggz717ygbbxchpnxrqc6y9-gcc-12.2.0-lib/lib' '-shared-libgcc' '-mtune=generic' '-march=x86-64' '-dumpdir' 'cmTC_0878c.'
gmake[1]: Leaving directory '/workspace/PrismLauncher/CMakeFiles/CMakeScratch/TryCompile-BStVDM'



Parsed CXX implicit include dir info from above output: rv=done
  found start of include info
  found start of implicit include info
    add: [/nix/store/va9r2bdg56jc6qizpm6dyb97lnxfrhsy-file-5.44/include]
    add: [/nix/store/jkv8vb24ab371hlsp55fj953kwh01m8n-openjdk-17.0.6+10/include]
    add: [/nix/store/i9cf4vmk6kfqlds56vfllmmz0zdk7rp0-qtbase-6.4.2-dev/include]
    add: [/nix/store/0z5wasald7dmipjpbx8kw31pj0kzjxpg-libxml2-2.10.3-dev/include]
    add: [/nix/store/qgqsyg7gmqy3fz6shvzhcc7m7pkfw2ig-zlib-1.2.13-dev/include]
    add: [/nix/store/i57f5lhc83sfnck9d6rik0dbnbxr9qlw-libxslt-1.1.37-dev/include]
    add: [/nix/store/fyiwac98bi86nd5qzz9bhvs1bvmmwgad-openssl-3.0.8-dev/include]
    add: [/nix/store/i1h2yf133m4rfzgfgl0zdxjxniyy6kvg-sqlite-3.40.1-dev/include]
    add: [/nix/store/ci7r8mfkdg1b4wgawp6fff6ba6vyf33r-unixODBC-2.3.11/include]
    add: [/nix/store/vddrjv0wnknv73njnwzj3in0467dk9qa-harfbuzz-7.0.0-dev/include]
    add: [/nix/store/vgasd5zjsvdvq3w7ik13sfyyj1n0m5v7-graphite2-1.3.14/include]
    add: [/nix/store/86nsxqcmzcc85qzrsczb33jwqgcyl35g-icu4c-72.1-dev/include]
    add: [/nix/store/dra1y7qr8clxdssfx5s1grbg2lvg5ifd-libjpeg-turbo-2.1.4-dev/include]
    add: [/nix/store/463cn57ci7xxwr28c1d68zwbr001ka8h-libpng-apng-1.6.39-dev/include]
    add: [/nix/store/vr9naiikd2k84ygclm3vlr3agbjcgvzi-pcre2-10.42-dev/include]
    add: [/nix/store/zc41j2il39qmw9kfwa0zl37dz4izcjdp-pcre-8.45-dev/include]
    add: [/nix/store/k4w3vafb6k1b3zc2a6v1lr4w0iknnp65-libproxy-0.4.18-dev/include]
    add: [/nix/store/s8axys9hpvwxn5718iwrnyvwms4djz96-zstd-1.5.4-dev/include]
    add: [/nix/store/4hx2f3kfk824b3b44mhjgpph426lnj42-double-conversion-3.2.1/include]
    add: [/nix/store/d9yf24k5n979y1qy03nlj1mnpijhs5rx-libb2-0.98.1/include]
    add: [/nix/store/2pai53mrrahl85w7mbypxmplgx6wfqyd-md4c-0.4.8/include]
    add: [/nix/store/l8d014vy8n42sp6r6j3wjqldylcyvqyk-dbus-1.14.4-dev/include]
    add: [/nix/store/gqvyvc9ckzijwcw641v6qgg7fz8z63mc-expat-2.5.0-dev/include]
    add: [/nix/store/152gsygyjagsirvdg3icmz4px39wddwj-glib-2.74.5-dev/include]
    add: [/nix/store/4j08mgygxhi9y3957hbwqn1bg02va18y-libffi-3.4.4-dev/include]
    add: [/nix/store/ik1vzp6bfwjxxg0cdcbmyl17yzn8idd4-gettext-0.21/include]
    add: [/nix/store/1r3a6ji72zxvkyhqfgq1pymdiyjk93l5-glibc-iconv-2.35/include]
    add: [/nix/store/f04f2mxjzx7s34payvq6lna9qcaall3s-mariadb-connector-odbc-3.1.14/include]
    add: [/nix/store/2gm71c7yljswz2yz3i6125nx2rwkg9n6-systemd-252.5-dev/include]
    add: [/nix/store/1gb83p8c3fkjqyb0l30lz0303jhv088k-util-linux-2.38.1-dev/include]
    add: [/nix/store/xj6h98v3mjiqmwqv6zbw51xd3lgzdz7p-mtdev-1.1.6/include]
    add: [/nix/store/zmqdq7fj6h273kxz969wr3h7g1jhzgz4-lksctp-tools-1.0.17/include]
    add: [/nix/store/dvgpj4kwxp5pxhax93zqv80b4ql8xwla-libselinux-3.3-dev/include]
    add: [/nix/store/0p1v5zn2mb55xs9297x5p7vgdnhrjjmf-libsepol-3.3-dev/include]
    add: [/nix/store/zl2rzaxviah8cpknrlnpawpfvmjvjh0d-lttng-ust-2.13.1-dev/include]
    add: [/nix/store/0hhi25jwagxm00kjwmh2zl395cgfdrfh-liburcu-0.13.2/include]
    add: [/nix/store/k7pydn7w2dd03cchddkgzdb94brxisp9-vulkan-headers-1.3.239.0/include]
    add: [/nix/store/gxsg7g5higv817948fw3jyamypfc229g-libthai-0.1.29-dev/include]
    add: [/nix/store/hq2n7bnn6z2p0p94n4mixbbrsyi1qbdf-libdrm-2.4.114-dev/include]
    add: [/nix/store/bin4ww0irasbdvhqqg8lcwjg3025x4pq-libdatrie-2019-12-20-dev/include]
    add: [/nix/store/6bdds6632r9fp7mrh27qxjv90d7lzh0y-fontconfig-2.14.0-dev/include]
    add: [/nix/store/ybd7brnb5kavanvz40mg2p5pmgnczi85-freetype-2.12.1-dev/include]
    add: [/nix/store/abs0rlwm6jh4l1k831fvqggpgfrs91pv-bzip2-1.0.8-dev/include]
    add: [/nix/store/84r63sb6w4l1y1ab3vmk3xg84is027y2-brotli-1.0.9-dev/include]
    add: [/nix/store/q2sjb83p9kh7j653237wr5xzsdc17sgj-libX11-1.8.4-dev/include]
    add: [/nix/store/9d1fbfvijywjsxh5b060qy5dd01cqbrs-xorgproto-2021.5/include]
    add: [/nix/store/rr353rjxy36vvakib4cyajjj2r3gqw5x-libxcb-1.14-dev/include]
    add: [/nix/store/j4i01gassjbbm5i3x4qczy21pmfw05q2-libXcomposite-0.4.5-dev/include]
    add: [/nix/store/dbbvxfbsix59452vbjngfndr8xddb3nc-libXfixes-6.0.0-dev/include]
    add: [/nix/store/f5blw2z7jr4h2qkzfdmjkwak142353rq-libXext-1.3.4-dev/include]
    add: [/nix/store/jhxfmh0lh0dkk11fpys8350w8hk7ljf7-libXau-1.0.9-dev/include]
    add: [/nix/store/dci0q5r0v1j5d7vryy13as7banrix0sj-libXi-1.8-dev/include]
    add: [/nix/store/slpgdz4ha0w6y2c25n0ljda4536p9yi4-libXrender-0.9.10-dev/include]
    add: [/nix/store/l01q7h5h4wxr880jzxpc5fdrwnbqxfzn-libxkbcommon-1.5.0-dev/include]
    add: [/nix/store/9qzw3zscs3b4gc97bsaq991iifgz4977-xcb-util-0.4.0-dev/include]
    add: [/nix/store/cwvwhmigx77mydbv1h51pp2l2vijr2rs-xcb-util-image-0.4.0-dev/include]
    add: [/nix/store/v0qpk37hyfrpgga44f58yrb36gpay3ks-xcb-util-keysyms-0.4.0-dev/include]
    add: [/nix/store/x45m835963ss4all6g03wms91284j904-xcb-util-renderutil-0.3.9-dev/include]
    add: [/nix/store/qhjq1dap6j4h5g3srizm6dkshz63zdwv-xcb-util-wm-0.4.1-dev/include]
    add: [/nix/store/dzkwzx2qnhsx7938ywxqvygw5n28gy63-libXdmcp-1.1.3-dev/include]
    add: [/nix/store/75jd6r549krqxk1iq5cl4slrr4vci11n-libXtst-1.2.3/include]
    add: [/nix/store/rkz9zhzj975y9hvb8kav017da08hgq2b-xcb-util-cursor-0.1.3-dev/include]
    add: [/nix/store/dvrxv7fvlkj5cbjq6262m6f4jdpdvmxx-libepoxy-1.5.10-dev/include]
    add: [/nix/store/fqwihpqn2wmhjqw251w1r7dyw659abrh-libGL-1.6.0-dev/include]
    add: [/nix/store/xr3l5mnqwgminijy321myshjx6w55530-qtsvg-6.4.2-dev/include]
    add: [/nix/store/a85vmwd6cgixmd25226zr4awdvh50xyd-quazip-1.3-dev/include]
    add: [/nix/store/jf4k9zv0nn0dij7jyh9cb7l2s4h5p65y-qt5compat-6.4.2-dev/include]
    add: [/nix/store/cj4cjywrz168aijw38dysql6ksafnbjs-qtdeclarative-6.4.2-dev/include]
    add: [/nix/store/mnpx93zc62xwqlkx0bycrab6604cdhcm-qtshadertools-6.4.2-dev/include]
    add: [/nix/store/iw1vmh509hcbby8dbpsaanbri4zsq7dj-python3-3.10.10/include]
    add: [/nix/store/h9a8m4y88pn2jg8h96j6i2blgzarrvcx-filesystem-1.5.12/include]
    add: [/nix/store/5ymj2l7wacvb1b154v5mhlhng406ds0k-tomlplusplus-3.3.0/include]
    add: [/nix/store/dkbq5hvylsc0d76lgmwyx4jm2pld63sl-cmark-0.30.3/include]
    add: [/nix/store/4gxhcwhrh92pn91ax09wxgqg2pqj9i61-qtwayland-6.4.2-dev/include]
    add: [/nix/store/wzrqym8dzidzhvm5h308kzqcan2zbf5j-gamemode-1.7-dev/include]
    add: [/nix/store/wx4nsqbssywgx9zkabwgl9sxm5l61ni3-gcc-12.2.0/lib/gcc/x86_64-unknown-linux-gnu/12.2.0/../../../../include/c++/12.2.0]
    add: [/nix/store/wx4nsqbssywgx9zkabwgl9sxm5l61ni3-gcc-12.2.0/lib/gcc/x86_64-unknown-linux-gnu/12.2.0/../../../../include/c++/12.2.0/x86_64-unknown-linux-gnu]
    add: [/nix/store/wx4nsqbssywgx9zkabwgl9sxm5l61ni3-gcc-12.2.0/lib/gcc/x86_64-unknown-linux-gnu/12.2.0/../../../../include/c++/12.2.0/backward]
    add: [/nix/store/wx4nsqbssywgx9zkabwgl9sxm5l61ni3-gcc-12.2.0/lib/gcc/x86_64-unknown-linux-gnu/12.2.0/include]
    add: [/nix/store/wx4nsqbssywgx9zkabwgl9sxm5l61ni3-gcc-12.2.0/include]
    add: [/nix/store/wx4nsqbssywgx9zkabwgl9sxm5l61ni3-gcc-12.2.0/lib/gcc/x86_64-unknown-linux-gnu/12.2.0/include-fixed]
    add: [/nix/store/pqnd39aq2sksad2zvswjcpkqdc7ig3f9-glibc-2.35-224-dev/include]
  end of search list found
  collapse include dir [/nix/store/va9r2bdg56jc6qizpm6dyb97lnxfrhsy-file-5.44/include] ==> [/nix/store/va9r2bdg56jc6qizpm6dyb97lnxfrhsy-file-5.44/include]
  collapse include dir [/nix/store/jkv8vb24ab371hlsp55fj953kwh01m8n-openjdk-17.0.6+10/include] ==> [/nix/store/jkv8vb24ab371hlsp55fj953kwh01m8n-openjdk-17.0.6+10/include]
  collapse include dir [/nix/store/i9cf4vmk6kfqlds56vfllmmz0zdk7rp0-qtbase-6.4.2-dev/include] ==> [/nix/store/i9cf4vmk6kfqlds56vfllmmz0zdk7rp0-qtbase-6.4.2-dev/include]
  collapse include dir [/nix/store/0z5wasald7dmipjpbx8kw31pj0kzjxpg-libxml2-2.10.3-dev/include] ==> [/nix/store/0z5wasald7dmipjpbx8kw31pj0kzjxpg-libxml2-2.10.3-dev/include]
  collapse include dir [/nix/store/qgqsyg7gmqy3fz6shvzhcc7m7pkfw2ig-zlib-1.2.13-dev/include] ==> [/nix/store/qgqsyg7gmqy3fz6shvzhcc7m7pkfw2ig-zlib-1.2.13-dev/include]
  collapse include dir [/nix/store/i57f5lhc83sfnck9d6rik0dbnbxr9qlw-libxslt-1.1.37-dev/include] ==> [/nix/store/i57f5lhc83sfnck9d6rik0dbnbxr9qlw-libxslt-1.1.37-dev/include]
  collapse include dir [/nix/store/fyiwac98bi86nd5qzz9bhvs1bvmmwgad-openssl-3.0.8-dev/include] ==> [/nix/store/fyiwac98bi86nd5qzz9bhvs1bvmmwgad-openssl-3.0.8-dev/include]
  collapse include dir [/nix/store/i1h2yf133m4rfzgfgl0zdxjxniyy6kvg-sqlite-3.40.1-dev/include] ==> [/nix/store/i1h2yf133m4rfzgfgl0zdxjxniyy6kvg-sqlite-3.40.1-dev/include]
  collapse include dir [/nix/store/ci7r8mfkdg1b4wgawp6fff6ba6vyf33r-unixODBC-2.3.11/include] ==> [/nix/store/ci7r8mfkdg1b4wgawp6fff6ba6vyf33r-unixODBC-2.3.11/include]
  collapse include dir [/nix/store/vddrjv0wnknv73njnwzj3in0467dk9qa-harfbuzz-7.0.0-dev/include] ==> [/nix/store/vddrjv0wnknv73njnwzj3in0467dk9qa-harfbuzz-7.0.0-dev/include]
  collapse include dir [/nix/store/vgasd5zjsvdvq3w7ik13sfyyj1n0m5v7-graphite2-1.3.14/include] ==> [/nix/store/vgasd5zjsvdvq3w7ik13sfyyj1n0m5v7-graphite2-1.3.14/include]
  collapse include dir [/nix/store/86nsxqcmzcc85qzrsczb33jwqgcyl35g-icu4c-72.1-dev/include] ==> [/nix/store/86nsxqcmzcc85qzrsczb33jwqgcyl35g-icu4c-72.1-dev/include]
  collapse include dir [/nix/store/dra1y7qr8clxdssfx5s1grbg2lvg5ifd-libjpeg-turbo-2.1.4-dev/include] ==> [/nix/store/dra1y7qr8clxdssfx5s1grbg2lvg5ifd-libjpeg-turbo-2.1.4-dev/include]
  collapse include dir [/nix/store/463cn57ci7xxwr28c1d68zwbr001ka8h-libpng-apng-1.6.39-dev/include] ==> [/nix/store/463cn57ci7xxwr28c1d68zwbr001ka8h-libpng-apng-1.6.39-dev/include]
  collapse include dir [/nix/store/vr9naiikd2k84ygclm3vlr3agbjcgvzi-pcre2-10.42-dev/include] ==> [/nix/store/vr9naiikd2k84ygclm3vlr3agbjcgvzi-pcre2-10.42-dev/include]
  collapse include dir [/nix/store/zc41j2il39qmw9kfwa0zl37dz4izcjdp-pcre-8.45-dev/include] ==> [/nix/store/zc41j2il39qmw9kfwa0zl37dz4izcjdp-pcre-8.45-dev/include]
  collapse include dir [/nix/store/k4w3vafb6k1b3zc2a6v1lr4w0iknnp65-libproxy-0.4.18-dev/include] ==> [/nix/store/k4w3vafb6k1b3zc2a6v1lr4w0iknnp65-libproxy-0.4.18-dev/include]
  collapse include dir [/nix/store/s8axys9hpvwxn5718iwrnyvwms4djz96-zstd-1.5.4-dev/include] ==> [/nix/store/s8axys9hpvwxn5718iwrnyvwms4djz96-zstd-1.5.4-dev/include]
  collapse include dir [/nix/store/4hx2f3kfk824b3b44mhjgpph426lnj42-double-conversion-3.2.1/include] ==> [/nix/store/4hx2f3kfk824b3b44mhjgpph426lnj42-double-conversion-3.2.1/include]
  collapse include dir [/nix/store/d9yf24k5n979y1qy03nlj1mnpijhs5rx-libb2-0.98.1/include] ==> [/nix/store/d9yf24k5n979y1qy03nlj1mnpijhs5rx-libb2-0.98.1/include]
  collapse include dir [/nix/store/2pai53mrrahl85w7mbypxmplgx6wfqyd-md4c-0.4.8/include] ==> [/nix/store/2pai53mrrahl85w7mbypxmplgx6wfqyd-md4c-0.4.8/include]
  collapse include dir [/nix/store/l8d014vy8n42sp6r6j3wjqldylcyvqyk-dbus-1.14.4-dev/include] ==> [/nix/store/l8d014vy8n42sp6r6j3wjqldylcyvqyk-dbus-1.14.4-dev/include]
  collapse include dir [/nix/store/gqvyvc9ckzijwcw641v6qgg7fz8z63mc-expat-2.5.0-dev/include] ==> [/nix/store/gqvyvc9ckzijwcw641v6qgg7fz8z63mc-expat-2.5.0-dev/include]
  collapse include dir [/nix/store/152gsygyjagsirvdg3icmz4px39wddwj-glib-2.74.5-dev/include] ==> [/nix/store/152gsygyjagsirvdg3icmz4px39wddwj-glib-2.74.5-dev/include]
  collapse include dir [/nix/store/4j08mgygxhi9y3957hbwqn1bg02va18y-libffi-3.4.4-dev/include] ==> [/nix/store/4j08mgygxhi9y3957hbwqn1bg02va18y-libffi-3.4.4-dev/include]
  collapse include dir [/nix/store/ik1vzp6bfwjxxg0cdcbmyl17yzn8idd4-gettext-0.21/include] ==> [/nix/store/ik1vzp6bfwjxxg0cdcbmyl17yzn8idd4-gettext-0.21/include]
  collapse include dir [/nix/store/1r3a6ji72zxvkyhqfgq1pymdiyjk93l5-glibc-iconv-2.35/include] ==> [/nix/store/1r3a6ji72zxvkyhqfgq1pymdiyjk93l5-glibc-iconv-2.35/include]
  collapse include dir [/nix/store/f04f2mxjzx7s34payvq6lna9qcaall3s-mariadb-connector-odbc-3.1.14/include] ==> [/nix/store/f04f2mxjzx7s34payvq6lna9qcaall3s-mariadb-connector-odbc-3.1.14/include]
  collapse include dir [/nix/store/2gm71c7yljswz2yz3i6125nx2rwkg9n6-systemd-252.5-dev/include] ==> [/nix/store/2gm71c7yljswz2yz3i6125nx2rwkg9n6-systemd-252.5-dev/include]
  collapse include dir [/nix/store/1gb83p8c3fkjqyb0l30lz0303jhv088k-util-linux-2.38.1-dev/include] ==> [/nix/store/1gb83p8c3fkjqyb0l30lz0303jhv088k-util-linux-2.38.1-dev/include]
  collapse include dir [/nix/store/xj6h98v3mjiqmwqv6zbw51xd3lgzdz7p-mtdev-1.1.6/include] ==> [/nix/store/xj6h98v3mjiqmwqv6zbw51xd3lgzdz7p-mtdev-1.1.6/include]
  collapse include dir [/nix/store/zmqdq7fj6h273kxz969wr3h7g1jhzgz4-lksctp-tools-1.0.17/include] ==> [/nix/store/zmqdq7fj6h273kxz969wr3h7g1jhzgz4-lksctp-tools-1.0.17/include]
  collapse include dir [/nix/store/dvgpj4kwxp5pxhax93zqv80b4ql8xwla-libselinux-3.3-dev/include] ==> [/nix/store/dvgpj4kwxp5pxhax93zqv80b4ql8xwla-libselinux-3.3-dev/include]
  collapse include dir [/nix/store/0p1v5zn2mb55xs9297x5p7vgdnhrjjmf-libsepol-3.3-dev/include] ==> [/nix/store/0p1v5zn2mb55xs9297x5p7vgdnhrjjmf-libsepol-3.3-dev/include]
  collapse include dir [/nix/store/zl2rzaxviah8cpknrlnpawpfvmjvjh0d-lttng-ust-2.13.1-dev/include] ==> [/nix/store/zl2rzaxviah8cpknrlnpawpfvmjvjh0d-lttng-ust-2.13.1-dev/include]
  collapse include dir [/nix/store/0hhi25jwagxm00kjwmh2zl395cgfdrfh-liburcu-0.13.2/include] ==> [/nix/store/0hhi25jwagxm00kjwmh2zl395cgfdrfh-liburcu-0.13.2/include]
  collapse include dir [/nix/store/k7pydn7w2dd03cchddkgzdb94brxisp9-vulkan-headers-1.3.239.0/include] ==> [/nix/store/k7pydn7w2dd03cchddkgzdb94brxisp9-vulkan-headers-1.3.239.0/include]
  collapse include dir [/nix/store/gxsg7g5higv817948fw3jyamypfc229g-libthai-0.1.29-dev/include] ==> [/nix/store/gxsg7g5higv817948fw3jyamypfc229g-libthai-0.1.29-dev/include]
  collapse include dir [/nix/store/hq2n7bnn6z2p0p94n4mixbbrsyi1qbdf-libdrm-2.4.114-dev/include] ==> [/nix/store/hq2n7bnn6z2p0p94n4mixbbrsyi1qbdf-libdrm-2.4.114-dev/include]
  collapse include dir [/nix/store/bin4ww0irasbdvhqqg8lcwjg3025x4pq-libdatrie-2019-12-20-dev/include] ==> [/nix/store/bin4ww0irasbdvhqqg8lcwjg3025x4pq-libdatrie-2019-12-20-dev/include]
  collapse include dir [/nix/store/6bdds6632r9fp7mrh27qxjv90d7lzh0y-fontconfig-2.14.0-dev/include] ==> [/nix/store/6bdds6632r9fp7mrh27qxjv90d7lzh0y-fontconfig-2.14.0-dev/include]
  collapse include dir [/nix/store/ybd7brnb5kavanvz40mg2p5pmgnczi85-freetype-2.12.1-dev/include] ==> [/nix/store/ybd7brnb5kavanvz40mg2p5pmgnczi85-freetype-2.12.1-dev/include]
  collapse include dir [/nix/store/abs0rlwm6jh4l1k831fvqggpgfrs91pv-bzip2-1.0.8-dev/include] ==> [/nix/store/abs0rlwm6jh4l1k831fvqggpgfrs91pv-bzip2-1.0.8-dev/include]
  collapse include dir [/nix/store/84r63sb6w4l1y1ab3vmk3xg84is027y2-brotli-1.0.9-dev/include] ==> [/nix/store/84r63sb6w4l1y1ab3vmk3xg84is027y2-brotli-1.0.9-dev/include]
  collapse include dir [/nix/store/q2sjb83p9kh7j653237wr5xzsdc17sgj-libX11-1.8.4-dev/include] ==> [/nix/store/q2sjb83p9kh7j653237wr5xzsdc17sgj-libX11-1.8.4-dev/include]
  collapse include dir [/nix/store/9d1fbfvijywjsxh5b060qy5dd01cqbrs-xorgproto-2021.5/include] ==> [/nix/store/9d1fbfvijywjsxh5b060qy5dd01cqbrs-xorgproto-2021.5/include]
  collapse include dir [/nix/store/rr353rjxy36vvakib4cyajjj2r3gqw5x-libxcb-1.14-dev/include] ==> [/nix/store/rr353rjxy36vvakib4cyajjj2r3gqw5x-libxcb-1.14-dev/include]
  collapse include dir [/nix/store/j4i01gassjbbm5i3x4qczy21pmfw05q2-libXcomposite-0.4.5-dev/include] ==> [/nix/store/j4i01gassjbbm5i3x4qczy21pmfw05q2-libXcomposite-0.4.5-dev/include]
  collapse include dir [/nix/store/dbbvxfbsix59452vbjngfndr8xddb3nc-libXfixes-6.0.0-dev/include] ==> [/nix/store/dbbvxfbsix59452vbjngfndr8xddb3nc-libXfixes-6.0.0-dev/include]
  collapse include dir [/nix/store/f5blw2z7jr4h2qkzfdmjkwak142353rq-libXext-1.3.4-dev/include] ==> [/nix/store/f5blw2z7jr4h2qkzfdmjkwak142353rq-libXext-1.3.4-dev/include]
  collapse include dir [/nix/store/jhxfmh0lh0dkk11fpys8350w8hk7ljf7-libXau-1.0.9-dev/include] ==> [/nix/store/jhxfmh0lh0dkk11fpys8350w8hk7ljf7-libXau-1.0.9-dev/include]
  collapse include dir [/nix/store/dci0q5r0v1j5d7vryy13as7banrix0sj-libXi-1.8-dev/include] ==> [/nix/store/dci0q5r0v1j5d7vryy13as7banrix0sj-libXi-1.8-dev/include]
  collapse include dir [/nix/store/slpgdz4ha0w6y2c25n0ljda4536p9yi4-libXrender-0.9.10-dev/include] ==> [/nix/store/slpgdz4ha0w6y2c25n0ljda4536p9yi4-libXrender-0.9.10-dev/include]
  collapse include dir [/nix/store/l01q7h5h4wxr880jzxpc5fdrwnbqxfzn-libxkbcommon-1.5.0-dev/include] ==> [/nix/store/l01q7h5h4wxr880jzxpc5fdrwnbqxfzn-libxkbcommon-1.5.0-dev/include]
  collapse include dir [/nix/store/9qzw3zscs3b4gc97bsaq991iifgz4977-xcb-util-0.4.0-dev/include] ==> [/nix/store/9qzw3zscs3b4gc97bsaq991iifgz4977-xcb-util-0.4.0-dev/include]
  collapse include dir [/nix/store/cwvwhmigx77mydbv1h51pp2l2vijr2rs-xcb-util-image-0.4.0-dev/include] ==> [/nix/store/cwvwhmigx77mydbv1h51pp2l2vijr2rs-xcb-util-image-0.4.0-dev/include]
  collapse include dir [/nix/store/v0qpk37hyfrpgga44f58yrb36gpay3ks-xcb-util-keysyms-0.4.0-dev/include] ==> [/nix/store/v0qpk37hyfrpgga44f58yrb36gpay3ks-xcb-util-keysyms-0.4.0-dev/include]
  collapse include dir [/nix/store/x45m835963ss4all6g03wms91284j904-xcb-util-renderutil-0.3.9-dev/include] ==> [/nix/store/x45m835963ss4all6g03wms91284j904-xcb-util-renderutil-0.3.9-dev/include]
  collapse include dir [/nix/store/qhjq1dap6j4h5g3srizm6dkshz63zdwv-xcb-util-wm-0.4.1-dev/include] ==> [/nix/store/qhjq1dap6j4h5g3srizm6dkshz63zdwv-xcb-util-wm-0.4.1-dev/include]
  collapse include dir [/nix/store/dzkwzx2qnhsx7938ywxqvygw5n28gy63-libXdmcp-1.1.3-dev/include] ==> [/nix/store/dzkwzx2qnhsx7938ywxqvygw5n28gy63-libXdmcp-1.1.3-dev/include]
  collapse include dir [/nix/store/75jd6r549krqxk1iq5cl4slrr4vci11n-libXtst-1.2.3/include] ==> [/nix/store/75jd6r549krqxk1iq5cl4slrr4vci11n-libXtst-1.2.3/include]
  collapse include dir [/nix/store/rkz9zhzj975y9hvb8kav017da08hgq2b-xcb-util-cursor-0.1.3-dev/include] ==> [/nix/store/rkz9zhzj975y9hvb8kav017da08hgq2b-xcb-util-cursor-0.1.3-dev/include]
  collapse include dir [/nix/store/dvrxv7fvlkj5cbjq6262m6f4jdpdvmxx-libepoxy-1.5.10-dev/include] ==> [/nix/store/dvrxv7fvlkj5cbjq6262m6f4jdpdvmxx-libepoxy-1.5.10-dev/include]
  collapse include dir [/nix/store/fqwihpqn2wmhjqw251w1r7dyw659abrh-libGL-1.6.0-dev/include] ==> [/nix/store/fqwihpqn2wmhjqw251w1r7dyw659abrh-libGL-1.6.0-dev/include]
  collapse include dir [/nix/store/xr3l5mnqwgminijy321myshjx6w55530-qtsvg-6.4.2-dev/include] ==> [/nix/store/xr3l5mnqwgminijy321myshjx6w55530-qtsvg-6.4.2-dev/include]
  collapse include dir [/nix/store/a85vmwd6cgixmd25226zr4awdvh50xyd-quazip-1.3-dev/include] ==> [/nix/store/a85vmwd6cgixmd25226zr4awdvh50xyd-quazip-1.3-dev/include]
  collapse include dir [/nix/store/jf4k9zv0nn0dij7jyh9cb7l2s4h5p65y-qt5compat-6.4.2-dev/include] ==> [/nix/store/jf4k9zv0nn0dij7jyh9cb7l2s4h5p65y-qt5compat-6.4.2-dev/include]
  collapse include dir [/nix/store/cj4cjywrz168aijw38dysql6ksafnbjs-qtdeclarative-6.4.2-dev/include] ==> [/nix/store/cj4cjywrz168aijw38dysql6ksafnbjs-qtdeclarative-6.4.2-dev/include]
  collapse include dir [/nix/store/mnpx93zc62xwqlkx0bycrab6604cdhcm-qtshadertools-6.4.2-dev/include] ==> [/nix/store/mnpx93zc62xwqlkx0bycrab6604cdhcm-qtshadertools-6.4.2-dev/include]
  collapse include dir [/nix/store/iw1vmh509hcbby8dbpsaanbri4zsq7dj-python3-3.10.10/include] ==> [/nix/store/iw1vmh509hcbby8dbpsaanbri4zsq7dj-python3-3.10.10/include]
  collapse include dir [/nix/store/h9a8m4y88pn2jg8h96j6i2blgzarrvcx-filesystem-1.5.12/include] ==> [/nix/store/h9a8m4y88pn2jg8h96j6i2blgzarrvcx-filesystem-1.5.12/include]
  collapse include dir [/nix/store/5ymj2l7wacvb1b154v5mhlhng406ds0k-tomlplusplus-3.3.0/include] ==> [/nix/store/5ymj2l7wacvb1b154v5mhlhng406ds0k-tomlplusplus-3.3.0/include]
  collapse include dir [/nix/store/dkbq5hvylsc0d76lgmwyx4jm2pld63sl-cmark-0.30.3/include] ==> [/nix/store/dkbq5hvylsc0d76lgmwyx4jm2pld63sl-cmark-0.30.3/include]
  collapse include dir [/nix/store/4gxhcwhrh92pn91ax09wxgqg2pqj9i61-qtwayland-6.4.2-dev/include] ==> [/nix/store/4gxhcwhrh92pn91ax09wxgqg2pqj9i61-qtwayland-6.4.2-dev/include]
  collapse include dir [/nix/store/wzrqym8dzidzhvm5h308kzqcan2zbf5j-gamemode-1.7-dev/include] ==> [/nix/store/wzrqym8dzidzhvm5h308kzqcan2zbf5j-gamemode-1.7-dev/include]
  collapse include dir [/nix/store/wx4nsqbssywgx9zkabwgl9sxm5l61ni3-gcc-12.2.0/lib/gcc/x86_64-unknown-linux-gnu/12.2.0/../../../../include/c++/12.2.0] ==> [/nix/store/wx4nsqbssywgx9zkabwgl9sxm5l61ni3-gcc-12.2.0/include/c++/12.2.0]
  collapse include dir [/nix/store/wx4nsqbssywgx9zkabwgl9sxm5l61ni3-gcc-12.2.0/lib/gcc/x86_64-unknown-linux-gnu/12.2.0/../../../../include/c++/12.2.0/x86_64-unknown-linux-gnu] ==> [/nix/store/wx4nsqbssywgx9zkabwgl9sxm5l61ni3-gcc-12.2.0/include/c++/12.2.0/x86_64-unknown-linux-gnu]
  collapse include dir [/nix/store/wx4nsqbssywgx9zkabwgl9sxm5l61ni3-gcc-12.2.0/lib/gcc/x86_64-unknown-linux-gnu/12.2.0/../../../../include/c++/12.2.0/backward] ==> [/nix/store/wx4nsqbssywgx9zkabwgl9sxm5l61ni3-gcc-12.2.0/include/c++/12.2.0/backward]
  collapse include dir [/nix/store/wx4nsqbssywgx9zkabwgl9sxm5l61ni3-gcc-12.2.0/lib/gcc/x86_64-unknown-linux-gnu/12.2.0/include] ==> [/nix/store/wx4nsqbssywgx9zkabwgl9sxm5l61ni3-gcc-12.2.0/lib/gcc/x86_64-unknown-linux-gnu/12.2.0/include]
  collapse include dir [/nix/store/wx4nsqbssywgx9zkabwgl9sxm5l61ni3-gcc-12.2.0/include] ==> [/nix/store/wx4nsqbssywgx9zkabwgl9sxm5l61ni3-gcc-12.2.0/include]
  collapse include dir [/nix/store/wx4nsqbssywgx9zkabwgl9sxm5l61ni3-gcc-12.2.0/lib/gcc/x86_64-unknown-linux-gnu/12.2.0/include-fixed] ==> [/nix/store/wx4nsqbssywgx9zkabwgl9sxm5l61ni3-gcc-12.2.0/lib/gcc/x86_64-unknown-linux-gnu/12.2.0/include-fixed]
  collapse include dir [/nix/store/pqnd39aq2sksad2zvswjcpkqdc7ig3f9-glibc-2.35-224-dev/include] ==> [/nix/store/pqnd39aq2sksad2zvswjcpkqdc7ig3f9-glibc-2.35-224-dev/include]
  implicit include dirs: [/nix/store/va9r2bdg56jc6qizpm6dyb97lnxfrhsy-file-5.44/include;/nix/store/jkv8vb24ab371hlsp55fj953kwh01m8n-openjdk-17.0.6+10/include;/nix/store/i9cf4vmk6kfqlds56vfllmmz0zdk7rp0-qtbase-6.4.2-dev/include;/nix/store/0z5wasald7dmipjpbx8kw31pj0kzjxpg-libxml2-2.10.3-dev/include;/nix/store/qgqsyg7gmqy3fz6shvzhcc7m7pkfw2ig-zlib-1.2.13-dev/include;/nix/store/i57f5lhc83sfnck9d6rik0dbnbxr9qlw-libxslt-1.1.37-dev/include;/nix/store/fyiwac98bi86nd5qzz9bhvs1bvmmwgad-openssl-3.0.8-dev/include;/nix/store/i1h2yf133m4rfzgfgl0zdxjxniyy6kvg-sqlite-3.40.1-dev/include;/nix/store/ci7r8mfkdg1b4wgawp6fff6ba6vyf33r-unixODBC-2.3.11/include;/nix/store/vddrjv0wnknv73njnwzj3in0467dk9qa-harfbuzz-7.0.0-dev/include;/nix/store/vgasd5zjsvdvq3w7ik13sfyyj1n0m5v7-graphite2-1.3.14/include;/nix/store/86nsxqcmzcc85qzrsczb33jwqgcyl35g-icu4c-72.1-dev/include;/nix/store/dra1y7qr8clxdssfx5s1grbg2lvg5ifd-libjpeg-turbo-2.1.4-dev/include;/nix/store/463cn57ci7xxwr28c1d68zwbr001ka8h-libpng-apng-1.6.39-dev/include;/nix/store/vr9naiikd2k84ygclm3vlr3agbjcgvzi-pcre2-10.42-dev/include;/nix/store/zc41j2il39qmw9kfwa0zl37dz4izcjdp-pcre-8.45-dev/include;/nix/store/k4w3vafb6k1b3zc2a6v1lr4w0iknnp65-libproxy-0.4.18-dev/include;/nix/store/s8axys9hpvwxn5718iwrnyvwms4djz96-zstd-1.5.4-dev/include;/nix/store/4hx2f3kfk824b3b44mhjgpph426lnj42-double-conversion-3.2.1/include;/nix/store/d9yf24k5n979y1qy03nlj1mnpijhs5rx-libb2-0.98.1/include;/nix/store/2pai53mrrahl85w7mbypxmplgx6wfqyd-md4c-0.4.8/include;/nix/store/l8d014vy8n42sp6r6j3wjqldylcyvqyk-dbus-1.14.4-dev/include;/nix/store/gqvyvc9ckzijwcw641v6qgg7fz8z63mc-expat-2.5.0-dev/include;/nix/store/152gsygyjagsirvdg3icmz4px39wddwj-glib-2.74.5-dev/include;/nix/store/4j08mgygxhi9y3957hbwqn1bg02va18y-libffi-3.4.4-dev/include;/nix/store/ik1vzp6bfwjxxg0cdcbmyl17yzn8idd4-gettext-0.21/include;/nix/store/1r3a6ji72zxvkyhqfgq1pymdiyjk93l5-glibc-iconv-2.35/include;/nix/store/f04f2mxjzx7s34payvq6lna9qcaall3s-mariadb-connector-odbc-3.1.14/include;/nix/store/2gm71c7yljswz2yz3i6125nx2rwkg9n6-systemd-252.5-dev/include;/nix/store/1gb83p8c3fkjqyb0l30lz0303jhv088k-util-linux-2.38.1-dev/include;/nix/store/xj6h98v3mjiqmwqv6zbw51xd3lgzdz7p-mtdev-1.1.6/include;/nix/store/zmqdq7fj6h273kxz969wr3h7g1jhzgz4-lksctp-tools-1.0.17/include;/nix/store/dvgpj4kwxp5pxhax93zqv80b4ql8xwla-libselinux-3.3-dev/include;/nix/store/0p1v5zn2mb55xs9297x5p7vgdnhrjjmf-libsepol-3.3-dev/include;/nix/store/zl2rzaxviah8cpknrlnpawpfvmjvjh0d-lttng-ust-2.13.1-dev/include;/nix/store/0hhi25jwagxm00kjwmh2zl395cgfdrfh-liburcu-0.13.2/include;/nix/store/k7pydn7w2dd03cchddkgzdb94brxisp9-vulkan-headers-1.3.239.0/include;/nix/store/gxsg7g5higv817948fw3jyamypfc229g-libthai-0.1.29-dev/include;/nix/store/hq2n7bnn6z2p0p94n4mixbbrsyi1qbdf-libdrm-2.4.114-dev/include;/nix/store/bin4ww0irasbdvhqqg8lcwjg3025x4pq-libdatrie-2019-12-20-dev/include;/nix/store/6bdds6632r9fp7mrh27qxjv90d7lzh0y-fontconfig-2.14.0-dev/include;/nix/store/ybd7brnb5kavanvz40mg2p5pmgnczi85-freetype-2.12.1-dev/include;/nix/store/abs0rlwm6jh4l1k831fvqggpgfrs91pv-bzip2-1.0.8-dev/include;/nix/store/84r63sb6w4l1y1ab3vmk3xg84is027y2-brotli-1.0.9-dev/include;/nix/store/q2sjb83p9kh7j653237wr5xzsdc17sgj-libX11-1.8.4-dev/include;/nix/store/9d1fbfvijywjsxh5b060qy5dd01cqbrs-xorgproto-2021.5/include;/nix/store/rr353rjxy36vvakib4cyajjj2r3gqw5x-libxcb-1.14-dev/include;/nix/store/j4i01gassjbbm5i3x4qczy21pmfw05q2-libXcomposite-0.4.5-dev/include;/nix/store/dbbvxfbsix59452vbjngfndr8xddb3nc-libXfixes-6.0.0-dev/include;/nix/store/f5blw2z7jr4h2qkzfdmjkwak142353rq-libXext-1.3.4-dev/include;/nix/store/jhxfmh0lh0dkk11fpys8350w8hk7ljf7-libXau-1.0.9-dev/include;/nix/store/dci0q5r0v1j5d7vryy13as7banrix0sj-libXi-1.8-dev/include;/nix/store/slpgdz4ha0w6y2c25n0ljda4536p9yi4-libXrender-0.9.10-dev/include;/nix/store/l01q7h5h4wxr880jzxpc5fdrwnbqxfzn-libxkbcommon-1.5.0-dev/include;/nix/store/9qzw3zscs3b4gc97bsaq991iifgz4977-xcb-util-0.4.0-dev/include;/nix/store/cwvwhmigx77mydbv1h51pp2l2vijr2rs-xcb-util-image-0.4.0-dev/include;/nix/store/v0qpk37hyfrpgga44f58yrb36gpay3ks-xcb-util-keysyms-0.4.0-dev/include;/nix/store/x45m835963ss4all6g03wms91284j904-xcb-util-renderutil-0.3.9-dev/include;/nix/store/qhjq1dap6j4h5g3srizm6dkshz63zdwv-xcb-util-wm-0.4.1-dev/include;/nix/store/dzkwzx2qnhsx7938ywxqvygw5n28gy63-libXdmcp-1.1.3-dev/include;/nix/store/75jd6r549krqxk1iq5cl4slrr4vci11n-libXtst-1.2.3/include;/nix/store/rkz9zhzj975y9hvb8kav017da08hgq2b-xcb-util-cursor-0.1.3-dev/include;/nix/store/dvrxv7fvlkj5cbjq6262m6f4jdpdvmxx-libepoxy-1.5.10-dev/include;/nix/store/fqwihpqn2wmhjqw251w1r7dyw659abrh-libGL-1.6.0-dev/include;/nix/store/xr3l5mnqwgminijy321myshjx6w55530-qtsvg-6.4.2-dev/include;/nix/store/a85vmwd6cgixmd25226zr4awdvh50xyd-quazip-1.3-dev/include;/nix/store/jf4k9zv0nn0dij7jyh9cb7l2s4h5p65y-qt5compat-6.4.2-dev/include;/nix/store/cj4cjywrz168aijw38dysql6ksafnbjs-qtdeclarative-6.4.2-dev/include;/nix/store/mnpx93zc62xwqlkx0bycrab6604cdhcm-qtshadertools-6.4.2-dev/include;/nix/store/iw1vmh509hcbby8dbpsaanbri4zsq7dj-python3-3.10.10/include;/nix/store/h9a8m4y88pn2jg8h96j6i2blgzarrvcx-filesystem-1.5.12/include;/nix/store/5ymj2l7wacvb1b154v5mhlhng406ds0k-tomlplusplus-3.3.0/include;/nix/store/dkbq5hvylsc0d76lgmwyx4jm2pld63sl-cmark-0.30.3/include;/nix/store/4gxhcwhrh92pn91ax09wxgqg2pqj9i61-qtwayland-6.4.2-dev/include;/nix/store/wzrqym8dzidzhvm5h308kzqcan2zbf5j-gamemode-1.7-dev/include;/nix/store/wx4nsqbssywgx9zkabwgl9sxm5l61ni3-gcc-12.2.0/include/c++/12.2.0;/nix/store/wx4nsqbssywgx9zkabwgl9sxm5l61ni3-gcc-12.2.0/include/c++/12.2.0/x86_64-unknown-linux-gnu;/nix/store/wx4nsqbssywgx9zkabwgl9sxm5l61ni3-gcc-12.2.0/include/c++/12.2.0/backward;/nix/store/wx4nsqbssywgx9zkabwgl9sxm5l61ni3-gcc-12.2.0/lib/gcc/x86_64-unknown-linux-gnu/12.2.0/include;/nix/store/wx4nsqbssywgx9zkabwgl9sxm5l61ni3-gcc-12.2.0/include;/nix/store/wx4nsqbssywgx9zkabwgl9sxm5l61ni3-gcc-12.2.0/lib/gcc/x86_64-unknown-linux-gnu/12.2.0/include-fixed;/nix/store/pqnd39aq2sksad2zvswjcpkqdc7ig3f9-glibc-2.35-224-dev/include]


Parsed CXX implicit link information from above output:
  link line regex: [^( *|.*[/\])(ld|CMAKE_LINK_STARTFILE-NOTFOUND|([^/\]+-)?ld|collect2)[^/\]*( |$)]
  ignore line: [Change Dir: /workspace/PrismLauncher/CMakeFiles/CMakeScratch/TryCompile-BStVDM]
  ignore line: []
  ignore line: [Run Build Command(s):/usr/bin/gmake -f Makefile cmTC_0878c/fast && /usr/bin/gmake  -f CMakeFiles/cmTC_0878c.dir/build.make CMakeFiles/cmTC_0878c.dir/build]
  ignore line: [gmake[1]: Entering directory '/workspace/PrismLauncher/CMakeFiles/CMakeScratch/TryCompile-BStVDM']
  ignore line: [Building CXX object CMakeFiles/cmTC_0878c.dir/CMakeCXXCompilerABI.cpp.o]
  ignore line: [/nix/store/bfbp3ypd9nm3fapz634gvvs738blrl0y-gcc-wrapper-12.2.0/bin/g++   -v -o CMakeFiles/cmTC_0878c.dir/CMakeCXXCompilerABI.cpp.o -c /nix/store/l341npqn3j8pwqq1nqgj5cqhnfbzhphd-cmake-3.25.1/share/cmake-3.25/Modules/CMakeCXXCompilerABI.cpp]
  ignore line: [Using built-in specs.]
  ignore line: [COLLECT_GCC=/nix/store/wx4nsqbssywgx9zkabwgl9sxm5l61ni3-gcc-12.2.0/bin/g++]
  ignore line: [Target: x86_64-unknown-linux-gnu]
  ignore line: [Configured with: ]
  ignore line: [Thread model: posix]
  ignore line: [Supported LTO compression algorithms: zlib]
  ignore line: [gcc version 12.2.0 (GCC) ]
  ignore line: [COLLECT_GCC_OPTIONS='-fPIC' '-Wformat=1' '-Wformat-security' '-Werror=format-security' '-fstack-protector-strong' '--param=ssp-buffer-size=4' '-O2' '-U' '_FORTIFY_SOURCE' '-D' '_FORTIFY_SOURCE=2' '-fno-strict-overflow' '-v' '-o' 'CMakeFiles/cmTC_0878c.dir/CMakeCXXCompilerABI.cpp.o' '-c' '-B' '/nix/store/76l4v99sk83ylfwkz8wmwrm4s8h73rhd-glibc-2.35-224/lib/' '-idirafter' '/nix/store/pqnd39aq2sksad2zvswjcpkqdc7ig3f9-glibc-2.35-224-dev/include' '-idirafter' '/nix/store/wx4nsqbssywgx9zkabwgl9sxm5l61ni3-gcc-12.2.0/lib/gcc/x86_64-unknown-linux-gnu/12.2.0/include-fixed' '-B' '/nix/store/2w4k8nvdyiggz717ygbbxchpnxrqc6y9-gcc-12.2.0-lib/lib' '-B' '/nix/store/bfbp3ypd9nm3fapz634gvvs738blrl0y-gcc-wrapper-12.2.0/bin/' '-frandom-seed=sy5449x9ji' '-D' 'QT_NO_DEBUG' '-isystem' '/nix/store/va9r2bdg56jc6qizpm6dyb97lnxfrhsy-file-5.44/include' '-isystem' '/nix/store/jkv8vb24ab371hlsp55fj953kwh01m8n-openjdk-17.0.6+10/include' '-isystem' '/nix/store/i9cf4vmk6kfqlds56vfllmmz0zdk7rp0-qtbase-6.4.2-dev/include' '-isystem' '/nix/store/0z5wasald7dmipjpbx8kw31pj0kzjxpg-libxml2-2.10.3-dev/include' '-isystem' '/nix/store/qgqsyg7gmqy3fz6shvzhcc7m7pkfw2ig-zlib-1.2.13-dev/include' '-isystem' '/nix/store/i57f5lhc83sfnck9d6rik0dbnbxr9qlw-libxslt-1.1.37-dev/include' '-isystem' '/nix/store/fyiwac98bi86nd5qzz9bhvs1bvmmwgad-openssl-3.0.8-dev/include' '-isystem' '/nix/store/i1h2yf133m4rfzgfgl0zdxjxniyy6kvg-sqlite-3.40.1-dev/include' '-isystem' '/nix/store/ci7r8mfkdg1b4wgawp6fff6ba6vyf33r-unixODBC-2.3.11/include' '-isystem' '/nix/store/vddrjv0wnknv73njnwzj3in0467dk9qa-harfbuzz-7.0.0-dev/include' '-isystem' '/nix/store/vgasd5zjsvdvq3w7ik13sfyyj1n0m5v7-graphite2-1.3.14/include' '-isystem' '/nix/store/86nsxqcmzcc85qzrsczb33jwqgcyl35g-icu4c-72.1-dev/include' '-isystem' '/nix/store/dra1y7qr8clxdssfx5s1grbg2lvg5ifd-libjpeg-turbo-2.1.4-dev/include' '-isystem' '/nix/store/463cn57ci7xxwr28c1d68zwbr001ka8h-libpng-apng-1.6.39-dev/include' '-isystem' '/nix/store/vr9naiikd2k84ygclm3vlr3agbjcgvzi-pcre2-10.42-dev/include' '-isystem' '/nix/store/zc41j2il39qmw9kfwa0zl37dz4izcjdp-pcre-8.45-dev/include' '-isystem' '/nix/store/k4w3vafb6k1b3zc2a6v1lr4w0iknnp65-libproxy-0.4.18-dev/include' '-isystem' '/nix/store/s8axys9hpvwxn5718iwrnyvwms4djz96-zstd-1.5.4-dev/include' '-isystem' '/nix/store/4hx2f3kfk824b3b44mhjgpph426lnj42-double-conversion-3.2.1/include' '-isystem' '/nix/store/d9yf24k5n979y1qy03nlj1mnpijhs5rx-libb2-0.98.1/include' '-isystem' '/nix/store/2pai53mrrahl85w7mbypxmplgx6wfqyd-md4c-0.4.8/include' '-isystem' '/nix/store/l8d014vy8n42sp6r6j3wjqldylcyvqyk-dbus-1.14.4-dev/include' '-isystem' '/nix/store/gqvyvc9ckzijwcw641v6qgg7fz8z63mc-expat-2.5.0-dev/include' '-isystem' '/nix/store/152gsygyjagsirvdg3icmz4px39wddwj-glib-2.74.5-dev/include' '-isystem' '/nix/store/4j08mgygxhi9y3957hbwqn1bg02va18y-libffi-3.4.4-dev/include' '-isystem' '/nix/store/ik1vzp6bfwjxxg0cdcbmyl17yzn8idd4-gettext-0.21/include' '-isystem' '/nix/store/1r3a6ji72zxvkyhqfgq1pymdiyjk93l5-glibc-iconv-2.35/include' '-isystem' '/nix/store/f04f2mxjzx7s34payvq6lna9qcaall3s-mariadb-connector-odbc-3.1.14/include' '-isystem' '/nix/store/2gm71c7yljswz2yz3i6125nx2rwkg9n6-systemd-252.5-dev/include' '-isystem' '/nix/store/1gb83p8c3fkjqyb0l30lz0303jhv088k-util-linux-2.38.1-dev/include' '-isystem' '/nix/store/xj6h98v3mjiqmwqv6zbw51xd3lgzdz7p-mtdev-1.1.6/include' '-isystem' '/nix/store/zmqdq7fj6h273kxz969wr3h7g1jhzgz4-lksctp-tools-1.0.17/include' '-isystem' '/nix/store/dvgpj4kwxp5pxhax93zqv80b4ql8xwla-libselinux-3.3-dev/include' '-isystem' '/nix/store/0p1v5zn2mb55xs9297x5p7vgdnhrjjmf-libsepol-3.3-dev/include' '-isystem' '/nix/store/zl2rzaxviah8cpknrlnpawpfvmjvjh0d-lttng-ust-2.13.1-dev/include' '-isystem' '/nix/store/0hhi25jwagxm00kjwmh2zl395cgfdrfh-liburcu-0.13.2/include' '-isystem' '/nix/store/k7pydn7w2dd03cchddkgzdb94brxisp9-vulkan-headers-1.3.239.0/include' '-isystem' '/nix/store/gxsg7g5higv817948fw3jyamypfc229g-libthai-0.1.29-dev/include' '-isystem' '/nix/store/hq2n7bnn6z2p0p94n4mixbbrsyi1qbdf-libdrm-2.4.114-dev/include' '-isystem' '/nix/store/bin4ww0irasbdvhqqg8lcwjg3025x4pq-libdatrie-2019-12-20-dev/include' '-isystem' '/nix/store/6bdds6632r9fp7mrh27qxjv90d7lzh0y-fontconfig-2.14.0-dev/include' '-isystem' '/nix/store/ybd7brnb5kavanvz40mg2p5pmgnczi85-freetype-2.12.1-dev/include' '-isystem' '/nix/store/abs0rlwm6jh4l1k831fvqggpgfrs91pv-bzip2-1.0.8-dev/include' '-isystem' '/nix/store/84r63sb6w4l1y1ab3vmk3xg84is027y2-brotli-1.0.9-dev/include' '-isystem' '/nix/store/q2sjb83p9kh7j653237wr5xzsdc17sgj-libX11-1.8.4-dev/include' '-isystem' '/nix/store/9d1fbfvijywjsxh5b060qy5dd01cqbrs-xorgproto-2021.5/include' '-isystem' '/nix/store/rr353rjxy36vvakib4cyajjj2r3gqw5x-libxcb-1.14-dev/include' '-isystem' '/nix/store/j4i01gassjbbm5i3x4qczy21pmfw05q2-libXcomposite-0.4.5-dev/include' '-isystem' '/nix/store/dbbvxfbsix59452vbjngfndr8xddb3nc-libXfixes-6.0.0-dev/include' '-isystem' '/nix/store/f5blw2z7jr4h2qkzfdmjkwak142353rq-libXext-1.3.4-dev/include' '-isystem' '/nix/store/jhxfmh0lh0dkk11fpys8350w8hk7ljf7-libXau-1.0.9-dev/include' '-isystem' '/nix/store/dci0q5r0v1j5d7vryy13as7banrix0sj-libXi-1.8-dev/include' '-isystem' '/nix/store/slpgdz4ha0w6y2c25n0ljda4536p9yi4-libXrender-0.9.10-dev/include' '-isystem' '/nix/store/l01q7h5h4wxr880jzxpc5fdrwnbqxfzn-libxkbcommon-1.5.0-dev/include' '-isystem' '/nix/store/9qzw3zscs3b4gc97bsaq991iifgz4977-xcb-util-0.4.0-dev/include' '-isystem' '/nix/store/cwvwhmigx77mydbv1h51pp2l2vijr2rs-xcb-util-image-0.4.0-dev/include' '-isystem' '/nix/store/v0qpk37hyfrpgga44f58yrb36gpay3ks-xcb-util-keysyms-0.4.0-dev/include' '-isystem' '/nix/store/x45m835963ss4all6g03wms91284j904-xcb-util-renderutil-0.3.9-dev/include' '-isystem' '/nix/store/qhjq1dap6j4h5g3srizm6dkshz63zdwv-xcb-util-wm-0.4.1-dev/include' '-isystem' '/nix/store/dzkwzx2qnhsx7938ywxqvygw5n28gy63-libXdmcp-1.1.3-dev/include' '-isystem' '/nix/store/75jd6r549krqxk1iq5cl4slrr4vci11n-libXtst-1.2.3/include' '-isystem' '/nix/store/rkz9zhzj975y9hvb8kav017da08hgq2b-xcb-util-cursor-0.1.3-dev/include' '-isystem' '/nix/store/dvrxv7fvlkj5cbjq6262m6f4jdpdvmxx-libepoxy-1.5.10-dev/include' '-isystem' '/nix/store/fqwihpqn2wmhjqw251w1r7dyw659abrh-libGL-1.6.0-dev/include' '-isystem' '/nix/store/y7fpp50b5l7l4g5hk76w2mm2p8jhrwyg-libglvnd-1.6.0-dev/include' '-isystem' '/nix/store/xr3l5mnqwgminijy321myshjx6w55530-qtsvg-6.4.2-dev/include' '-isystem' '/nix/store/a85vmwd6cgixmd25226zr4awdvh50xyd-quazip-1.3-dev/include' '-isystem' '/nix/store/jf4k9zv0nn0dij7jyh9cb7l2s4h5p65y-qt5compat-6.4.2-dev/include' '-isystem' '/nix/store/cj4cjywrz168aijw38dysql6ksafnbjs-qtdeclarative-6.4.2-dev/include' '-isystem' '/nix/store/mnpx93zc62xwqlkx0bycrab6604cdhcm-qtshadertools-6.4.2-dev/include' '-isystem' '/nix/store/iw1vmh509hcbby8dbpsaanbri4zsq7dj-python3-3.10.10/include' '-isystem' '/nix/store/h9a8m4y88pn2jg8h96j6i2blgzarrvcx-filesystem-1.5.12/include' '-isystem' '/nix/store/5ymj2l7wacvb1b154v5mhlhng406ds0k-tomlplusplus-3.3.0/include' '-isystem' '/nix/store/dkbq5hvylsc0d76lgmwyx4jm2pld63sl-cmark-0.30.3/include' '-isystem' '/nix/store/4gxhcwhrh92pn91ax09wxgqg2pqj9i61-qtwayland-6.4.2-dev/include' '-isystem' '/nix/store/wzrqym8dzidzhvm5h308kzqcan2zbf5j-gamemode-1.7-dev/include' '-isystem' '/nix/store/va9r2bdg56jc6qizpm6dyb97lnxfrhsy-file-5.44/include' '-isystem' '/nix/store/jkv8vb24ab371hlsp55fj953kwh01m8n-openjdk-17.0.6+10/include' '-isystem' '/nix/store/i9cf4vmk6kfqlds56vfllmmz0zdk7rp0-qtbase-6.4.2-dev/include' '-isystem' '/nix/store/0z5wasald7dmipjpbx8kw31pj0kzjxpg-libxml2-2.10.3-dev/include' '-isystem' '/nix/store/qgqsyg7gmqy3fz6shvzhcc7m7pkfw2ig-zlib-1.2.13-dev/include' '-isystem' '/nix/store/i57f5lhc83sfnck9d6rik0dbnbxr9qlw-libxslt-1.1.37-dev/include' '-isystem' '/nix/store/fyiwac98bi86nd5qzz9bhvs1bvmmwgad-openssl-3.0.8-dev/include' '-isystem' '/nix/store/i1h2yf133m4rfzgfgl0zdxjxniyy6kvg-sqlite-3.40.1-dev/include' '-isystem' '/nix/store/ci7r8mfkdg1b4wgawp6fff6ba6vyf33r-unixODBC-2.3.11/include' '-isystem' '/nix/store/vddrjv0wnknv73njnwzj3in0467dk9qa-harfbuzz-7.0.0-dev/include' '-isystem' '/nix/store/vgasd5zjsvdvq3w7ik13sfyyj1n0m5v7-graphite2-1.3.14/include' '-isystem' '/nix/store/86nsxqcmzcc85qzrsczb33jwqgcyl35g-icu4c-72.1-dev/include' '-isystem' '/nix/store/dra1y7qr8clxdssfx5s1grbg2lvg5ifd-libjpeg-turbo-2.1.4-dev/include' '-isystem' '/nix/store/463cn57ci7xxwr28c1d68zwbr001ka8h-libpng-apng-1.6.39-dev/include' '-isystem' '/nix/store/vr9naiikd2k84ygclm3vlr3agbjcgvzi-pcre2-10.42-dev/include' '-isystem' '/nix/store/zc41j2il39qmw9kfwa0zl37dz4izcjdp-pcre-8.45-dev/include' '-isystem' '/nix/store/k4w3vafb6k1b3zc2a6v1lr4w0iknnp65-libproxy-0.4.18-dev/include' '-isystem' '/nix/store/s8axys9hpvwxn5718iwrnyvwms4djz96-zstd-1.5.4-dev/include' '-isystem' '/nix/store/4hx2f3kfk824b3b44mhjgpph426lnj42-double-conversion-3.2.1/include' '-isystem' '/nix/store/d9yf24k5n979y1qy03nlj1mnpijhs5rx-libb2-0.98.1/include' '-isystem' '/nix/store/2pai53mrrahl85w7mbypxmplgx6wfqyd-md4c-0.4.8/include' '-isystem' '/nix/store/l8d014vy8n42sp6r6j3wjqldylcyvqyk-dbus-1.14.4-dev/include' '-isystem' '/nix/store/gqvyvc9ckzijwcw641v6qgg7fz8z63mc-expat-2.5.0-dev/include' '-isystem' '/nix/store/152gsygyjagsirvdg3icmz4px39wddwj-glib-2.74.5-dev/include' '-isystem' '/nix/store/4j08mgygxhi9y3957hbwqn1bg02va18y-libffi-3.4.4-dev/include' '-isystem' '/nix/store/ik1vzp6bfwjxxg0cdcbmyl17yzn8idd4-gettext-0.21/include' '-isystem' '/nix/store/1r3a6ji72zxvkyhqfgq1pymdiyjk93l5-glibc-iconv-2.35/include' '-isystem' '/nix/store/f04f2mxjzx7s34payvq6lna9qcaall3s-mariadb-connector-odbc-3.1.14/include' '-isystem' '/nix/store/2gm71c7yljswz2yz3i6125nx2rwkg9n6-systemd-252.5-dev/include' '-isystem' '/nix/store/1gb83p8c3fkjqyb0l30lz0303jhv088k-util-linux-2.38.1-dev/include' '-isystem' '/nix/store/xj6h98v3mjiqmwqv6zbw51xd3lgzdz7p-mtdev-1.1.6/include' '-isystem' '/nix/store/zmqdq7fj6h273kxz969wr3h7g1jhzgz4-lksctp-tools-1.0.17/include' '-isystem' '/nix/store/dvgpj4kwxp5pxhax93zqv80b4ql8xwla-libselinux-3.3-dev/include' '-isystem' '/nix/store/0p1v5zn2mb55xs9297x5p7vgdnhrjjmf-libsepol-3.3-dev/include' '-isystem' '/nix/store/zl2rzaxviah8cpknrlnpawpfvmjvjh0d-lttng-ust-2.13.1-dev/include' '-isystem' '/nix/store/0hhi25jwagxm00kjwmh2zl395cgfdrfh-liburcu-0.13.2/include' '-isystem' '/nix/store/k7pydn7w2dd03cchddkgzdb94brxisp9-vulkan-headers-1.3.239.0/include' '-isystem' '/nix/store/gxsg7g5higv817948fw3jyamypfc229g-libthai-0.1.29-dev/include' '-isystem' '/nix/store/hq2n7bnn6z2p0p94n4mixbbrsyi1qbdf-libdrm-2.4.114-dev/include' '-isystem' '/nix/store/bin4ww0irasbdvhqqg8lcwjg3025x4pq-libdatrie-2019-12-20-dev/include' '-isystem' '/nix/store/6bdds6632r9fp7mrh27qxjv90d7lzh0y-fontconfig-2.14.0-dev/include' '-isystem' '/nix/store/ybd7brnb5kavanvz40mg2p5pmgnczi85-freetype-2.12.1-dev/include' '-isystem' '/nix/store/abs0rlwm6jh4l1k831fvqggpgfrs91pv-bzip2-1.0.8-dev/include' '-isystem' '/nix/store/84r63sb6w4l1y1ab3vmk3xg84is027y2-brotli-1.0.9-dev/include' '-isystem' '/nix/store/q2sjb83p9kh7j653237wr5xzsdc17sgj-libX11-1.8.4-dev/include' '-isystem' '/nix/store/9d1fbfvijywjsxh5b060qy5dd01cqbrs-xorgproto-2021.5/include' '-isystem' '/nix/store/rr353rjxy36vvakib4cyajjj2r3gqw5x-libxcb-1.14-dev/include' '-isystem' '/nix/store/j4i01gassjbbm5i3x4qczy21pmfw05q2-libXcomposite-0.4.5-dev/include' '-isystem' '/nix/store/dbbvxfbsix59452vbjngfndr8xddb3nc-libXfixes-6.0.0-dev/include' '-isystem' '/nix/store/f5blw2z7jr4h2qkzfdmjkwak142353rq-libXext-1.3.4-dev/include' '-isystem' '/nix/store/jhxfmh0lh0dkk11fpys8350w8hk7ljf7-libXau-1.0.9-dev/include' '-isystem' '/nix/store/dci0q5r0v1j5d7vryy13as7banrix0sj-libXi-1.8-dev/include' '-isystem' '/nix/store/slpgdz4ha0w6y2c25n0ljda4536p9yi4-libXrender-0.9.10-dev/include' '-isystem' '/nix/store/l01q7h5h4wxr880jzxpc5fdrwnbqxfzn-libxkbcommon-1.5.0-dev/include' '-isystem' '/nix/store/9qzw3zscs3b4gc97bsaq991iifgz4977-xcb-util-0.4.0-dev/include' '-isystem' '/nix/store/cwvwhmigx77mydbv1h51pp2l2vijr2rs-xcb-util-image-0.4.0-dev/include' '-isystem' '/nix/store/v0qpk37hyfrpgga44f58yrb36gpay3ks-xcb-util-keysyms-0.4.0-dev/include' '-isystem' '/nix/store/x45m835963ss4all6g03wms91284j904-xcb-util-renderutil-0.3.9-dev/include' '-isystem' '/nix/store/qhjq1dap6j4h5g3srizm6dkshz63zdwv-xcb-util-wm-0.4.1-dev/include' '-isystem' '/nix/store/dzkwzx2qnhsx7938ywxqvygw5n28gy63-libXdmcp-1.1.3-dev/include' '-isystem' '/nix/store/75jd6r549krqxk1iq5cl4slrr4vci11n-libXtst-1.2.3/include' '-isystem' '/nix/store/rkz9zhzj975y9hvb8kav017da08hgq2b-xcb-util-cursor-0.1.3-dev/include' '-isystem' '/nix/store/dvrxv7fvlkj5cbjq6262m6f4jdpdvmxx-libepoxy-1.5.10-dev/include' '-isystem' '/nix/store/fqwihpqn2wmhjqw251w1r7dyw659abrh-libGL-1.6.0-dev/include' '-isystem' '/nix/store/y7fpp50b5l7l4g5hk76w2mm2p8jhrwyg-libglvnd-1.6.0-dev/include' '-isystem' '/nix/store/xr3l5mnqwgminijy321myshjx6w55530-qtsvg-6.4.2-dev/include' '-isystem' '/nix/store/a85vmwd6cgixmd25226zr4awdvh50xyd-quazip-1.3-dev/include' '-isystem' '/nix/store/jf4k9zv0nn0dij7jyh9cb7l2s4h5p65y-qt5compat-6.4.2-dev/include' '-isystem' '/nix/store/cj4cjywrz168aijw38dysql6ksafnbjs-qtdeclarative-6.4.2-dev/include' '-isystem' '/nix/store/mnpx93zc62xwqlkx0bycrab6604cdhcm-qtshadertools-6.4.2-dev/include' '-isystem' '/nix/store/iw1vmh509hcbby8dbpsaanbri4zsq7dj-python3-3.10.10/include' '-isystem' '/nix/store/h9a8m4y88pn2jg8h96j6i2blgzarrvcx-filesystem-1.5.12/include' '-isystem' '/nix/store/5ymj2l7wacvb1b154v5mhlhng406ds0k-tomlplusplus-3.3.0/include' '-isystem' '/nix/store/dkbq5hvylsc0d76lgmwyx4jm2pld63sl-cmark-0.30.3/include' '-isystem' '/nix/store/4gxhcwhrh92pn91ax09wxgqg2pqj9i61-qtwayland-6.4.2-dev/include' '-isystem' '/nix/store/wzrqym8dzidzhvm5h308kzqcan2zbf5j-gamemode-1.7-dev/include' '-shared-libgcc' '-mtune=generic' '-march=x86-64' '-dumpdir' 'CMakeFiles/cmTC_0878c.dir/']
  ignore line: [ /nix/store/wx4nsqbssywgx9zkabwgl9sxm5l61ni3-gcc-12.2.0/libexec/gcc/x86_64-unknown-linux-gnu/12.2.0/cc1plus -quiet -v -D_GNU_SOURCE -U _FORTIFY_SOURCE -D _FORTIFY_SOURCE=2 -D QT_NO_DEBUG -idirafter /nix/store/pqnd39aq2sksad2zvswjcpkqdc7ig3f9-glibc-2.35-224-dev/include -idirafter /nix/store/wx4nsqbssywgx9zkabwgl9sxm5l61ni3-gcc-12.2.0/lib/gcc/x86_64-unknown-linux-gnu/12.2.0/include-fixed -isystem /nix/store/va9r2bdg56jc6qizpm6dyb97lnxfrhsy-file-5.44/include -isystem /nix/store/jkv8vb24ab371hlsp55fj953kwh01m8n-openjdk-17.0.6+10/include -isystem /nix/store/i9cf4vmk6kfqlds56vfllmmz0zdk7rp0-qtbase-6.4.2-dev/include -isystem /nix/store/0z5wasald7dmipjpbx8kw31pj0kzjxpg-libxml2-2.10.3-dev/include -isystem /nix/store/qgqsyg7gmqy3fz6shvzhcc7m7pkfw2ig-zlib-1.2.13-dev/include -isystem /nix/store/i57f5lhc83sfnck9d6rik0dbnbxr9qlw-libxslt-1.1.37-dev/include -isystem /nix/store/fyiwac98bi86nd5qzz9bhvs1bvmmwgad-openssl-3.0.8-dev/include -isystem /nix/store/i1h2yf133m4rfzgfgl0zdxjxniyy6kvg-sqlite-3.40.1-dev/include -isystem /nix/store/ci7r8mfkdg1b4wgawp6fff6ba6vyf33r-unixODBC-2.3.11/include -isystem /nix/store/vddrjv0wnknv73njnwzj3in0467dk9qa-harfbuzz-7.0.0-dev/include -isystem /nix/store/vgasd5zjsvdvq3w7ik13sfyyj1n0m5v7-graphite2-1.3.14/include -isystem /nix/store/86nsxqcmzcc85qzrsczb33jwqgcyl35g-icu4c-72.1-dev/include -isystem /nix/store/dra1y7qr8clxdssfx5s1grbg2lvg5ifd-libjpeg-turbo-2.1.4-dev/include -isystem /nix/store/463cn57ci7xxwr28c1d68zwbr001ka8h-libpng-apng-1.6.39-dev/include -isystem /nix/store/vr9naiikd2k84ygclm3vlr3agbjcgvzi-pcre2-10.42-dev/include -isystem /nix/store/zc41j2il39qmw9kfwa0zl37dz4izcjdp-pcre-8.45-dev/include -isystem /nix/store/k4w3vafb6k1b3zc2a6v1lr4w0iknnp65-libproxy-0.4.18-dev/include -isystem /nix/store/s8axys9hpvwxn5718iwrnyvwms4djz96-zstd-1.5.4-dev/include -isystem /nix/store/4hx2f3kfk824b3b44mhjgpph426lnj42-double-conversion-3.2.1/include -isystem /nix/store/d9yf24k5n979y1qy03nlj1mnpijhs5rx-libb2-0.98.1/include -isystem /nix/store/2pai53mrrahl85w7mbypxmplgx6wfqyd-md4c-0.4.8/include -isystem /nix/store/l8d014vy8n42sp6r6j3wjqldylcyvqyk-dbus-1.14.4-dev/include -isystem /nix/store/gqvyvc9ckzijwcw641v6qgg7fz8z63mc-expat-2.5.0-dev/include -isystem /nix/store/152gsygyjagsirvdg3icmz4px39wddwj-glib-2.74.5-dev/include -isystem /nix/store/4j08mgygxhi9y3957hbwqn1bg02va18y-libffi-3.4.4-dev/include -isystem /nix/store/ik1vzp6bfwjxxg0cdcbmyl17yzn8idd4-gettext-0.21/include -isystem /nix/store/1r3a6ji72zxvkyhqfgq1pymdiyjk93l5-glibc-iconv-2.35/include -isystem /nix/store/f04f2mxjzx7s34payvq6lna9qcaall3s-mariadb-connector-odbc-3.1.14/include -isystem /nix/store/2gm71c7yljswz2yz3i6125nx2rwkg9n6-systemd-252.5-dev/include -isystem /nix/store/1gb83p8c3fkjqyb0l30lz0303jhv088k-util-linux-2.38.1-dev/include -isystem /nix/store/xj6h98v3mjiqmwqv6zbw51xd3lgzdz7p-mtdev-1.1.6/include -isystem /nix/store/zmqdq7fj6h273kxz969wr3h7g1jhzgz4-lksctp-tools-1.0.17/include -isystem /nix/store/dvgpj4kwxp5pxhax93zqv80b4ql8xwla-libselinux-3.3-dev/include -isystem /nix/store/0p1v5zn2mb55xs9297x5p7vgdnhrjjmf-libsepol-3.3-dev/include -isystem /nix/store/zl2rzaxviah8cpknrlnpawpfvmjvjh0d-lttng-ust-2.13.1-dev/include -isystem /nix/store/0hhi25jwagxm00kjwmh2zl395cgfdrfh-liburcu-0.13.2/include -isystem /nix/store/k7pydn7w2dd03cchddkgzdb94brxisp9-vulkan-headers-1.3.239.0/include -isystem /nix/store/gxsg7g5higv817948fw3jyamypfc229g-libthai-0.1.29-dev/include -isystem /nix/store/hq2n7bnn6z2p0p94n4mixbbrsyi1qbdf-libdrm-2.4.114-dev/include -isystem /nix/store/bin4ww0irasbdvhqqg8lcwjg3025x4pq-libdatrie-2019-12-20-dev/include -isystem /nix/store/6bdds6632r9fp7mrh27qxjv90d7lzh0y-fontconfig-2.14.0-dev/include -isystem /nix/store/ybd7brnb5kavanvz40mg2p5pmgnczi85-freetype-2.12.1-dev/include -isystem /nix/store/abs0rlwm6jh4l1k831fvqggpgfrs91pv-bzip2-1.0.8-dev/include -isystem /nix/store/84r63sb6w4l1y1ab3vmk3xg84is027y2-brotli-1.0.9-dev/include -isystem /nix/store/q2sjb83p9kh7j653237wr5xzsdc17sgj-libX11-1.8.4-dev/include -isystem /nix/store/9d1fbfvijywjsxh5b060qy5dd01cqbrs-xorgproto-2021.5/include -isystem /nix/store/rr353rjxy36vvakib4cyajjj2r3gqw5x-libxcb-1.14-dev/include -isystem /nix/store/j4i01gassjbbm5i3x4qczy21pmfw05q2-libXcomposite-0.4.5-dev/include -isystem /nix/store/dbbvxfbsix59452vbjngfndr8xddb3nc-libXfixes-6.0.0-dev/include -isystem /nix/store/f5blw2z7jr4h2qkzfdmjkwak142353rq-libXext-1.3.4-dev/include -isystem /nix/store/jhxfmh0lh0dkk11fpys8350w8hk7ljf7-libXau-1.0.9-dev/include -isystem /nix/store/dci0q5r0v1j5d7vryy13as7banrix0sj-libXi-1.8-dev/include -isystem /nix/store/slpgdz4ha0w6y2c25n0ljda4536p9yi4-libXrender-0.9.10-dev/include -isystem /nix/store/l01q7h5h4wxr880jzxpc5fdrwnbqxfzn-libxkbcommon-1.5.0-dev/include -isystem /nix/store/9qzw3zscs3b4gc97bsaq991iifgz4977-xcb-util-0.4.0-dev/include -isystem /nix/store/cwvwhmigx77mydbv1h51pp2l2vijr2rs-xcb-util-image-0.4.0-dev/include -isystem /nix/store/v0qpk37hyfrpgga44f58yrb36gpay3ks-xcb-util-keysyms-0.4.0-dev/include -isystem /nix/store/x45m835963ss4all6g03wms91284j904-xcb-util-renderutil-0.3.9-dev/include -isystem /nix/store/qhjq1dap6j4h5g3srizm6dkshz63zdwv-xcb-util-wm-0.4.1-dev/include -isystem /nix/store/dzkwzx2qnhsx7938ywxqvygw5n28gy63-libXdmcp-1.1.3-dev/include -isystem /nix/store/75jd6r549krqxk1iq5cl4slrr4vci11n-libXtst-1.2.3/include -isystem /nix/store/rkz9zhzj975y9hvb8kav017da08hgq2b-xcb-util-cursor-0.1.3-dev/include -isystem /nix/store/dvrxv7fvlkj5cbjq6262m6f4jdpdvmxx-libepoxy-1.5.10-dev/include -isystem /nix/store/fqwihpqn2wmhjqw251w1r7dyw659abrh-libGL-1.6.0-dev/include -isystem /nix/store/y7fpp50b5l7l4g5hk76w2mm2p8jhrwyg-libglvnd-1.6.0-dev/include -isystem /nix/store/xr3l5mnqwgminijy321myshjx6w55530-qtsvg-6.4.2-dev/include -isystem /nix/store/a85vmwd6cgixmd25226zr4awdvh50xyd-quazip-1.3-dev/include -isystem /nix/store/jf4k9zv0nn0dij7jyh9cb7l2s4h5p65y-qt5compat-6.4.2-dev/include -isystem /nix/store/cj4cjywrz168aijw38dysql6ksafnbjs-qtdeclarative-6.4.2-dev/include -isystem /nix/store/mnpx93zc62xwqlkx0bycrab6604cdhcm-qtshadertools-6.4.2-dev/include -isystem /nix/store/iw1vmh509hcbby8dbpsaanbri4zsq7dj-python3-3.10.10/include -isystem /nix/store/h9a8m4y88pn2jg8h96j6i2blgzarrvcx-filesystem-1.5.12/include -isystem /nix/store/5ymj2l7wacvb1b154v5mhlhng406ds0k-tomlplusplus-3.3.0/include -isystem /nix/store/dkbq5hvylsc0d76lgmwyx4jm2pld63sl-cmark-0.30.3/include -isystem /nix/store/4gxhcwhrh92pn91ax09wxgqg2pqj9i61-qtwayland-6.4.2-dev/include -isystem /nix/store/wzrqym8dzidzhvm5h308kzqcan2zbf5j-gamemode-1.7-dev/include -isystem /nix/store/va9r2bdg56jc6qizpm6dyb97lnxfrhsy-file-5.44/include -isystem /nix/store/jkv8vb24ab371hlsp55fj953kwh01m8n-openjdk-17.0.6+10/include -isystem /nix/store/i9cf4vmk6kfqlds56vfllmmz0zdk7rp0-qtbase-6.4.2-dev/include -isystem /nix/store/0z5wasald7dmipjpbx8kw31pj0kzjxpg-libxml2-2.10.3-dev/include -isystem /nix/store/qgqsyg7gmqy3fz6shvzhcc7m7pkfw2ig-zlib-1.2.13-dev/include -isystem /nix/store/i57f5lhc83sfnck9d6rik0dbnbxr9qlw-libxslt-1.1.37-dev/include -isystem /nix/store/fyiwac98bi86nd5qzz9bhvs1bvmmwgad-openssl-3.0.8-dev/include -isystem /nix/store/i1h2yf133m4rfzgfgl0zdxjxniyy6kvg-sqlite-3.40.1-dev/include -isystem /nix/store/ci7r8mfkdg1b4wgawp6fff6ba6vyf33r-unixODBC-2.3.11/include -isystem /nix/store/vddrjv0wnknv73njnwzj3in0467dk9qa-harfbuzz-7.0.0-dev/include -isystem /nix/store/vgasd5zjsvdvq3w7ik13sfyyj1n0m5v7-graphite2-1.3.14/include -isystem /nix/store/86nsxqcmzcc85qzrsczb33jwqgcyl35g-icu4c-72.1-dev/include -isystem /nix/store/dra1y7qr8clxdssfx5s1grbg2lvg5ifd-libjpeg-turbo-2.1.4-dev/include -isystem /nix/store/463cn57ci7xxwr28c1d68zwbr001ka8h-libpng-apng-1.6.39-dev/include -isystem /nix/store/vr9naiikd2k84ygclm3vlr3agbjcgvzi-pcre2-10.42-dev/include -isystem /nix/store/zc41j2il39qmw9kfwa0zl37dz4izcjdp-pcre-8.45-dev/include -isystem /nix/store/k4w3vafb6k1b3zc2a6v1lr4w0iknnp65-libproxy-0.4.18-dev/include -isystem /nix/store/s8axys9hpvwxn5718iwrnyvwms4djz96-zstd-1.5.4-dev/include -isystem /nix/store/4hx2f3kfk824b3b44mhjgpph426lnj42-double-conversion-3.2.1/include -isystem /nix/store/d9yf24k5n979y1qy03nlj1mnpijhs5rx-libb2-0.98.1/include -isystem /nix/store/2pai53mrrahl85w7mbypxmplgx6wfqyd-md4c-0.4.8/include -isystem /nix/store/l8d014vy8n42sp6r6j3wjqldylcyvqyk-dbus-1.14.4-dev/include -isystem /nix/store/gqvyvc9ckzijwcw641v6qgg7fz8z63mc-expat-2.5.0-dev/include -isystem /nix/store/152gsygyjagsirvdg3icmz4px39wddwj-glib-2.74.5-dev/include -isystem /nix/store/4j08mgygxhi9y3957hbwqn1bg02va18y-libffi-3.4.4-dev/include -isystem /nix/store/ik1vzp6bfwjxxg0cdcbmyl17yzn8idd4-gettext-0.21/include -isystem /nix/store/1r3a6ji72zxvkyhqfgq1pymdiyjk93l5-glibc-iconv-2.35/include -isystem /nix/store/f04f2mxjzx7s34payvq6lna9qcaall3s-mariadb-connector-odbc-3.1.14/include -isystem /nix/store/2gm71c7yljswz2yz3i6125nx2rwkg9n6-systemd-252.5-dev/include -isystem /nix/store/1gb83p8c3fkjqyb0l30lz0303jhv088k-util-linux-2.38.1-dev/include -isystem /nix/store/xj6h98v3mjiqmwqv6zbw51xd3lgzdz7p-mtdev-1.1.6/include -isystem /nix/store/zmqdq7fj6h273kxz969wr3h7g1jhzgz4-lksctp-tools-1.0.17/include -isystem /nix/store/dvgpj4kwxp5pxhax93zqv80b4ql8xwla-libselinux-3.3-dev/include -isystem /nix/store/0p1v5zn2mb55xs9297x5p7vgdnhrjjmf-libsepol-3.3-dev/include -isystem /nix/store/zl2rzaxviah8cpknrlnpawpfvmjvjh0d-lttng-ust-2.13.1-dev/include -isystem /nix/store/0hhi25jwagxm00kjwmh2zl395cgfdrfh-liburcu-0.13.2/include -isystem /nix/store/k7pydn7w2dd03cchddkgzdb94brxisp9-vulkan-headers-1.3.239.0/include -isystem /nix/store/gxsg7g5higv817948fw3jyamypfc229g-libthai-0.1.29-dev/include -isystem /nix/store/hq2n7bnn6z2p0p94n4mixbbrsyi1qbdf-libdrm-2.4.114-dev/include -isystem /nix/store/bin4ww0irasbdvhqqg8lcwjg3025x4pq-libdatrie-2019-12-20-dev/include -isystem /nix/store/6bdds6632r9fp7mrh27qxjv90d7lzh0y-fontconfig-2.14.0-dev/include -isystem /nix/store/ybd7brnb5kavanvz40mg2p5pmgnczi85-freetype-2.12.1-dev/include -isystem /nix/store/abs0rlwm6jh4l1k831fvqggpgfrs91pv-bzip2-1.0.8-dev/include -isystem /nix/store/84r63sb6w4l1y1ab3vmk3xg84is027y2-brotli-1.0.9-dev/include -isystem /nix/store/q2sjb83p9kh7j653237wr5xzsdc17sgj-libX11-1.8.4-dev/include -isystem /nix/store/9d1fbfvijywjsxh5b060qy5dd01cqbrs-xorgproto-2021.5/include -isystem /nix/store/rr353rjxy36vvakib4cyajjj2r3gqw5x-libxcb-1.14-dev/include -isystem /nix/store/j4i01gassjbbm5i3x4qczy21pmfw05q2-libXcomposite-0.4.5-dev/include -isystem /nix/store/dbbvxfbsix59452vbjngfndr8xddb3nc-libXfixes-6.0.0-dev/include -isystem /nix/store/f5blw2z7jr4h2qkzfdmjkwak142353rq-libXext-1.3.4-dev/include -isystem /nix/store/jhxfmh0lh0dkk11fpys8350w8hk7ljf7-libXau-1.0.9-dev/include -isystem /nix/store/dci0q5r0v1j5d7vryy13as7banrix0sj-libXi-1.8-dev/include -isystem /nix/store/slpgdz4ha0w6y2c25n0ljda4536p9yi4-libXrender-0.9.10-dev/include -isystem /nix/store/l01q7h5h4wxr880jzxpc5fdrwnbqxfzn-libxkbcommon-1.5.0-dev/include -isystem /nix/store/9qzw3zscs3b4gc97bsaq991iifgz4977-xcb-util-0.4.0-dev/include -isystem /nix/store/cwvwhmigx77mydbv1h51pp2l2vijr2rs-xcb-util-image-0.4.0-dev/include -isystem /nix/store/v0qpk37hyfrpgga44f58yrb36gpay3ks-xcb-util-keysyms-0.4.0-dev/include -isystem /nix/store/x45m835963ss4all6g03wms91284j904-xcb-util-renderutil-0.3.9-dev/include -isystem /nix/store/qhjq1dap6j4h5g3srizm6dkshz63zdwv-xcb-util-wm-0.4.1-dev/include -isystem /nix/store/dzkwzx2qnhsx7938ywxqvygw5n28gy63-libXdmcp-1.1.3-dev/include -isystem /nix/store/75jd6r549krqxk1iq5cl4slrr4vci11n-libXtst-1.2.3/include -isystem /nix/store/rkz9zhzj975y9hvb8kav017da08hgq2b-xcb-util-cursor-0.1.3-dev/include -isystem /nix/store/dvrxv7fvlkj5cbjq6262m6f4jdpdvmxx-libepoxy-1.5.10-dev/include -isystem /nix/store/fqwihpqn2wmhjqw251w1r7dyw659abrh-libGL-1.6.0-dev/include -isystem /nix/store/y7fpp50b5l7l4g5hk76w2mm2p8jhrwyg-libglvnd-1.6.0-dev/include -isystem /nix/store/xr3l5mnqwgminijy321myshjx6w55530-qtsvg-6.4.2-dev/include -isystem /nix/store/a85vmwd6cgixmd25226zr4awdvh50xyd-quazip-1.3-dev/include -isystem /nix/store/jf4k9zv0nn0dij7jyh9cb7l2s4h5p65y-qt5compat-6.4.2-dev/include -isystem /nix/store/cj4cjywrz168aijw38dysql6ksafnbjs-qtdeclarative-6.4.2-dev/include -isystem /nix/store/mnpx93zc62xwqlkx0bycrab6604cdhcm-qtshadertools-6.4.2-dev/include -isystem /nix/store/iw1vmh509hcbby8dbpsaanbri4zsq7dj-python3-3.10.10/include -isystem /nix/store/h9a8m4y88pn2jg8h96j6i2blgzarrvcx-filesystem-1.5.12/include -isystem /nix/store/5ymj2l7wacvb1b154v5mhlhng406ds0k-tomlplusplus-3.3.0/include -isystem /nix/store/dkbq5hvylsc0d76lgmwyx4jm2pld63sl-cmark-0.30.3/include -isystem /nix/store/4gxhcwhrh92pn91ax09wxgqg2pqj9i61-qtwayland-6.4.2-dev/include -isystem /nix/store/wzrqym8dzidzhvm5h308kzqcan2zbf5j-gamemode-1.7-dev/include /nix/store/l341npqn3j8pwqq1nqgj5cqhnfbzhphd-cmake-3.25.1/share/cmake-3.25/Modules/CMakeCXXCompilerABI.cpp -quiet -dumpdir CMakeFiles/cmTC_0878c.dir/ -dumpbase CMakeCXXCompilerABI.cpp.cpp -dumpbase-ext .cpp -mtune=generic -march=x86-64 -O2 -Wformat=1 -Wformat-security -Werror=format-security -version -fPIC -fstack-protector-strong -fno-strict-overflow -frandom-seed=sy5449x9ji --param=ssp-buffer-size=4 -o /tmp/nix-shell.QeuHwI/ccXlxQ63.s]
  ignore line: [GNU C++17 (GCC) version 12.2.0 (x86_64-unknown-linux-gnu)]
  ignore line: [	compiled by GNU C version 12.2.0  GMP version 6.2.1  MPFR version 4.2.0  MPC version 1.3.1  isl version isl-0.20-GMP]
  ignore line: []
  ignore line: [GGC heuristics: --param ggc-min-expand=100 --param ggc-min-heapsize=131072]
  ignore line: [ignoring duplicate directory "/nix/store/y7fpp50b5l7l4g5hk76w2mm2p8jhrwyg-libglvnd-1.6.0-dev/include"]
  ignore line: [ignoring duplicate directory "/nix/store/va9r2bdg56jc6qizpm6dyb97lnxfrhsy-file-5.44/include"]
  ignore line: [ignoring duplicate directory "/nix/store/jkv8vb24ab371hlsp55fj953kwh01m8n-openjdk-17.0.6+10/include"]
  ignore line: [ignoring duplicate directory "/nix/store/i9cf4vmk6kfqlds56vfllmmz0zdk7rp0-qtbase-6.4.2-dev/include"]
  ignore line: [ignoring duplicate directory "/nix/store/0z5wasald7dmipjpbx8kw31pj0kzjxpg-libxml2-2.10.3-dev/include"]
  ignore line: [ignoring duplicate directory "/nix/store/qgqsyg7gmqy3fz6shvzhcc7m7pkfw2ig-zlib-1.2.13-dev/include"]
  ignore line: [ignoring duplicate directory "/nix/store/i57f5lhc83sfnck9d6rik0dbnbxr9qlw-libxslt-1.1.37-dev/include"]
  ignore line: [ignoring duplicate directory "/nix/store/fyiwac98bi86nd5qzz9bhvs1bvmmwgad-openssl-3.0.8-dev/include"]
  ignore line: [ignoring duplicate directory "/nix/store/i1h2yf133m4rfzgfgl0zdxjxniyy6kvg-sqlite-3.40.1-dev/include"]
  ignore line: [ignoring duplicate directory "/nix/store/ci7r8mfkdg1b4wgawp6fff6ba6vyf33r-unixODBC-2.3.11/include"]
  ignore line: [ignoring duplicate directory "/nix/store/vddrjv0wnknv73njnwzj3in0467dk9qa-harfbuzz-7.0.0-dev/include"]
  ignore line: [ignoring duplicate directory "/nix/store/vgasd5zjsvdvq3w7ik13sfyyj1n0m5v7-graphite2-1.3.14/include"]
  ignore line: [ignoring duplicate directory "/nix/store/86nsxqcmzcc85qzrsczb33jwqgcyl35g-icu4c-72.1-dev/include"]
  ignore line: [ignoring duplicate directory "/nix/store/dra1y7qr8clxdssfx5s1grbg2lvg5ifd-libjpeg-turbo-2.1.4-dev/include"]
  ignore line: [ignoring duplicate directory "/nix/store/463cn57ci7xxwr28c1d68zwbr001ka8h-libpng-apng-1.6.39-dev/include"]
  ignore line: [ignoring duplicate directory "/nix/store/vr9naiikd2k84ygclm3vlr3agbjcgvzi-pcre2-10.42-dev/include"]
  ignore line: [ignoring duplicate directory "/nix/store/zc41j2il39qmw9kfwa0zl37dz4izcjdp-pcre-8.45-dev/include"]
  ignore line: [ignoring duplicate directory "/nix/store/k4w3vafb6k1b3zc2a6v1lr4w0iknnp65-libproxy-0.4.18-dev/include"]
  ignore line: [ignoring duplicate directory "/nix/store/s8axys9hpvwxn5718iwrnyvwms4djz96-zstd-1.5.4-dev/include"]
  ignore line: [ignoring duplicate directory "/nix/store/4hx2f3kfk824b3b44mhjgpph426lnj42-double-conversion-3.2.1/include"]
  ignore line: [ignoring duplicate directory "/nix/store/d9yf24k5n979y1qy03nlj1mnpijhs5rx-libb2-0.98.1/include"]
  ignore line: [ignoring duplicate directory "/nix/store/2pai53mrrahl85w7mbypxmplgx6wfqyd-md4c-0.4.8/include"]
  ignore line: [ignoring duplicate directory "/nix/store/l8d014vy8n42sp6r6j3wjqldylcyvqyk-dbus-1.14.4-dev/include"]
  ignore line: [ignoring duplicate directory "/nix/store/gqvyvc9ckzijwcw641v6qgg7fz8z63mc-expat-2.5.0-dev/include"]
  ignore line: [ignoring duplicate directory "/nix/store/152gsygyjagsirvdg3icmz4px39wddwj-glib-2.74.5-dev/include"]
  ignore line: [ignoring duplicate directory "/nix/store/4j08mgygxhi9y3957hbwqn1bg02va18y-libffi-3.4.4-dev/include"]
  ignore line: [ignoring duplicate directory "/nix/store/ik1vzp6bfwjxxg0cdcbmyl17yzn8idd4-gettext-0.21/include"]
  ignore line: [ignoring duplicate directory "/nix/store/1r3a6ji72zxvkyhqfgq1pymdiyjk93l5-glibc-iconv-2.35/include"]
  ignore line: [ignoring duplicate directory "/nix/store/f04f2mxjzx7s34payvq6lna9qcaall3s-mariadb-connector-odbc-3.1.14/include"]
  ignore line: [ignoring duplicate directory "/nix/store/2gm71c7yljswz2yz3i6125nx2rwkg9n6-systemd-252.5-dev/include"]
  ignore line: [ignoring duplicate directory "/nix/store/1gb83p8c3fkjqyb0l30lz0303jhv088k-util-linux-2.38.1-dev/include"]
  ignore line: [ignoring duplicate directory "/nix/store/xj6h98v3mjiqmwqv6zbw51xd3lgzdz7p-mtdev-1.1.6/include"]
  ignore line: [ignoring duplicate directory "/nix/store/zmqdq7fj6h273kxz969wr3h7g1jhzgz4-lksctp-tools-1.0.17/include"]
  ignore line: [ignoring duplicate directory "/nix/store/dvgpj4kwxp5pxhax93zqv80b4ql8xwla-libselinux-3.3-dev/include"]
  ignore line: [ignoring duplicate directory "/nix/store/0p1v5zn2mb55xs9297x5p7vgdnhrjjmf-libsepol-3.3-dev/include"]
  ignore line: [ignoring duplicate directory "/nix/store/zl2rzaxviah8cpknrlnpawpfvmjvjh0d-lttng-ust-2.13.1-dev/include"]
  ignore line: [ignoring duplicate directory "/nix/store/0hhi25jwagxm00kjwmh2zl395cgfdrfh-liburcu-0.13.2/include"]
  ignore line: [ignoring duplicate directory "/nix/store/k7pydn7w2dd03cchddkgzdb94brxisp9-vulkan-headers-1.3.239.0/include"]
  ignore line: [ignoring duplicate directory "/nix/store/gxsg7g5higv817948fw3jyamypfc229g-libthai-0.1.29-dev/include"]
  ignore line: [ignoring duplicate directory "/nix/store/hq2n7bnn6z2p0p94n4mixbbrsyi1qbdf-libdrm-2.4.114-dev/include"]
  ignore line: [ignoring duplicate directory "/nix/store/bin4ww0irasbdvhqqg8lcwjg3025x4pq-libdatrie-2019-12-20-dev/include"]
  ignore line: [ignoring duplicate directory "/nix/store/6bdds6632r9fp7mrh27qxjv90d7lzh0y-fontconfig-2.14.0-dev/include"]
  ignore line: [ignoring duplicate directory "/nix/store/ybd7brnb5kavanvz40mg2p5pmgnczi85-freetype-2.12.1-dev/include"]
  ignore line: [ignoring duplicate directory "/nix/store/abs0rlwm6jh4l1k831fvqggpgfrs91pv-bzip2-1.0.8-dev/include"]
  ignore line: [ignoring duplicate directory "/nix/store/84r63sb6w4l1y1ab3vmk3xg84is027y2-brotli-1.0.9-dev/include"]
  ignore line: [ignoring duplicate directory "/nix/store/q2sjb83p9kh7j653237wr5xzsdc17sgj-libX11-1.8.4-dev/include"]
  ignore line: [ignoring duplicate directory "/nix/store/9d1fbfvijywjsxh5b060qy5dd01cqbrs-xorgproto-2021.5/include"]
  ignore line: [ignoring duplicate directory "/nix/store/rr353rjxy36vvakib4cyajjj2r3gqw5x-libxcb-1.14-dev/include"]
  ignore line: [ignoring duplicate directory "/nix/store/j4i01gassjbbm5i3x4qczy21pmfw05q2-libXcomposite-0.4.5-dev/include"]
  ignore line: [ignoring duplicate directory "/nix/store/dbbvxfbsix59452vbjngfndr8xddb3nc-libXfixes-6.0.0-dev/include"]
  ignore line: [ignoring duplicate directory "/nix/store/f5blw2z7jr4h2qkzfdmjkwak142353rq-libXext-1.3.4-dev/include"]
  ignore line: [ignoring duplicate directory "/nix/store/jhxfmh0lh0dkk11fpys8350w8hk7ljf7-libXau-1.0.9-dev/include"]
  ignore line: [ignoring duplicate directory "/nix/store/dci0q5r0v1j5d7vryy13as7banrix0sj-libXi-1.8-dev/include"]
  ignore line: [ignoring duplicate directory "/nix/store/slpgdz4ha0w6y2c25n0ljda4536p9yi4-libXrender-0.9.10-dev/include"]
  ignore line: [ignoring duplicate directory "/nix/store/l01q7h5h4wxr880jzxpc5fdrwnbqxfzn-libxkbcommon-1.5.0-dev/include"]
  ignore line: [ignoring duplicate directory "/nix/store/9qzw3zscs3b4gc97bsaq991iifgz4977-xcb-util-0.4.0-dev/include"]
  ignore line: [ignoring duplicate directory "/nix/store/cwvwhmigx77mydbv1h51pp2l2vijr2rs-xcb-util-image-0.4.0-dev/include"]
  ignore line: [ignoring duplicate directory "/nix/store/v0qpk37hyfrpgga44f58yrb36gpay3ks-xcb-util-keysyms-0.4.0-dev/include"]
  ignore line: [ignoring duplicate directory "/nix/store/x45m835963ss4all6g03wms91284j904-xcb-util-renderutil-0.3.9-dev/include"]
  ignore line: [ignoring duplicate directory "/nix/store/qhjq1dap6j4h5g3srizm6dkshz63zdwv-xcb-util-wm-0.4.1-dev/include"]
  ignore line: [ignoring duplicate directory "/nix/store/dzkwzx2qnhsx7938ywxqvygw5n28gy63-libXdmcp-1.1.3-dev/include"]
  ignore line: [ignoring duplicate directory "/nix/store/75jd6r549krqxk1iq5cl4slrr4vci11n-libXtst-1.2.3/include"]
  ignore line: [ignoring duplicate directory "/nix/store/rkz9zhzj975y9hvb8kav017da08hgq2b-xcb-util-cursor-0.1.3-dev/include"]
  ignore line: [ignoring duplicate directory "/nix/store/dvrxv7fvlkj5cbjq6262m6f4jdpdvmxx-libepoxy-1.5.10-dev/include"]
  ignore line: [ignoring duplicate directory "/nix/store/fqwihpqn2wmhjqw251w1r7dyw659abrh-libGL-1.6.0-dev/include"]
  ignore line: [ignoring duplicate directory "/nix/store/y7fpp50b5l7l4g5hk76w2mm2p8jhrwyg-libglvnd-1.6.0-dev/include"]
  ignore line: [ignoring duplicate directory "/nix/store/xr3l5mnqwgminijy321myshjx6w55530-qtsvg-6.4.2-dev/include"]
  ignore line: [ignoring duplicate directory "/nix/store/a85vmwd6cgixmd25226zr4awdvh50xyd-quazip-1.3-dev/include"]
  ignore line: [ignoring duplicate directory "/nix/store/jf4k9zv0nn0dij7jyh9cb7l2s4h5p65y-qt5compat-6.4.2-dev/include"]
  ignore line: [ignoring duplicate directory "/nix/store/cj4cjywrz168aijw38dysql6ksafnbjs-qtdeclarative-6.4.2-dev/include"]
  ignore line: [ignoring duplicate directory "/nix/store/mnpx93zc62xwqlkx0bycrab6604cdhcm-qtshadertools-6.4.2-dev/include"]
  ignore line: [ignoring duplicate directory "/nix/store/iw1vmh509hcbby8dbpsaanbri4zsq7dj-python3-3.10.10/include"]
  ignore line: [ignoring duplicate directory "/nix/store/h9a8m4y88pn2jg8h96j6i2blgzarrvcx-filesystem-1.5.12/include"]
  ignore line: [ignoring duplicate directory "/nix/store/5ymj2l7wacvb1b154v5mhlhng406ds0k-tomlplusplus-3.3.0/include"]
  ignore line: [ignoring duplicate directory "/nix/store/dkbq5hvylsc0d76lgmwyx4jm2pld63sl-cmark-0.30.3/include"]
  ignore line: [ignoring duplicate directory "/nix/store/4gxhcwhrh92pn91ax09wxgqg2pqj9i61-qtwayland-6.4.2-dev/include"]
  ignore line: [ignoring duplicate directory "/nix/store/wzrqym8dzidzhvm5h308kzqcan2zbf5j-gamemode-1.7-dev/include"]
  ignore line: [ignoring nonexistent directory "/nix/store/wx4nsqbssywgx9zkabwgl9sxm5l61ni3-gcc-12.2.0/lib/gcc/x86_64-unknown-linux-gnu/12.2.0/../../../../x86_64-unknown-linux-gnu/include"]
  ignore line: [ignoring duplicate directory "/nix/store/pqnd39aq2sksad2zvswjcpkqdc7ig3f9-glibc-2.35-224-dev/include"]
  ignore line: [ignoring duplicate directory "/nix/store/wx4nsqbssywgx9zkabwgl9sxm5l61ni3-gcc-12.2.0/lib/gcc/x86_64-unknown-linux-gnu/12.2.0/include-fixed"]
  ignore line: [#include "..." search starts here:]
  ignore line: [#include <...> search starts here:]
  ignore line: [ /nix/store/va9r2bdg56jc6qizpm6dyb97lnxfrhsy-file-5.44/include]
  ignore line: [ /nix/store/jkv8vb24ab371hlsp55fj953kwh01m8n-openjdk-17.0.6+10/include]
  ignore line: [ /nix/store/i9cf4vmk6kfqlds56vfllmmz0zdk7rp0-qtbase-6.4.2-dev/include]
  ignore line: [ /nix/store/0z5wasald7dmipjpbx8kw31pj0kzjxpg-libxml2-2.10.3-dev/include]
  ignore line: [ /nix/store/qgqsyg7gmqy3fz6shvzhcc7m7pkfw2ig-zlib-1.2.13-dev/include]
  ignore line: [ /nix/store/i57f5lhc83sfnck9d6rik0dbnbxr9qlw-libxslt-1.1.37-dev/include]
  ignore line: [ /nix/store/fyiwac98bi86nd5qzz9bhvs1bvmmwgad-openssl-3.0.8-dev/include]
  ignore line: [ /nix/store/i1h2yf133m4rfzgfgl0zdxjxniyy6kvg-sqlite-3.40.1-dev/include]
  ignore line: [ /nix/store/ci7r8mfkdg1b4wgawp6fff6ba6vyf33r-unixODBC-2.3.11/include]
  ignore line: [ /nix/store/vddrjv0wnknv73njnwzj3in0467dk9qa-harfbuzz-7.0.0-dev/include]
  ignore line: [ /nix/store/vgasd5zjsvdvq3w7ik13sfyyj1n0m5v7-graphite2-1.3.14/include]
  ignore line: [ /nix/store/86nsxqcmzcc85qzrsczb33jwqgcyl35g-icu4c-72.1-dev/include]
  ignore line: [ /nix/store/dra1y7qr8clxdssfx5s1grbg2lvg5ifd-libjpeg-turbo-2.1.4-dev/include]
  ignore line: [ /nix/store/463cn57ci7xxwr28c1d68zwbr001ka8h-libpng-apng-1.6.39-dev/include]
  ignore line: [ /nix/store/vr9naiikd2k84ygclm3vlr3agbjcgvzi-pcre2-10.42-dev/include]
  ignore line: [ /nix/store/zc41j2il39qmw9kfwa0zl37dz4izcjdp-pcre-8.45-dev/include]
  ignore line: [ /nix/store/k4w3vafb6k1b3zc2a6v1lr4w0iknnp65-libproxy-0.4.18-dev/include]
  ignore line: [ /nix/store/s8axys9hpvwxn5718iwrnyvwms4djz96-zstd-1.5.4-dev/include]
  ignore line: [ /nix/store/4hx2f3kfk824b3b44mhjgpph426lnj42-double-conversion-3.2.1/include]
  ignore line: [ /nix/store/d9yf24k5n979y1qy03nlj1mnpijhs5rx-libb2-0.98.1/include]
  ignore line: [ /nix/store/2pai53mrrahl85w7mbypxmplgx6wfqyd-md4c-0.4.8/include]
  ignore line: [ /nix/store/l8d014vy8n42sp6r6j3wjqldylcyvqyk-dbus-1.14.4-dev/include]
  ignore line: [ /nix/store/gqvyvc9ckzijwcw641v6qgg7fz8z63mc-expat-2.5.0-dev/include]
  ignore line: [ /nix/store/152gsygyjagsirvdg3icmz4px39wddwj-glib-2.74.5-dev/include]
  ignore line: [ /nix/store/4j08mgygxhi9y3957hbwqn1bg02va18y-libffi-3.4.4-dev/include]
  ignore line: [ /nix/store/ik1vzp6bfwjxxg0cdcbmyl17yzn8idd4-gettext-0.21/include]
  ignore line: [ /nix/store/1r3a6ji72zxvkyhqfgq1pymdiyjk93l5-glibc-iconv-2.35/include]
  ignore line: [ /nix/store/f04f2mxjzx7s34payvq6lna9qcaall3s-mariadb-connector-odbc-3.1.14/include]
  ignore line: [ /nix/store/2gm71c7yljswz2yz3i6125nx2rwkg9n6-systemd-252.5-dev/include]
  ignore line: [ /nix/store/1gb83p8c3fkjqyb0l30lz0303jhv088k-util-linux-2.38.1-dev/include]
  ignore line: [ /nix/store/xj6h98v3mjiqmwqv6zbw51xd3lgzdz7p-mtdev-1.1.6/include]
  ignore line: [ /nix/store/zmqdq7fj6h273kxz969wr3h7g1jhzgz4-lksctp-tools-1.0.17/include]
  ignore line: [ /nix/store/dvgpj4kwxp5pxhax93zqv80b4ql8xwla-libselinux-3.3-dev/include]
  ignore line: [ /nix/store/0p1v5zn2mb55xs9297x5p7vgdnhrjjmf-libsepol-3.3-dev/include]
  ignore line: [ /nix/store/zl2rzaxviah8cpknrlnpawpfvmjvjh0d-lttng-ust-2.13.1-dev/include]
  ignore line: [ /nix/store/0hhi25jwagxm00kjwmh2zl395cgfdrfh-liburcu-0.13.2/include]
  ignore line: [ /nix/store/k7pydn7w2dd03cchddkgzdb94brxisp9-vulkan-headers-1.3.239.0/include]
  ignore line: [ /nix/store/gxsg7g5higv817948fw3jyamypfc229g-libthai-0.1.29-dev/include]
  ignore line: [ /nix/store/hq2n7bnn6z2p0p94n4mixbbrsyi1qbdf-libdrm-2.4.114-dev/include]
  ignore line: [ /nix/store/bin4ww0irasbdvhqqg8lcwjg3025x4pq-libdatrie-2019-12-20-dev/include]
  ignore line: [ /nix/store/6bdds6632r9fp7mrh27qxjv90d7lzh0y-fontconfig-2.14.0-dev/include]
  ignore line: [ /nix/store/ybd7brnb5kavanvz40mg2p5pmgnczi85-freetype-2.12.1-dev/include]
  ignore line: [ /nix/store/abs0rlwm6jh4l1k831fvqggpgfrs91pv-bzip2-1.0.8-dev/include]
  ignore line: [ /nix/store/84r63sb6w4l1y1ab3vmk3xg84is027y2-brotli-1.0.9-dev/include]
  ignore line: [ /nix/store/q2sjb83p9kh7j653237wr5xzsdc17sgj-libX11-1.8.4-dev/include]
  ignore line: [ /nix/store/9d1fbfvijywjsxh5b060qy5dd01cqbrs-xorgproto-2021.5/include]
  ignore line: [ /nix/store/rr353rjxy36vvakib4cyajjj2r3gqw5x-libxcb-1.14-dev/include]
  ignore line: [ /nix/store/j4i01gassjbbm5i3x4qczy21pmfw05q2-libXcomposite-0.4.5-dev/include]
  ignore line: [ /nix/store/dbbvxfbsix59452vbjngfndr8xddb3nc-libXfixes-6.0.0-dev/include]
  ignore line: [ /nix/store/f5blw2z7jr4h2qkzfdmjkwak142353rq-libXext-1.3.4-dev/include]
  ignore line: [ /nix/store/jhxfmh0lh0dkk11fpys8350w8hk7ljf7-libXau-1.0.9-dev/include]
  ignore line: [ /nix/store/dci0q5r0v1j5d7vryy13as7banrix0sj-libXi-1.8-dev/include]
  ignore line: [ /nix/store/slpgdz4ha0w6y2c25n0ljda4536p9yi4-libXrender-0.9.10-dev/include]
  ignore line: [ /nix/store/l01q7h5h4wxr880jzxpc5fdrwnbqxfzn-libxkbcommon-1.5.0-dev/include]
  ignore line: [ /nix/store/9qzw3zscs3b4gc97bsaq991iifgz4977-xcb-util-0.4.0-dev/include]
  ignore line: [ /nix/store/cwvwhmigx77mydbv1h51pp2l2vijr2rs-xcb-util-image-0.4.0-dev/include]
  ignore line: [ /nix/store/v0qpk37hyfrpgga44f58yrb36gpay3ks-xcb-util-keysyms-0.4.0-dev/include]
  ignore line: [ /nix/store/x45m835963ss4all6g03wms91284j904-xcb-util-renderutil-0.3.9-dev/include]
  ignore line: [ /nix/store/qhjq1dap6j4h5g3srizm6dkshz63zdwv-xcb-util-wm-0.4.1-dev/include]
  ignore line: [ /nix/store/dzkwzx2qnhsx7938ywxqvygw5n28gy63-libXdmcp-1.1.3-dev/include]
  ignore line: [ /nix/store/75jd6r549krqxk1iq5cl4slrr4vci11n-libXtst-1.2.3/include]
  ignore line: [ /nix/store/rkz9zhzj975y9hvb8kav017da08hgq2b-xcb-util-cursor-0.1.3-dev/include]
  ignore line: [ /nix/store/dvrxv7fvlkj5cbjq6262m6f4jdpdvmxx-libepoxy-1.5.10-dev/include]
  ignore line: [ /nix/store/fqwihpqn2wmhjqw251w1r7dyw659abrh-libGL-1.6.0-dev/include]
  ignore line: [ /nix/store/xr3l5mnqwgminijy321myshjx6w55530-qtsvg-6.4.2-dev/include]
  ignore line: [ /nix/store/a85vmwd6cgixmd25226zr4awdvh50xyd-quazip-1.3-dev/include]
  ignore line: [ /nix/store/jf4k9zv0nn0dij7jyh9cb7l2s4h5p65y-qt5compat-6.4.2-dev/include]
  ignore line: [ /nix/store/cj4cjywrz168aijw38dysql6ksafnbjs-qtdeclarative-6.4.2-dev/include]
  ignore line: [ /nix/store/mnpx93zc62xwqlkx0bycrab6604cdhcm-qtshadertools-6.4.2-dev/include]
  ignore line: [ /nix/store/iw1vmh509hcbby8dbpsaanbri4zsq7dj-python3-3.10.10/include]
  ignore line: [ /nix/store/h9a8m4y88pn2jg8h96j6i2blgzarrvcx-filesystem-1.5.12/include]
  ignore line: [ /nix/store/5ymj2l7wacvb1b154v5mhlhng406ds0k-tomlplusplus-3.3.0/include]
  ignore line: [ /nix/store/dkbq5hvylsc0d76lgmwyx4jm2pld63sl-cmark-0.30.3/include]
  ignore line: [ /nix/store/4gxhcwhrh92pn91ax09wxgqg2pqj9i61-qtwayland-6.4.2-dev/include]
  ignore line: [ /nix/store/wzrqym8dzidzhvm5h308kzqcan2zbf5j-gamemode-1.7-dev/include]
  ignore line: [ /nix/store/wx4nsqbssywgx9zkabwgl9sxm5l61ni3-gcc-12.2.0/lib/gcc/x86_64-unknown-linux-gnu/12.2.0/../../../../include/c++/12.2.0]
  ignore line: [ /nix/store/wx4nsqbssywgx9zkabwgl9sxm5l61ni3-gcc-12.2.0/lib/gcc/x86_64-unknown-linux-gnu/12.2.0/../../../../include/c++/12.2.0/x86_64-unknown-linux-gnu]
  ignore line: [ /nix/store/wx4nsqbssywgx9zkabwgl9sxm5l61ni3-gcc-12.2.0/lib/gcc/x86_64-unknown-linux-gnu/12.2.0/../../../../include/c++/12.2.0/backward]
  ignore line: [ /nix/store/wx4nsqbssywgx9zkabwgl9sxm5l61ni3-gcc-12.2.0/lib/gcc/x86_64-unknown-linux-gnu/12.2.0/include]
  ignore line: [ /nix/store/wx4nsqbssywgx9zkabwgl9sxm5l61ni3-gcc-12.2.0/include]
  ignore line: [ /nix/store/wx4nsqbssywgx9zkabwgl9sxm5l61ni3-gcc-12.2.0/lib/gcc/x86_64-unknown-linux-gnu/12.2.0/include-fixed]
  ignore line: [ /nix/store/pqnd39aq2sksad2zvswjcpkqdc7ig3f9-glibc-2.35-224-dev/include]
  ignore line: [End of search list.]
  ignore line: [GNU C++17 (GCC) version 12.2.0 (x86_64-unknown-linux-gnu)]
  ignore line: [	compiled by GNU C version 12.2.0  GMP version 6.2.1  MPFR version 4.2.0  MPC version 1.3.1  isl version isl-0.20-GMP]
  ignore line: []
  ignore line: [GGC heuristics: --param ggc-min-expand=100 --param ggc-min-heapsize=131072]
  ignore line: [Compiler executable checksum: 35cbf0db34644892c62625ba2ed772f1]
  ignore line: [COLLECT_GCC_OPTIONS='-fPIC' '-Wformat=1' '-Wformat-security' '-Werror=format-security' '-fstack-protector-strong' '--param=ssp-buffer-size=4' '-O2' '-U' '_FORTIFY_SOURCE' '-D' '_FORTIFY_SOURCE=2' '-fno-strict-overflow' '-v' '-o' 'CMakeFiles/cmTC_0878c.dir/CMakeCXXCompilerABI.cpp.o' '-c' '-B' '/nix/store/76l4v99sk83ylfwkz8wmwrm4s8h73rhd-glibc-2.35-224/lib/' '-idirafter' '/nix/store/pqnd39aq2sksad2zvswjcpkqdc7ig3f9-glibc-2.35-224-dev/include' '-idirafter' '/nix/store/wx4nsqbssywgx9zkabwgl9sxm5l61ni3-gcc-12.2.0/lib/gcc/x86_64-unknown-linux-gnu/12.2.0/include-fixed' '-B' '/nix/store/2w4k8nvdyiggz717ygbbxchpnxrqc6y9-gcc-12.2.0-lib/lib' '-B' '/nix/store/bfbp3ypd9nm3fapz634gvvs738blrl0y-gcc-wrapper-12.2.0/bin/' '-frandom-seed=sy5449x9ji' '-D' 'QT_NO_DEBUG' '-isystem' '/nix/store/va9r2bdg56jc6qizpm6dyb97lnxfrhsy-file-5.44/include' '-isystem' '/nix/store/jkv8vb24ab371hlsp55fj953kwh01m8n-openjdk-17.0.6+10/include' '-isystem' '/nix/store/i9cf4vmk6kfqlds56vfllmmz0zdk7rp0-qtbase-6.4.2-dev/include' '-isystem' '/nix/store/0z5wasald7dmipjpbx8kw31pj0kzjxpg-libxml2-2.10.3-dev/include' '-isystem' '/nix/store/qgqsyg7gmqy3fz6shvzhcc7m7pkfw2ig-zlib-1.2.13-dev/include' '-isystem' '/nix/store/i57f5lhc83sfnck9d6rik0dbnbxr9qlw-libxslt-1.1.37-dev/include' '-isystem' '/nix/store/fyiwac98bi86nd5qzz9bhvs1bvmmwgad-openssl-3.0.8-dev/include' '-isystem' '/nix/store/i1h2yf133m4rfzgfgl0zdxjxniyy6kvg-sqlite-3.40.1-dev/include' '-isystem' '/nix/store/ci7r8mfkdg1b4wgawp6fff6ba6vyf33r-unixODBC-2.3.11/include' '-isystem' '/nix/store/vddrjv0wnknv73njnwzj3in0467dk9qa-harfbuzz-7.0.0-dev/include' '-isystem' '/nix/store/vgasd5zjsvdvq3w7ik13sfyyj1n0m5v7-graphite2-1.3.14/include' '-isystem' '/nix/store/86nsxqcmzcc85qzrsczb33jwqgcyl35g-icu4c-72.1-dev/include' '-isystem' '/nix/store/dra1y7qr8clxdssfx5s1grbg2lvg5ifd-libjpeg-turbo-2.1.4-dev/include' '-isystem' '/nix/store/463cn57ci7xxwr28c1d68zwbr001ka8h-libpng-apng-1.6.39-dev/include' '-isystem' '/nix/store/vr9naiikd2k84ygclm3vlr3agbjcgvzi-pcre2-10.42-dev/include' '-isystem' '/nix/store/zc41j2il39qmw9kfwa0zl37dz4izcjdp-pcre-8.45-dev/include' '-isystem' '/nix/store/k4w3vafb6k1b3zc2a6v1lr4w0iknnp65-libproxy-0.4.18-dev/include' '-isystem' '/nix/store/s8axys9hpvwxn5718iwrnyvwms4djz96-zstd-1.5.4-dev/include' '-isystem' '/nix/store/4hx2f3kfk824b3b44mhjgpph426lnj42-double-conversion-3.2.1/include' '-isystem' '/nix/store/d9yf24k5n979y1qy03nlj1mnpijhs5rx-libb2-0.98.1/include' '-isystem' '/nix/store/2pai53mrrahl85w7mbypxmplgx6wfqyd-md4c-0.4.8/include' '-isystem' '/nix/store/l8d014vy8n42sp6r6j3wjqldylcyvqyk-dbus-1.14.4-dev/include' '-isystem' '/nix/store/gqvyvc9ckzijwcw641v6qgg7fz8z63mc-expat-2.5.0-dev/include' '-isystem' '/nix/store/152gsygyjagsirvdg3icmz4px39wddwj-glib-2.74.5-dev/include' '-isystem' '/nix/store/4j08mgygxhi9y3957hbwqn1bg02va18y-libffi-3.4.4-dev/include' '-isystem' '/nix/store/ik1vzp6bfwjxxg0cdcbmyl17yzn8idd4-gettext-0.21/include' '-isystem' '/nix/store/1r3a6ji72zxvkyhqfgq1pymdiyjk93l5-glibc-iconv-2.35/include' '-isystem' '/nix/store/f04f2mxjzx7s34payvq6lna9qcaall3s-mariadb-connector-odbc-3.1.14/include' '-isystem' '/nix/store/2gm71c7yljswz2yz3i6125nx2rwkg9n6-systemd-252.5-dev/include' '-isystem' '/nix/store/1gb83p8c3fkjqyb0l30lz0303jhv088k-util-linux-2.38.1-dev/include' '-isystem' '/nix/store/xj6h98v3mjiqmwqv6zbw51xd3lgzdz7p-mtdev-1.1.6/include' '-isystem' '/nix/store/zmqdq7fj6h273kxz969wr3h7g1jhzgz4-lksctp-tools-1.0.17/include' '-isystem' '/nix/store/dvgpj4kwxp5pxhax93zqv80b4ql8xwla-libselinux-3.3-dev/include' '-isystem' '/nix/store/0p1v5zn2mb55xs9297x5p7vgdnhrjjmf-libsepol-3.3-dev/include' '-isystem' '/nix/store/zl2rzaxviah8cpknrlnpawpfvmjvjh0d-lttng-ust-2.13.1-dev/include' '-isystem' '/nix/store/0hhi25jwagxm00kjwmh2zl395cgfdrfh-liburcu-0.13.2/include' '-isystem' '/nix/store/k7pydn7w2dd03cchddkgzdb94brxisp9-vulkan-headers-1.3.239.0/include' '-isystem' '/nix/store/gxsg7g5higv817948fw3jyamypfc229g-libthai-0.1.29-dev/include' '-isystem' '/nix/store/hq2n7bnn6z2p0p94n4mixbbrsyi1qbdf-libdrm-2.4.114-dev/include' '-isystem' '/nix/store/bin4ww0irasbdvhqqg8lcwjg3025x4pq-libdatrie-2019-12-20-dev/include' '-isystem' '/nix/store/6bdds6632r9fp7mrh27qxjv90d7lzh0y-fontconfig-2.14.0-dev/include' '-isystem' '/nix/store/ybd7brnb5kavanvz40mg2p5pmgnczi85-freetype-2.12.1-dev/include' '-isystem' '/nix/store/abs0rlwm6jh4l1k831fvqggpgfrs91pv-bzip2-1.0.8-dev/include' '-isystem' '/nix/store/84r63sb6w4l1y1ab3vmk3xg84is027y2-brotli-1.0.9-dev/include' '-isystem' '/nix/store/q2sjb83p9kh7j653237wr5xzsdc17sgj-libX11-1.8.4-dev/include' '-isystem' '/nix/store/9d1fbfvijywjsxh5b060qy5dd01cqbrs-xorgproto-2021.5/include' '-isystem' '/nix/store/rr353rjxy36vvakib4cyajjj2r3gqw5x-libxcb-1.14-dev/include' '-isystem' '/nix/store/j4i01gassjbbm5i3x4qczy21pmfw05q2-libXcomposite-0.4.5-dev/include' '-isystem' '/nix/store/dbbvxfbsix59452vbjngfndr8xddb3nc-libXfixes-6.0.0-dev/include' '-isystem' '/nix/store/f5blw2z7jr4h2qkzfdmjkwak142353rq-libXext-1.3.4-dev/include' '-isystem' '/nix/store/jhxfmh0lh0dkk11fpys8350w8hk7ljf7-libXau-1.0.9-dev/include' '-isystem' '/nix/store/dci0q5r0v1j5d7vryy13as7banrix0sj-libXi-1.8-dev/include' '-isystem' '/nix/store/slpgdz4ha0w6y2c25n0ljda4536p9yi4-libXrender-0.9.10-dev/include' '-isystem' '/nix/store/l01q7h5h4wxr880jzxpc5fdrwnbqxfzn-libxkbcommon-1.5.0-dev/include' '-isystem' '/nix/store/9qzw3zscs3b4gc97bsaq991iifgz4977-xcb-util-0.4.0-dev/include' '-isystem' '/nix/store/cwvwhmigx77mydbv1h51pp2l2vijr2rs-xcb-util-image-0.4.0-dev/include' '-isystem' '/nix/store/v0qpk37hyfrpgga44f58yrb36gpay3ks-xcb-util-keysyms-0.4.0-dev/include' '-isystem' '/nix/store/x45m835963ss4all6g03wms91284j904-xcb-util-renderutil-0.3.9-dev/include' '-isystem' '/nix/store/qhjq1dap6j4h5g3srizm6dkshz63zdwv-xcb-util-wm-0.4.1-dev/include' '-isystem' '/nix/store/dzkwzx2qnhsx7938ywxqvygw5n28gy63-libXdmcp-1.1.3-dev/include' '-isystem' '/nix/store/75jd6r549krqxk1iq5cl4slrr4vci11n-libXtst-1.2.3/include' '-isystem' '/nix/store/rkz9zhzj975y9hvb8kav017da08hgq2b-xcb-util-cursor-0.1.3-dev/include' '-isystem' '/nix/store/dvrxv7fvlkj5cbjq6262m6f4jdpdvmxx-libepoxy-1.5.10-dev/include' '-isystem' '/nix/store/fqwihpqn2wmhjqw251w1r7dyw659abrh-libGL-1.6.0-dev/include' '-isystem' '/nix/store/y7fpp50b5l7l4g5hk76w2mm2p8jhrwyg-libglvnd-1.6.0-dev/include' '-isystem' '/nix/store/xr3l5mnqwgminijy321myshjx6w55530-qtsvg-6.4.2-dev/include' '-isystem' '/nix/store/a85vmwd6cgixmd25226zr4awdvh50xyd-quazip-1.3-dev/include' '-isystem' '/nix/store/jf4k9zv0nn0dij7jyh9cb7l2s4h5p65y-qt5compat-6.4.2-dev/include' '-isystem' '/nix/store/cj4cjywrz168aijw38dysql6ksafnbjs-qtdeclarative-6.4.2-dev/include' '-isystem' '/nix/store/mnpx93zc62xwqlkx0bycrab6604cdhcm-qtshadertools-6.4.2-dev/include' '-isystem' '/nix/store/iw1vmh509hcbby8dbpsaanbri4zsq7dj-python3-3.10.10/include' '-isystem' '/nix/store/h9a8m4y88pn2jg8h96j6i2blgzarrvcx-filesystem-1.5.12/include' '-isystem' '/nix/store/5ymj2l7wacvb1b154v5mhlhng406ds0k-tomlplusplus-3.3.0/include' '-isystem' '/nix/store/dkbq5hvylsc0d76lgmwyx4jm2pld63sl-cmark-0.30.3/include' '-isystem' '/nix/store/4gxhcwhrh92pn91ax09wxgqg2pqj9i61-qtwayland-6.4.2-dev/include' '-isystem' '/nix/store/wzrqym8dzidzhvm5h308kzqcan2zbf5j-gamemode-1.7-dev/include' '-isystem' '/nix/store/va9r2bdg56jc6qizpm6dyb97lnxfrhsy-file-5.44/include' '-isystem' '/nix/store/jkv8vb24ab371hlsp55fj953kwh01m8n-openjdk-17.0.6+10/include' '-isystem' '/nix/store/i9cf4vmk6kfqlds56vfllmmz0zdk7rp0-qtbase-6.4.2-dev/include' '-isystem' '/nix/store/0z5wasald7dmipjpbx8kw31pj0kzjxpg-libxml2-2.10.3-dev/include' '-isystem' '/nix/store/qgqsyg7gmqy3fz6shvzhcc7m7pkfw2ig-zlib-1.2.13-dev/include' '-isystem' '/nix/store/i57f5lhc83sfnck9d6rik0dbnbxr9qlw-libxslt-1.1.37-dev/include' '-isystem' '/nix/store/fyiwac98bi86nd5qzz9bhvs1bvmmwgad-openssl-3.0.8-dev/include' '-isystem' '/nix/store/i1h2yf133m4rfzgfgl0zdxjxniyy6kvg-sqlite-3.40.1-dev/include' '-isystem' '/nix/store/ci7r8mfkdg1b4wgawp6fff6ba6vyf33r-unixODBC-2.3.11/include' '-isystem' '/nix/store/vddrjv0wnknv73njnwzj3in0467dk9qa-harfbuzz-7.0.0-dev/include' '-isystem' '/nix/store/vgasd5zjsvdvq3w7ik13sfyyj1n0m5v7-graphite2-1.3.14/include' '-isystem' '/nix/store/86nsxqcmzcc85qzrsczb33jwqgcyl35g-icu4c-72.1-dev/include' '-isystem' '/nix/store/dra1y7qr8clxdssfx5s1grbg2lvg5ifd-libjpeg-turbo-2.1.4-dev/include' '-isystem' '/nix/store/463cn57ci7xxwr28c1d68zwbr001ka8h-libpng-apng-1.6.39-dev/include' '-isystem' '/nix/store/vr9naiikd2k84ygclm3vlr3agbjcgvzi-pcre2-10.42-dev/include' '-isystem' '/nix/store/zc41j2il39qmw9kfwa0zl37dz4izcjdp-pcre-8.45-dev/include' '-isystem' '/nix/store/k4w3vafb6k1b3zc2a6v1lr4w0iknnp65-libproxy-0.4.18-dev/include' '-isystem' '/nix/store/s8axys9hpvwxn5718iwrnyvwms4djz96-zstd-1.5.4-dev/include' '-isystem' '/nix/store/4hx2f3kfk824b3b44mhjgpph426lnj42-double-conversion-3.2.1/include' '-isystem' '/nix/store/d9yf24k5n979y1qy03nlj1mnpijhs5rx-libb2-0.98.1/include' '-isystem' '/nix/store/2pai53mrrahl85w7mbypxmplgx6wfqyd-md4c-0.4.8/include' '-isystem' '/nix/store/l8d014vy8n42sp6r6j3wjqldylcyvqyk-dbus-1.14.4-dev/include' '-isystem' '/nix/store/gqvyvc9ckzijwcw641v6qgg7fz8z63mc-expat-2.5.0-dev/include' '-isystem' '/nix/store/152gsygyjagsirvdg3icmz4px39wddwj-glib-2.74.5-dev/include' '-isystem' '/nix/store/4j08mgygxhi9y3957hbwqn1bg02va18y-libffi-3.4.4-dev/include' '-isystem' '/nix/store/ik1vzp6bfwjxxg0cdcbmyl17yzn8idd4-gettext-0.21/include' '-isystem' '/nix/store/1r3a6ji72zxvkyhqfgq1pymdiyjk93l5-glibc-iconv-2.35/include' '-isystem' '/nix/store/f04f2mxjzx7s34payvq6lna9qcaall3s-mariadb-connector-odbc-3.1.14/include' '-isystem' '/nix/store/2gm71c7yljswz2yz3i6125nx2rwkg9n6-systemd-252.5-dev/include' '-isystem' '/nix/store/1gb83p8c3fkjqyb0l30lz0303jhv088k-util-linux-2.38.1-dev/include' '-isystem' '/nix/store/xj6h98v3mjiqmwqv6zbw51xd3lgzdz7p-mtdev-1.1.6/include' '-isystem' '/nix/store/zmqdq7fj6h273kxz969wr3h7g1jhzgz4-lksctp-tools-1.0.17/include' '-isystem' '/nix/store/dvgpj4kwxp5pxhax93zqv80b4ql8xwla-libselinux-3.3-dev/include' '-isystem' '/nix/store/0p1v5zn2mb55xs9297x5p7vgdnhrjjmf-libsepol-3.3-dev/include' '-isystem' '/nix/store/zl2rzaxviah8cpknrlnpawpfvmjvjh0d-lttng-ust-2.13.1-dev/include' '-isystem' '/nix/store/0hhi25jwagxm00kjwmh2zl395cgfdrfh-liburcu-0.13.2/include' '-isystem' '/nix/store/k7pydn7w2dd03cchddkgzdb94brxisp9-vulkan-headers-1.3.239.0/include' '-isystem' '/nix/store/gxsg7g5higv817948fw3jyamypfc229g-libthai-0.1.29-dev/include' '-isystem' '/nix/store/hq2n7bnn6z2p0p94n4mixbbrsyi1qbdf-libdrm-2.4.114-dev/include' '-isystem' '/nix/store/bin4ww0irasbdvhqqg8lcwjg3025x4pq-libdatrie-2019-12-20-dev/include' '-isystem' '/nix/store/6bdds6632r9fp7mrh27qxjv90d7lzh0y-fontconfig-2.14.0-dev/include' '-isystem' '/nix/store/ybd7brnb5kavanvz40mg2p5pmgnczi85-freetype-2.12.1-dev/include' '-isystem' '/nix/store/abs0rlwm6jh4l1k831fvqggpgfrs91pv-bzip2-1.0.8-dev/include' '-isystem' '/nix/store/84r63sb6w4l1y1ab3vmk3xg84is027y2-brotli-1.0.9-dev/include' '-isystem' '/nix/store/q2sjb83p9kh7j653237wr5xzsdc17sgj-libX11-1.8.4-dev/include' '-isystem' '/nix/store/9d1fbfvijywjsxh5b060qy5dd01cqbrs-xorgproto-2021.5/include' '-isystem' '/nix/store/rr353rjxy36vvakib4cyajjj2r3gqw5x-libxcb-1.14-dev/include' '-isystem' '/nix/store/j4i01gassjbbm5i3x4qczy21pmfw05q2-libXcomposite-0.4.5-dev/include' '-isystem' '/nix/store/dbbvxfbsix59452vbjngfndr8xddb3nc-libXfixes-6.0.0-dev/include' '-isystem' '/nix/store/f5blw2z7jr4h2qkzfdmjkwak142353rq-libXext-1.3.4-dev/include' '-isystem' '/nix/store/jhxfmh0lh0dkk11fpys8350w8hk7ljf7-libXau-1.0.9-dev/include' '-isystem' '/nix/store/dci0q5r0v1j5d7vryy13as7banrix0sj-libXi-1.8-dev/include' '-isystem' '/nix/store/slpgdz4ha0w6y2c25n0ljda4536p9yi4-libXrender-0.9.10-dev/include' '-isystem' '/nix/store/l01q7h5h4wxr880jzxpc5fdrwnbqxfzn-libxkbcommon-1.5.0-dev/include' '-isystem' '/nix/store/9qzw3zscs3b4gc97bsaq991iifgz4977-xcb-util-0.4.0-dev/include' '-isystem' '/nix/store/cwvwhmigx77mydbv1h51pp2l2vijr2rs-xcb-util-image-0.4.0-dev/include' '-isystem' '/nix/store/v0qpk37hyfrpgga44f58yrb36gpay3ks-xcb-util-keysyms-0.4.0-dev/include' '-isystem' '/nix/store/x45m835963ss4all6g03wms91284j904-xcb-util-renderutil-0.3.9-dev/include' '-isystem' '/nix/store/qhjq1dap6j4h5g3srizm6dkshz63zdwv-xcb-util-wm-0.4.1-dev/include' '-isystem' '/nix/store/dzkwzx2qnhsx7938ywxqvygw5n28gy63-libXdmcp-1.1.3-dev/include' '-isystem' '/nix/store/75jd6r549krqxk1iq5cl4slrr4vci11n-libXtst-1.2.3/include' '-isystem' '/nix/store/rkz9zhzj975y9hvb8kav017da08hgq2b-xcb-util-cursor-0.1.3-dev/include' '-isystem' '/nix/store/dvrxv7fvlkj5cbjq6262m6f4jdpdvmxx-libepoxy-1.5.10-dev/include' '-isystem' '/nix/store/fqwihpqn2wmhjqw251w1r7dyw659abrh-libGL-1.6.0-dev/include' '-isystem' '/nix/store/y7fpp50b5l7l4g5hk76w2mm2p8jhrwyg-libglvnd-1.6.0-dev/include' '-isystem' '/nix/store/xr3l5mnqwgminijy321myshjx6w55530-qtsvg-6.4.2-dev/include' '-isystem' '/nix/store/a85vmwd6cgixmd25226zr4awdvh50xyd-quazip-1.3-dev/include' '-isystem' '/nix/store/jf4k9zv0nn0dij7jyh9cb7l2s4h5p65y-qt5compat-6.4.2-dev/include' '-isystem' '/nix/store/cj4cjywrz168aijw38dysql6ksafnbjs-qtdeclarative-6.4.2-dev/include' '-isystem' '/nix/store/mnpx93zc62xwqlkx0bycrab6604cdhcm-qtshadertools-6.4.2-dev/include' '-isystem' '/nix/store/iw1vmh509hcbby8dbpsaanbri4zsq7dj-python3-3.10.10/include' '-isystem' '/nix/store/h9a8m4y88pn2jg8h96j6i2blgzarrvcx-filesystem-1.5.12/include' '-isystem' '/nix/store/5ymj2l7wacvb1b154v5mhlhng406ds0k-tomlplusplus-3.3.0/include' '-isystem' '/nix/store/dkbq5hvylsc0d76lgmwyx4jm2pld63sl-cmark-0.30.3/include' '-isystem' '/nix/store/4gxhcwhrh92pn91ax09wxgqg2pqj9i61-qtwayland-6.4.2-dev/include' '-isystem' '/nix/store/wzrqym8dzidzhvm5h308kzqcan2zbf5j-gamemode-1.7-dev/include' '-shared-libgcc' '-mtune=generic' '-march=x86-64' '-dumpdir' 'CMakeFiles/cmTC_0878c.dir/']
  ignore line: [ /nix/store/bfbp3ypd9nm3fapz634gvvs738blrl0y-gcc-wrapper-12.2.0/bin/as -v --64 -o CMakeFiles/cmTC_0878c.dir/CMakeCXXCompilerABI.cpp.o /tmp/nix-shell.QeuHwI/ccXlxQ63.s]
  ignore line: [GNU assembler version 2.40 (x86_64-unknown-linux-gnu) using BFD version (GNU Binutils) 2.40]
  ignore line: [COMPILER_PATH=/nix/store/76l4v99sk83ylfwkz8wmwrm4s8h73rhd-glibc-2.35-224/lib/:/nix/store/2w4k8nvdyiggz717ygbbxchpnxrqc6y9-gcc-12.2.0-lib/lib/:/nix/store/bfbp3ypd9nm3fapz634gvvs738blrl0y-gcc-wrapper-12.2.0/bin/:/nix/store/wx4nsqbssywgx9zkabwgl9sxm5l61ni3-gcc-12.2.0/libexec/gcc/x86_64-unknown-linux-gnu/12.2.0/:/nix/store/wx4nsqbssywgx9zkabwgl9sxm5l61ni3-gcc-12.2.0/libexec/gcc/x86_64-unknown-linux-gnu/12.2.0/:/nix/store/wx4nsqbssywgx9zkabwgl9sxm5l61ni3-gcc-12.2.0/libexec/gcc/x86_64-unknown-linux-gnu/:/nix/store/wx4nsqbssywgx9zkabwgl9sxm5l61ni3-gcc-12.2.0/lib/gcc/x86_64-unknown-linux-gnu/12.2.0/:/nix/store/wx4nsqbssywgx9zkabwgl9sxm5l61ni3-gcc-12.2.0/lib/gcc/x86_64-unknown-linux-gnu/]
  ignore line: [LIBRARY_PATH=/nix/store/76l4v99sk83ylfwkz8wmwrm4s8h73rhd-glibc-2.35-224/lib/:/nix/store/2w4k8nvdyiggz717ygbbxchpnxrqc6y9-gcc-12.2.0-lib/lib/:/nix/store/bfbp3ypd9nm3fapz634gvvs738blrl0y-gcc-wrapper-12.2.0/bin/:/nix/store/wx4nsqbssywgx9zkabwgl9sxm5l61ni3-gcc-12.2.0/lib/gcc/x86_64-unknown-linux-gnu/12.2.0/:/nix/store/wx4nsqbssywgx9zkabwgl9sxm5l61ni3-gcc-12.2.0/lib/gcc/x86_64-unknown-linux-gnu/12.2.0/../../../../lib64/:/nix/store/wx4nsqbssywgx9zkabwgl9sxm5l61ni3-gcc-12.2.0/lib/gcc/x86_64-unknown-linux-gnu/12.2.0/../../../]
  ignore line: [COLLECT_GCC_OPTIONS='-fPIC' '-Wformat=1' '-Wformat-security' '-Werror=format-security' '-fstack-protector-strong' '--param=ssp-buffer-size=4' '-O2' '-U' '_FORTIFY_SOURCE' '-D' '_FORTIFY_SOURCE=2' '-fno-strict-overflow' '-v' '-o' 'CMakeFiles/cmTC_0878c.dir/CMakeCXXCompilerABI.cpp.o' '-c' '-B' '/nix/store/76l4v99sk83ylfwkz8wmwrm4s8h73rhd-glibc-2.35-224/lib/' '-idirafter' '/nix/store/pqnd39aq2sksad2zvswjcpkqdc7ig3f9-glibc-2.35-224-dev/include' '-idirafter' '/nix/store/wx4nsqbssywgx9zkabwgl9sxm5l61ni3-gcc-12.2.0/lib/gcc/x86_64-unknown-linux-gnu/12.2.0/include-fixed' '-B' '/nix/store/2w4k8nvdyiggz717ygbbxchpnxrqc6y9-gcc-12.2.0-lib/lib' '-B' '/nix/store/bfbp3ypd9nm3fapz634gvvs738blrl0y-gcc-wrapper-12.2.0/bin/' '-frandom-seed=sy5449x9ji' '-D' 'QT_NO_DEBUG' '-isystem' '/nix/store/va9r2bdg56jc6qizpm6dyb97lnxfrhsy-file-5.44/include' '-isystem' '/nix/store/jkv8vb24ab371hlsp55fj953kwh01m8n-openjdk-17.0.6+10/include' '-isystem' '/nix/store/i9cf4vmk6kfqlds56vfllmmz0zdk7rp0-qtbase-6.4.2-dev/include' '-isystem' '/nix/store/0z5wasald7dmipjpbx8kw31pj0kzjxpg-libxml2-2.10.3-dev/include' '-isystem' '/nix/store/qgqsyg7gmqy3fz6shvzhcc7m7pkfw2ig-zlib-1.2.13-dev/include' '-isystem' '/nix/store/i57f5lhc83sfnck9d6rik0dbnbxr9qlw-libxslt-1.1.37-dev/include' '-isystem' '/nix/store/fyiwac98bi86nd5qzz9bhvs1bvmmwgad-openssl-3.0.8-dev/include' '-isystem' '/nix/store/i1h2yf133m4rfzgfgl0zdxjxniyy6kvg-sqlite-3.40.1-dev/include' '-isystem' '/nix/store/ci7r8mfkdg1b4wgawp6fff6ba6vyf33r-unixODBC-2.3.11/include' '-isystem' '/nix/store/vddrjv0wnknv73njnwzj3in0467dk9qa-harfbuzz-7.0.0-dev/include' '-isystem' '/nix/store/vgasd5zjsvdvq3w7ik13sfyyj1n0m5v7-graphite2-1.3.14/include' '-isystem' '/nix/store/86nsxqcmzcc85qzrsczb33jwqgcyl35g-icu4c-72.1-dev/include' '-isystem' '/nix/store/dra1y7qr8clxdssfx5s1grbg2lvg5ifd-libjpeg-turbo-2.1.4-dev/include' '-isystem' '/nix/store/463cn57ci7xxwr28c1d68zwbr001ka8h-libpng-apng-1.6.39-dev/include' '-isystem' '/nix/store/vr9naiikd2k84ygclm3vlr3agbjcgvzi-pcre2-10.42-dev/include' '-isystem' '/nix/store/zc41j2il39qmw9kfwa0zl37dz4izcjdp-pcre-8.45-dev/include' '-isystem' '/nix/store/k4w3vafb6k1b3zc2a6v1lr4w0iknnp65-libproxy-0.4.18-dev/include' '-isystem' '/nix/store/s8axys9hpvwxn5718iwrnyvwms4djz96-zstd-1.5.4-dev/include' '-isystem' '/nix/store/4hx2f3kfk824b3b44mhjgpph426lnj42-double-conversion-3.2.1/include' '-isystem' '/nix/store/d9yf24k5n979y1qy03nlj1mnpijhs5rx-libb2-0.98.1/include' '-isystem' '/nix/store/2pai53mrrahl85w7mbypxmplgx6wfqyd-md4c-0.4.8/include' '-isystem' '/nix/store/l8d014vy8n42sp6r6j3wjqldylcyvqyk-dbus-1.14.4-dev/include' '-isystem' '/nix/store/gqvyvc9ckzijwcw641v6qgg7fz8z63mc-expat-2.5.0-dev/include' '-isystem' '/nix/store/152gsygyjagsirvdg3icmz4px39wddwj-glib-2.74.5-dev/include' '-isystem' '/nix/store/4j08mgygxhi9y3957hbwqn1bg02va18y-libffi-3.4.4-dev/include' '-isystem' '/nix/store/ik1vzp6bfwjxxg0cdcbmyl17yzn8idd4-gettext-0.21/include' '-isystem' '/nix/store/1r3a6ji72zxvkyhqfgq1pymdiyjk93l5-glibc-iconv-2.35/include' '-isystem' '/nix/store/f04f2mxjzx7s34payvq6lna9qcaall3s-mariadb-connector-odbc-3.1.14/include' '-isystem' '/nix/store/2gm71c7yljswz2yz3i6125nx2rwkg9n6-systemd-252.5-dev/include' '-isystem' '/nix/store/1gb83p8c3fkjqyb0l30lz0303jhv088k-util-linux-2.38.1-dev/include' '-isystem' '/nix/store/xj6h98v3mjiqmwqv6zbw51xd3lgzdz7p-mtdev-1.1.6/include' '-isystem' '/nix/store/zmqdq7fj6h273kxz969wr3h7g1jhzgz4-lksctp-tools-1.0.17/include' '-isystem' '/nix/store/dvgpj4kwxp5pxhax93zqv80b4ql8xwla-libselinux-3.3-dev/include' '-isystem' '/nix/store/0p1v5zn2mb55xs9297x5p7vgdnhrjjmf-libsepol-3.3-dev/include' '-isystem' '/nix/store/zl2rzaxviah8cpknrlnpawpfvmjvjh0d-lttng-ust-2.13.1-dev/include' '-isystem' '/nix/store/0hhi25jwagxm00kjwmh2zl395cgfdrfh-liburcu-0.13.2/include' '-isystem' '/nix/store/k7pydn7w2dd03cchddkgzdb94brxisp9-vulkan-headers-1.3.239.0/include' '-isystem' '/nix/store/gxsg7g5higv817948fw3jyamypfc229g-libthai-0.1.29-dev/include' '-isystem' '/nix/store/hq2n7bnn6z2p0p94n4mixbbrsyi1qbdf-libdrm-2.4.114-dev/include' '-isystem' '/nix/store/bin4ww0irasbdvhqqg8lcwjg3025x4pq-libdatrie-2019-12-20-dev/include' '-isystem' '/nix/store/6bdds6632r9fp7mrh27qxjv90d7lzh0y-fontconfig-2.14.0-dev/include' '-isystem' '/nix/store/ybd7brnb5kavanvz40mg2p5pmgnczi85-freetype-2.12.1-dev/include' '-isystem' '/nix/store/abs0rlwm6jh4l1k831fvqggpgfrs91pv-bzip2-1.0.8-dev/include' '-isystem' '/nix/store/84r63sb6w4l1y1ab3vmk3xg84is027y2-brotli-1.0.9-dev/include' '-isystem' '/nix/store/q2sjb83p9kh7j653237wr5xzsdc17sgj-libX11-1.8.4-dev/include' '-isystem' '/nix/store/9d1fbfvijywjsxh5b060qy5dd01cqbrs-xorgproto-2021.5/include' '-isystem' '/nix/store/rr353rjxy36vvakib4cyajjj2r3gqw5x-libxcb-1.14-dev/include' '-isystem' '/nix/store/j4i01gassjbbm5i3x4qczy21pmfw05q2-libXcomposite-0.4.5-dev/include' '-isystem' '/nix/store/dbbvxfbsix59452vbjngfndr8xddb3nc-libXfixes-6.0.0-dev/include' '-isystem' '/nix/store/f5blw2z7jr4h2qkzfdmjkwak142353rq-libXext-1.3.4-dev/include' '-isystem' '/nix/store/jhxfmh0lh0dkk11fpys8350w8hk7ljf7-libXau-1.0.9-dev/include' '-isystem' '/nix/store/dci0q5r0v1j5d7vryy13as7banrix0sj-libXi-1.8-dev/include' '-isystem' '/nix/store/slpgdz4ha0w6y2c25n0ljda4536p9yi4-libXrender-0.9.10-dev/include' '-isystem' '/nix/store/l01q7h5h4wxr880jzxpc5fdrwnbqxfzn-libxkbcommon-1.5.0-dev/include' '-isystem' '/nix/store/9qzw3zscs3b4gc97bsaq991iifgz4977-xcb-util-0.4.0-dev/include' '-isystem' '/nix/store/cwvwhmigx77mydbv1h51pp2l2vijr2rs-xcb-util-image-0.4.0-dev/include' '-isystem' '/nix/store/v0qpk37hyfrpgga44f58yrb36gpay3ks-xcb-util-keysyms-0.4.0-dev/include' '-isystem' '/nix/store/x45m835963ss4all6g03wms91284j904-xcb-util-renderutil-0.3.9-dev/include' '-isystem' '/nix/store/qhjq1dap6j4h5g3srizm6dkshz63zdwv-xcb-util-wm-0.4.1-dev/include' '-isystem' '/nix/store/dzkwzx2qnhsx7938ywxqvygw5n28gy63-libXdmcp-1.1.3-dev/include' '-isystem' '/nix/store/75jd6r549krqxk1iq5cl4slrr4vci11n-libXtst-1.2.3/include' '-isystem' '/nix/store/rkz9zhzj975y9hvb8kav017da08hgq2b-xcb-util-cursor-0.1.3-dev/include' '-isystem' '/nix/store/dvrxv7fvlkj5cbjq6262m6f4jdpdvmxx-libepoxy-1.5.10-dev/include' '-isystem' '/nix/store/fqwihpqn2wmhjqw251w1r7dyw659abrh-libGL-1.6.0-dev/include' '-isystem' '/nix/store/y7fpp50b5l7l4g5hk76w2mm2p8jhrwyg-libglvnd-1.6.0-dev/include' '-isystem' '/nix/store/xr3l5mnqwgminijy321myshjx6w55530-qtsvg-6.4.2-dev/include' '-isystem' '/nix/store/a85vmwd6cgixmd25226zr4awdvh50xyd-quazip-1.3-dev/include' '-isystem' '/nix/store/jf4k9zv0nn0dij7jyh9cb7l2s4h5p65y-qt5compat-6.4.2-dev/include' '-isystem' '/nix/store/cj4cjywrz168aijw38dysql6ksafnbjs-qtdeclarative-6.4.2-dev/include' '-isystem' '/nix/store/mnpx93zc62xwqlkx0bycrab6604cdhcm-qtshadertools-6.4.2-dev/include' '-isystem' '/nix/store/iw1vmh509hcbby8dbpsaanbri4zsq7dj-python3-3.10.10/include' '-isystem' '/nix/store/h9a8m4y88pn2jg8h96j6i2blgzarrvcx-filesystem-1.5.12/include' '-isystem' '/nix/store/5ymj2l7wacvb1b154v5mhlhng406ds0k-tomlplusplus-3.3.0/include' '-isystem' '/nix/store/dkbq5hvylsc0d76lgmwyx4jm2pld63sl-cmark-0.30.3/include' '-isystem' '/nix/store/4gxhcwhrh92pn91ax09wxgqg2pqj9i61-qtwayland-6.4.2-dev/include' '-isystem' '/nix/store/wzrqym8dzidzhvm5h308kzqcan2zbf5j-gamemode-1.7-dev/include' '-isystem' '/nix/store/va9r2bdg56jc6qizpm6dyb97lnxfrhsy-file-5.44/include' '-isystem' '/nix/store/jkv8vb24ab371hlsp55fj953kwh01m8n-openjdk-17.0.6+10/include' '-isystem' '/nix/store/i9cf4vmk6kfqlds56vfllmmz0zdk7rp0-qtbase-6.4.2-dev/include' '-isystem' '/nix/store/0z5wasald7dmipjpbx8kw31pj0kzjxpg-libxml2-2.10.3-dev/include' '-isystem' '/nix/store/qgqsyg7gmqy3fz6shvzhcc7m7pkfw2ig-zlib-1.2.13-dev/include' '-isystem' '/nix/store/i57f5lhc83sfnck9d6rik0dbnbxr9qlw-libxslt-1.1.37-dev/include' '-isystem' '/nix/store/fyiwac98bi86nd5qzz9bhvs1bvmmwgad-openssl-3.0.8-dev/include' '-isystem' '/nix/store/i1h2yf133m4rfzgfgl0zdxjxniyy6kvg-sqlite-3.40.1-dev/include' '-isystem' '/nix/store/ci7r8mfkdg1b4wgawp6fff6ba6vyf33r-unixODBC-2.3.11/include' '-isystem' '/nix/store/vddrjv0wnknv73njnwzj3in0467dk9qa-harfbuzz-7.0.0-dev/include' '-isystem' '/nix/store/vgasd5zjsvdvq3w7ik13sfyyj1n0m5v7-graphite2-1.3.14/include' '-isystem' '/nix/store/86nsxqcmzcc85qzrsczb33jwqgcyl35g-icu4c-72.1-dev/include' '-isystem' '/nix/store/dra1y7qr8clxdssfx5s1grbg2lvg5ifd-libjpeg-turbo-2.1.4-dev/include' '-isystem' '/nix/store/463cn57ci7xxwr28c1d68zwbr001ka8h-libpng-apng-1.6.39-dev/include' '-isystem' '/nix/store/vr9naiikd2k84ygclm3vlr3agbjcgvzi-pcre2-10.42-dev/include' '-isystem' '/nix/store/zc41j2il39qmw9kfwa0zl37dz4izcjdp-pcre-8.45-dev/include' '-isystem' '/nix/store/k4w3vafb6k1b3zc2a6v1lr4w0iknnp65-libproxy-0.4.18-dev/include' '-isystem' '/nix/store/s8axys9hpvwxn5718iwrnyvwms4djz96-zstd-1.5.4-dev/include' '-isystem' '/nix/store/4hx2f3kfk824b3b44mhjgpph426lnj42-double-conversion-3.2.1/include' '-isystem' '/nix/store/d9yf24k5n979y1qy03nlj1mnpijhs5rx-libb2-0.98.1/include' '-isystem' '/nix/store/2pai53mrrahl85w7mbypxmplgx6wfqyd-md4c-0.4.8/include' '-isystem' '/nix/store/l8d014vy8n42sp6r6j3wjqldylcyvqyk-dbus-1.14.4-dev/include' '-isystem' '/nix/store/gqvyvc9ckzijwcw641v6qgg7fz8z63mc-expat-2.5.0-dev/include' '-isystem' '/nix/store/152gsygyjagsirvdg3icmz4px39wddwj-glib-2.74.5-dev/include' '-isystem' '/nix/store/4j08mgygxhi9y3957hbwqn1bg02va18y-libffi-3.4.4-dev/include' '-isystem' '/nix/store/ik1vzp6bfwjxxg0cdcbmyl17yzn8idd4-gettext-0.21/include' '-isystem' '/nix/store/1r3a6ji72zxvkyhqfgq1pymdiyjk93l5-glibc-iconv-2.35/include' '-isystem' '/nix/store/f04f2mxjzx7s34payvq6lna9qcaall3s-mariadb-connector-odbc-3.1.14/include' '-isystem' '/nix/store/2gm71c7yljswz2yz3i6125nx2rwkg9n6-systemd-252.5-dev/include' '-isystem' '/nix/store/1gb83p8c3fkjqyb0l30lz0303jhv088k-util-linux-2.38.1-dev/include' '-isystem' '/nix/store/xj6h98v3mjiqmwqv6zbw51xd3lgzdz7p-mtdev-1.1.6/include' '-isystem' '/nix/store/zmqdq7fj6h273kxz969wr3h7g1jhzgz4-lksctp-tools-1.0.17/include' '-isystem' '/nix/store/dvgpj4kwxp5pxhax93zqv80b4ql8xwla-libselinux-3.3-dev/include' '-isystem' '/nix/store/0p1v5zn2mb55xs9297x5p7vgdnhrjjmf-libsepol-3.3-dev/include' '-isystem' '/nix/store/zl2rzaxviah8cpknrlnpawpfvmjvjh0d-lttng-ust-2.13.1-dev/include' '-isystem' '/nix/store/0hhi25jwagxm00kjwmh2zl395cgfdrfh-liburcu-0.13.2/include' '-isystem' '/nix/store/k7pydn7w2dd03cchddkgzdb94brxisp9-vulkan-headers-1.3.239.0/include' '-isystem' '/nix/store/gxsg7g5higv817948fw3jyamypfc229g-libthai-0.1.29-dev/include' '-isystem' '/nix/store/hq2n7bnn6z2p0p94n4mixbbrsyi1qbdf-libdrm-2.4.114-dev/include' '-isystem' '/nix/store/bin4ww0irasbdvhqqg8lcwjg3025x4pq-libdatrie-2019-12-20-dev/include' '-isystem' '/nix/store/6bdds6632r9fp7mrh27qxjv90d7lzh0y-fontconfig-2.14.0-dev/include' '-isystem' '/nix/store/ybd7brnb5kavanvz40mg2p5pmgnczi85-freetype-2.12.1-dev/include' '-isystem' '/nix/store/abs0rlwm6jh4l1k831fvqggpgfrs91pv-bzip2-1.0.8-dev/include' '-isystem' '/nix/store/84r63sb6w4l1y1ab3vmk3xg84is027y2-brotli-1.0.9-dev/include' '-isystem' '/nix/store/q2sjb83p9kh7j653237wr5xzsdc17sgj-libX11-1.8.4-dev/include' '-isystem' '/nix/store/9d1fbfvijywjsxh5b060qy5dd01cqbrs-xorgproto-2021.5/include' '-isystem' '/nix/store/rr353rjxy36vvakib4cyajjj2r3gqw5x-libxcb-1.14-dev/include' '-isystem' '/nix/store/j4i01gassjbbm5i3x4qczy21pmfw05q2-libXcomposite-0.4.5-dev/include' '-isystem' '/nix/store/dbbvxfbsix59452vbjngfndr8xddb3nc-libXfixes-6.0.0-dev/include' '-isystem' '/nix/store/f5blw2z7jr4h2qkzfdmjkwak142353rq-libXext-1.3.4-dev/include' '-isystem' '/nix/store/jhxfmh0lh0dkk11fpys8350w8hk7ljf7-libXau-1.0.9-dev/include' '-isystem' '/nix/store/dci0q5r0v1j5d7vryy13as7banrix0sj-libXi-1.8-dev/include' '-isystem' '/nix/store/slpgdz4ha0w6y2c25n0ljda4536p9yi4-libXrender-0.9.10-dev/include' '-isystem' '/nix/store/l01q7h5h4wxr880jzxpc5fdrwnbqxfzn-libxkbcommon-1.5.0-dev/include' '-isystem' '/nix/store/9qzw3zscs3b4gc97bsaq991iifgz4977-xcb-util-0.4.0-dev/include' '-isystem' '/nix/store/cwvwhmigx77mydbv1h51pp2l2vijr2rs-xcb-util-image-0.4.0-dev/include' '-isystem' '/nix/store/v0qpk37hyfrpgga44f58yrb36gpay3ks-xcb-util-keysyms-0.4.0-dev/include' '-isystem' '/nix/store/x45m835963ss4all6g03wms91284j904-xcb-util-renderutil-0.3.9-dev/include' '-isystem' '/nix/store/qhjq1dap6j4h5g3srizm6dkshz63zdwv-xcb-util-wm-0.4.1-dev/include' '-isystem' '/nix/store/dzkwzx2qnhsx7938ywxqvygw5n28gy63-libXdmcp-1.1.3-dev/include' '-isystem' '/nix/store/75jd6r549krqxk1iq5cl4slrr4vci11n-libXtst-1.2.3/include' '-isystem' '/nix/store/rkz9zhzj975y9hvb8kav017da08hgq2b-xcb-util-cursor-0.1.3-dev/include' '-isystem' '/nix/store/dvrxv7fvlkj5cbjq6262m6f4jdpdvmxx-libepoxy-1.5.10-dev/include' '-isystem' '/nix/store/fqwihpqn2wmhjqw251w1r7dyw659abrh-libGL-1.6.0-dev/include' '-isystem' '/nix/store/y7fpp50b5l7l4g5hk76w2mm2p8jhrwyg-libglvnd-1.6.0-dev/include' '-isystem' '/nix/store/xr3l5mnqwgminijy321myshjx6w55530-qtsvg-6.4.2-dev/include' '-isystem' '/nix/store/a85vmwd6cgixmd25226zr4awdvh50xyd-quazip-1.3-dev/include' '-isystem' '/nix/store/jf4k9zv0nn0dij7jyh9cb7l2s4h5p65y-qt5compat-6.4.2-dev/include' '-isystem' '/nix/store/cj4cjywrz168aijw38dysql6ksafnbjs-qtdeclarative-6.4.2-dev/include' '-isystem' '/nix/store/mnpx93zc62xwqlkx0bycrab6604cdhcm-qtshadertools-6.4.2-dev/include' '-isystem' '/nix/store/iw1vmh509hcbby8dbpsaanbri4zsq7dj-python3-3.10.10/include' '-isystem' '/nix/store/h9a8m4y88pn2jg8h96j6i2blgzarrvcx-filesystem-1.5.12/include' '-isystem' '/nix/store/5ymj2l7wacvb1b154v5mhlhng406ds0k-tomlplusplus-3.3.0/include' '-isystem' '/nix/store/dkbq5hvylsc0d76lgmwyx4jm2pld63sl-cmark-0.30.3/include' '-isystem' '/nix/store/4gxhcwhrh92pn91ax09wxgqg2pqj9i61-qtwayland-6.4.2-dev/include' '-isystem' '/nix/store/wzrqym8dzidzhvm5h308kzqcan2zbf5j-gamemode-1.7-dev/include' '-shared-libgcc' '-mtune=generic' '-march=x86-64' '-dumpdir' 'CMakeFiles/cmTC_0878c.dir/CMakeCXXCompilerABI.cpp.']
  ignore line: [Linking CXX executable cmTC_0878c]
  ignore line: [/nix/store/l341npqn3j8pwqq1nqgj5cqhnfbzhphd-cmake-3.25.1/bin/cmake -E cmake_link_script CMakeFiles/cmTC_0878c.dir/link.txt --verbose=1]
  ignore line: [/nix/store/bfbp3ypd9nm3fapz634gvvs738blrl0y-gcc-wrapper-12.2.0/bin/g++  -v CMakeFiles/cmTC_0878c.dir/CMakeCXXCompilerABI.cpp.o -o cmTC_0878c ]
  ignore line: [Using built-in specs.]
  ignore line: [COLLECT_GCC=/nix/store/wx4nsqbssywgx9zkabwgl9sxm5l61ni3-gcc-12.2.0/bin/g++]
  ignore line: [COLLECT_LTO_WRAPPER=/nix/store/wx4nsqbssywgx9zkabwgl9sxm5l61ni3-gcc-12.2.0/libexec/gcc/x86_64-unknown-linux-gnu/12.2.0/lto-wrapper]
  ignore line: [Target: x86_64-unknown-linux-gnu]
  ignore line: [Configured with: ]
  ignore line: [Thread model: posix]
  ignore line: [Supported LTO compression algorithms: zlib]
  ignore line: [gcc version 12.2.0 (GCC) ]
  ignore line: [COMPILER_PATH=/nix/store/76l4v99sk83ylfwkz8wmwrm4s8h73rhd-glibc-2.35-224/lib/:/nix/store/2w4k8nvdyiggz717ygbbxchpnxrqc6y9-gcc-12.2.0-lib/lib/:/nix/store/bfbp3ypd9nm3fapz634gvvs738blrl0y-gcc-wrapper-12.2.0/bin/:/nix/store/wx4nsqbssywgx9zkabwgl9sxm5l61ni3-gcc-12.2.0/libexec/gcc/x86_64-unknown-linux-gnu/12.2.0/:/nix/store/wx4nsqbssywgx9zkabwgl9sxm5l61ni3-gcc-12.2.0/libexec/gcc/x86_64-unknown-linux-gnu/12.2.0/:/nix/store/wx4nsqbssywgx9zkabwgl9sxm5l61ni3-gcc-12.2.0/libexec/gcc/x86_64-unknown-linux-gnu/:/nix/store/wx4nsqbssywgx9zkabwgl9sxm5l61ni3-gcc-12.2.0/lib/gcc/x86_64-unknown-linux-gnu/12.2.0/:/nix/store/wx4nsqbssywgx9zkabwgl9sxm5l61ni3-gcc-12.2.0/lib/gcc/x86_64-unknown-linux-gnu/]
  ignore line: [LIBRARY_PATH=/nix/store/76l4v99sk83ylfwkz8wmwrm4s8h73rhd-glibc-2.35-224/lib/:/nix/store/2w4k8nvdyiggz717ygbbxchpnxrqc6y9-gcc-12.2.0-lib/lib/:/nix/store/bfbp3ypd9nm3fapz634gvvs738blrl0y-gcc-wrapper-12.2.0/bin/:/nix/store/wx4nsqbssywgx9zkabwgl9sxm5l61ni3-gcc-12.2.0/lib/gcc/x86_64-unknown-linux-gnu/12.2.0/:/nix/store/wx4nsqbssywgx9zkabwgl9sxm5l61ni3-gcc-12.2.0/lib/gcc/x86_64-unknown-linux-gnu/12.2.0/../../../../lib64/:/nix/store/wx4nsqbssywgx9zkabwgl9sxm5l61ni3-gcc-12.2.0/lib/gcc/x86_64-unknown-linux-gnu/12.2.0/../../../]
  ignore line: [COLLECT_GCC_OPTIONS='-fPIC' '-Wformat=1' '-Wformat-security' '-Werror=format-security' '-fstack-protector-strong' '--param=ssp-buffer-size=4' '-O2' '-U' '_FORTIFY_SOURCE' '-D' '_FORTIFY_SOURCE=2' '-fno-strict-overflow' '-v' '-o' 'cmTC_0878c' '-B' '/nix/store/76l4v99sk83ylfwkz8wmwrm4s8h73rhd-glibc-2.35-224/lib/' '-idirafter' '/nix/store/pqnd39aq2sksad2zvswjcpkqdc7ig3f9-glibc-2.35-224-dev/include' '-idirafter' '/nix/store/wx4nsqbssywgx9zkabwgl9sxm5l61ni3-gcc-12.2.0/lib/gcc/x86_64-unknown-linux-gnu/12.2.0/include-fixed' '-B' '/nix/store/2w4k8nvdyiggz717ygbbxchpnxrqc6y9-gcc-12.2.0-lib/lib' '-B' '/nix/store/bfbp3ypd9nm3fapz634gvvs738blrl0y-gcc-wrapper-12.2.0/bin/' '-frandom-seed=sy5449x9ji' '-D' 'QT_NO_DEBUG' '-isystem' '/nix/store/va9r2bdg56jc6qizpm6dyb97lnxfrhsy-file-5.44/include' '-isystem' '/nix/store/jkv8vb24ab371hlsp55fj953kwh01m8n-openjdk-17.0.6+10/include' '-isystem' '/nix/store/i9cf4vmk6kfqlds56vfllmmz0zdk7rp0-qtbase-6.4.2-dev/include' '-isystem' '/nix/store/0z5wasald7dmipjpbx8kw31pj0kzjxpg-libxml2-2.10.3-dev/include' '-isystem' '/nix/store/qgqsyg7gmqy3fz6shvzhcc7m7pkfw2ig-zlib-1.2.13-dev/include' '-isystem' '/nix/store/i57f5lhc83sfnck9d6rik0dbnbxr9qlw-libxslt-1.1.37-dev/include' '-isystem' '/nix/store/fyiwac98bi86nd5qzz9bhvs1bvmmwgad-openssl-3.0.8-dev/include' '-isystem' '/nix/store/i1h2yf133m4rfzgfgl0zdxjxniyy6kvg-sqlite-3.40.1-dev/include' '-isystem' '/nix/store/ci7r8mfkdg1b4wgawp6fff6ba6vyf33r-unixODBC-2.3.11/include' '-isystem' '/nix/store/vddrjv0wnknv73njnwzj3in0467dk9qa-harfbuzz-7.0.0-dev/include' '-isystem' '/nix/store/vgasd5zjsvdvq3w7ik13sfyyj1n0m5v7-graphite2-1.3.14/include' '-isystem' '/nix/store/86nsxqcmzcc85qzrsczb33jwqgcyl35g-icu4c-72.1-dev/include' '-isystem' '/nix/store/dra1y7qr8clxdssfx5s1grbg2lvg5ifd-libjpeg-turbo-2.1.4-dev/include' '-isystem' '/nix/store/463cn57ci7xxwr28c1d68zwbr001ka8h-libpng-apng-1.6.39-dev/include' '-isystem' '/nix/store/vr9naiikd2k84ygclm3vlr3agbjcgvzi-pcre2-10.42-dev/include' '-isystem' '/nix/store/zc41j2il39qmw9kfwa0zl37dz4izcjdp-pcre-8.45-dev/include' '-isystem' '/nix/store/k4w3vafb6k1b3zc2a6v1lr4w0iknnp65-libproxy-0.4.18-dev/include' '-isystem' '/nix/store/s8axys9hpvwxn5718iwrnyvwms4djz96-zstd-1.5.4-dev/include' '-isystem' '/nix/store/4hx2f3kfk824b3b44mhjgpph426lnj42-double-conversion-3.2.1/include' '-isystem' '/nix/store/d9yf24k5n979y1qy03nlj1mnpijhs5rx-libb2-0.98.1/include' '-isystem' '/nix/store/2pai53mrrahl85w7mbypxmplgx6wfqyd-md4c-0.4.8/include' '-isystem' '/nix/store/l8d014vy8n42sp6r6j3wjqldylcyvqyk-dbus-1.14.4-dev/include' '-isystem' '/nix/store/gqvyvc9ckzijwcw641v6qgg7fz8z63mc-expat-2.5.0-dev/include' '-isystem' '/nix/store/152gsygyjagsirvdg3icmz4px39wddwj-glib-2.74.5-dev/include' '-isystem' '/nix/store/4j08mgygxhi9y3957hbwqn1bg02va18y-libffi-3.4.4-dev/include' '-isystem' '/nix/store/ik1vzp6bfwjxxg0cdcbmyl17yzn8idd4-gettext-0.21/include' '-isystem' '/nix/store/1r3a6ji72zxvkyhqfgq1pymdiyjk93l5-glibc-iconv-2.35/include' '-isystem' '/nix/store/f04f2mxjzx7s34payvq6lna9qcaall3s-mariadb-connector-odbc-3.1.14/include' '-isystem' '/nix/store/2gm71c7yljswz2yz3i6125nx2rwkg9n6-systemd-252.5-dev/include' '-isystem' '/nix/store/1gb83p8c3fkjqyb0l30lz0303jhv088k-util-linux-2.38.1-dev/include' '-isystem' '/nix/store/xj6h98v3mjiqmwqv6zbw51xd3lgzdz7p-mtdev-1.1.6/include' '-isystem' '/nix/store/zmqdq7fj6h273kxz969wr3h7g1jhzgz4-lksctp-tools-1.0.17/include' '-isystem' '/nix/store/dvgpj4kwxp5pxhax93zqv80b4ql8xwla-libselinux-3.3-dev/include' '-isystem' '/nix/store/0p1v5zn2mb55xs9297x5p7vgdnhrjjmf-libsepol-3.3-dev/include' '-isystem' '/nix/store/zl2rzaxviah8cpknrlnpawpfvmjvjh0d-lttng-ust-2.13.1-dev/include' '-isystem' '/nix/store/0hhi25jwagxm00kjwmh2zl395cgfdrfh-liburcu-0.13.2/include' '-isystem' '/nix/store/k7pydn7w2dd03cchddkgzdb94brxisp9-vulkan-headers-1.3.239.0/include' '-isystem' '/nix/store/gxsg7g5higv817948fw3jyamypfc229g-libthai-0.1.29-dev/include' '-isystem' '/nix/store/hq2n7bnn6z2p0p94n4mixbbrsyi1qbdf-libdrm-2.4.114-dev/include' '-isystem' '/nix/store/bin4ww0irasbdvhqqg8lcwjg3025x4pq-libdatrie-2019-12-20-dev/include' '-isystem' '/nix/store/6bdds6632r9fp7mrh27qxjv90d7lzh0y-fontconfig-2.14.0-dev/include' '-isystem' '/nix/store/ybd7brnb5kavanvz40mg2p5pmgnczi85-freetype-2.12.1-dev/include' '-isystem' '/nix/store/abs0rlwm6jh4l1k831fvqggpgfrs91pv-bzip2-1.0.8-dev/include' '-isystem' '/nix/store/84r63sb6w4l1y1ab3vmk3xg84is027y2-brotli-1.0.9-dev/include' '-isystem' '/nix/store/q2sjb83p9kh7j653237wr5xzsdc17sgj-libX11-1.8.4-dev/include' '-isystem' '/nix/store/9d1fbfvijywjsxh5b060qy5dd01cqbrs-xorgproto-2021.5/include' '-isystem' '/nix/store/rr353rjxy36vvakib4cyajjj2r3gqw5x-libxcb-1.14-dev/include' '-isystem' '/nix/store/j4i01gassjbbm5i3x4qczy21pmfw05q2-libXcomposite-0.4.5-dev/include' '-isystem' '/nix/store/dbbvxfbsix59452vbjngfndr8xddb3nc-libXfixes-6.0.0-dev/include' '-isystem' '/nix/store/f5blw2z7jr4h2qkzfdmjkwak142353rq-libXext-1.3.4-dev/include' '-isystem' '/nix/store/jhxfmh0lh0dkk11fpys8350w8hk7ljf7-libXau-1.0.9-dev/include' '-isystem' '/nix/store/dci0q5r0v1j5d7vryy13as7banrix0sj-libXi-1.8-dev/include' '-isystem' '/nix/store/slpgdz4ha0w6y2c25n0ljda4536p9yi4-libXrender-0.9.10-dev/include' '-isystem' '/nix/store/l01q7h5h4wxr880jzxpc5fdrwnbqxfzn-libxkbcommon-1.5.0-dev/include' '-isystem' '/nix/store/9qzw3zscs3b4gc97bsaq991iifgz4977-xcb-util-0.4.0-dev/include' '-isystem' '/nix/store/cwvwhmigx77mydbv1h51pp2l2vijr2rs-xcb-util-image-0.4.0-dev/include' '-isystem' '/nix/store/v0qpk37hyfrpgga44f58yrb36gpay3ks-xcb-util-keysyms-0.4.0-dev/include' '-isystem' '/nix/store/x45m835963ss4all6g03wms91284j904-xcb-util-renderutil-0.3.9-dev/include' '-isystem' '/nix/store/qhjq1dap6j4h5g3srizm6dkshz63zdwv-xcb-util-wm-0.4.1-dev/include' '-isystem' '/nix/store/dzkwzx2qnhsx7938ywxqvygw5n28gy63-libXdmcp-1.1.3-dev/include' '-isystem' '/nix/store/75jd6r549krqxk1iq5cl4slrr4vci11n-libXtst-1.2.3/include' '-isystem' '/nix/store/rkz9zhzj975y9hvb8kav017da08hgq2b-xcb-util-cursor-0.1.3-dev/include' '-isystem' '/nix/store/dvrxv7fvlkj5cbjq6262m6f4jdpdvmxx-libepoxy-1.5.10-dev/include' '-isystem' '/nix/store/fqwihpqn2wmhjqw251w1r7dyw659abrh-libGL-1.6.0-dev/include' '-isystem' '/nix/store/y7fpp50b5l7l4g5hk76w2mm2p8jhrwyg-libglvnd-1.6.0-dev/include' '-isystem' '/nix/store/xr3l5mnqwgminijy321myshjx6w55530-qtsvg-6.4.2-dev/include' '-isystem' '/nix/store/a85vmwd6cgixmd25226zr4awdvh50xyd-quazip-1.3-dev/include' '-isystem' '/nix/store/jf4k9zv0nn0dij7jyh9cb7l2s4h5p65y-qt5compat-6.4.2-dev/include' '-isystem' '/nix/store/cj4cjywrz168aijw38dysql6ksafnbjs-qtdeclarative-6.4.2-dev/include' '-isystem' '/nix/store/mnpx93zc62xwqlkx0bycrab6604cdhcm-qtshadertools-6.4.2-dev/include' '-isystem' '/nix/store/iw1vmh509hcbby8dbpsaanbri4zsq7dj-python3-3.10.10/include' '-isystem' '/nix/store/h9a8m4y88pn2jg8h96j6i2blgzarrvcx-filesystem-1.5.12/include' '-isystem' '/nix/store/5ymj2l7wacvb1b154v5mhlhng406ds0k-tomlplusplus-3.3.0/include' '-isystem' '/nix/store/dkbq5hvylsc0d76lgmwyx4jm2pld63sl-cmark-0.30.3/include' '-isystem' '/nix/store/4gxhcwhrh92pn91ax09wxgqg2pqj9i61-qtwayland-6.4.2-dev/include' '-isystem' '/nix/store/wzrqym8dzidzhvm5h308kzqcan2zbf5j-gamemode-1.7-dev/include' '-isystem' '/nix/store/va9r2bdg56jc6qizpm6dyb97lnxfrhsy-file-5.44/include' '-isystem' '/nix/store/jkv8vb24ab371hlsp55fj953kwh01m8n-openjdk-17.0.6+10/include' '-isystem' '/nix/store/i9cf4vmk6kfqlds56vfllmmz0zdk7rp0-qtbase-6.4.2-dev/include' '-isystem' '/nix/store/0z5wasald7dmipjpbx8kw31pj0kzjxpg-libxml2-2.10.3-dev/include' '-isystem' '/nix/store/qgqsyg7gmqy3fz6shvzhcc7m7pkfw2ig-zlib-1.2.13-dev/include' '-isystem' '/nix/store/i57f5lhc83sfnck9d6rik0dbnbxr9qlw-libxslt-1.1.37-dev/include' '-isystem' '/nix/store/fyiwac98bi86nd5qzz9bhvs1bvmmwgad-openssl-3.0.8-dev/include' '-isystem' '/nix/store/i1h2yf133m4rfzgfgl0zdxjxniyy6kvg-sqlite-3.40.1-dev/include' '-isystem' '/nix/store/ci7r8mfkdg1b4wgawp6fff6ba6vyf33r-unixODBC-2.3.11/include' '-isystem' '/nix/store/vddrjv0wnknv73njnwzj3in0467dk9qa-harfbuzz-7.0.0-dev/include' '-isystem' '/nix/store/vgasd5zjsvdvq3w7ik13sfyyj1n0m5v7-graphite2-1.3.14/include' '-isystem' '/nix/store/86nsxqcmzcc85qzrsczb33jwqgcyl35g-icu4c-72.1-dev/include' '-isystem' '/nix/store/dra1y7qr8clxdssfx5s1grbg2lvg5ifd-libjpeg-turbo-2.1.4-dev/include' '-isystem' '/nix/store/463cn57ci7xxwr28c1d68zwbr001ka8h-libpng-apng-1.6.39-dev/include' '-isystem' '/nix/store/vr9naiikd2k84ygclm3vlr3agbjcgvzi-pcre2-10.42-dev/include' '-isystem' '/nix/store/zc41j2il39qmw9kfwa0zl37dz4izcjdp-pcre-8.45-dev/include' '-isystem' '/nix/store/k4w3vafb6k1b3zc2a6v1lr4w0iknnp65-libproxy-0.4.18-dev/include' '-isystem' '/nix/store/s8axys9hpvwxn5718iwrnyvwms4djz96-zstd-1.5.4-dev/include' '-isystem' '/nix/store/4hx2f3kfk824b3b44mhjgpph426lnj42-double-conversion-3.2.1/include' '-isystem' '/nix/store/d9yf24k5n979y1qy03nlj1mnpijhs5rx-libb2-0.98.1/include' '-isystem' '/nix/store/2pai53mrrahl85w7mbypxmplgx6wfqyd-md4c-0.4.8/include' '-isystem' '/nix/store/l8d014vy8n42sp6r6j3wjqldylcyvqyk-dbus-1.14.4-dev/include' '-isystem' '/nix/store/gqvyvc9ckzijwcw641v6qgg7fz8z63mc-expat-2.5.0-dev/include' '-isystem' '/nix/store/152gsygyjagsirvdg3icmz4px39wddwj-glib-2.74.5-dev/include' '-isystem' '/nix/store/4j08mgygxhi9y3957hbwqn1bg02va18y-libffi-3.4.4-dev/include' '-isystem' '/nix/store/ik1vzp6bfwjxxg0cdcbmyl17yzn8idd4-gettext-0.21/include' '-isystem' '/nix/store/1r3a6ji72zxvkyhqfgq1pymdiyjk93l5-glibc-iconv-2.35/include' '-isystem' '/nix/store/f04f2mxjzx7s34payvq6lna9qcaall3s-mariadb-connector-odbc-3.1.14/include' '-isystem' '/nix/store/2gm71c7yljswz2yz3i6125nx2rwkg9n6-systemd-252.5-dev/include' '-isystem' '/nix/store/1gb83p8c3fkjqyb0l30lz0303jhv088k-util-linux-2.38.1-dev/include' '-isystem' '/nix/store/xj6h98v3mjiqmwqv6zbw51xd3lgzdz7p-mtdev-1.1.6/include' '-isystem' '/nix/store/zmqdq7fj6h273kxz969wr3h7g1jhzgz4-lksctp-tools-1.0.17/include' '-isystem' '/nix/store/dvgpj4kwxp5pxhax93zqv80b4ql8xwla-libselinux-3.3-dev/include' '-isystem' '/nix/store/0p1v5zn2mb55xs9297x5p7vgdnhrjjmf-libsepol-3.3-dev/include' '-isystem' '/nix/store/zl2rzaxviah8cpknrlnpawpfvmjvjh0d-lttng-ust-2.13.1-dev/include' '-isystem' '/nix/store/0hhi25jwagxm00kjwmh2zl395cgfdrfh-liburcu-0.13.2/include' '-isystem' '/nix/store/k7pydn7w2dd03cchddkgzdb94brxisp9-vulkan-headers-1.3.239.0/include' '-isystem' '/nix/store/gxsg7g5higv817948fw3jyamypfc229g-libthai-0.1.29-dev/include' '-isystem' '/nix/store/hq2n7bnn6z2p0p94n4mixbbrsyi1qbdf-libdrm-2.4.114-dev/include' '-isystem' '/nix/store/bin4ww0irasbdvhqqg8lcwjg3025x4pq-libdatrie-2019-12-20-dev/include' '-isystem' '/nix/store/6bdds6632r9fp7mrh27qxjv90d7lzh0y-fontconfig-2.14.0-dev/include' '-isystem' '/nix/store/ybd7brnb5kavanvz40mg2p5pmgnczi85-freetype-2.12.1-dev/include' '-isystem' '/nix/store/abs0rlwm6jh4l1k831fvqggpgfrs91pv-bzip2-1.0.8-dev/include' '-isystem' '/nix/store/84r63sb6w4l1y1ab3vmk3xg84is027y2-brotli-1.0.9-dev/include' '-isystem' '/nix/store/q2sjb83p9kh7j653237wr5xzsdc17sgj-libX11-1.8.4-dev/include' '-isystem' '/nix/store/9d1fbfvijywjsxh5b060qy5dd01cqbrs-xorgproto-2021.5/include' '-isystem' '/nix/store/rr353rjxy36vvakib4cyajjj2r3gqw5x-libxcb-1.14-dev/include' '-isystem' '/nix/store/j4i01gassjbbm5i3x4qczy21pmfw05q2-libXcomposite-0.4.5-dev/include' '-isystem' '/nix/store/dbbvxfbsix59452vbjngfndr8xddb3nc-libXfixes-6.0.0-dev/include' '-isystem' '/nix/store/f5blw2z7jr4h2qkzfdmjkwak142353rq-libXext-1.3.4-dev/include' '-isystem' '/nix/store/jhxfmh0lh0dkk11fpys8350w8hk7ljf7-libXau-1.0.9-dev/include' '-isystem' '/nix/store/dci0q5r0v1j5d7vryy13as7banrix0sj-libXi-1.8-dev/include' '-isystem' '/nix/store/slpgdz4ha0w6y2c25n0ljda4536p9yi4-libXrender-0.9.10-dev/include' '-isystem' '/nix/store/l01q7h5h4wxr880jzxpc5fdrwnbqxfzn-libxkbcommon-1.5.0-dev/include' '-isystem' '/nix/store/9qzw3zscs3b4gc97bsaq991iifgz4977-xcb-util-0.4.0-dev/include' '-isystem' '/nix/store/cwvwhmigx77mydbv1h51pp2l2vijr2rs-xcb-util-image-0.4.0-dev/include' '-isystem' '/nix/store/v0qpk37hyfrpgga44f58yrb36gpay3ks-xcb-util-keysyms-0.4.0-dev/include' '-isystem' '/nix/store/x45m835963ss4all6g03wms91284j904-xcb-util-renderutil-0.3.9-dev/include' '-isystem' '/nix/store/qhjq1dap6j4h5g3srizm6dkshz63zdwv-xcb-util-wm-0.4.1-dev/include' '-isystem' '/nix/store/dzkwzx2qnhsx7938ywxqvygw5n28gy63-libXdmcp-1.1.3-dev/include' '-isystem' '/nix/store/75jd6r549krqxk1iq5cl4slrr4vci11n-libXtst-1.2.3/include' '-isystem' '/nix/store/rkz9zhzj975y9hvb8kav017da08hgq2b-xcb-util-cursor-0.1.3-dev/include' '-isystem' '/nix/store/dvrxv7fvlkj5cbjq6262m6f4jdpdvmxx-libepoxy-1.5.10-dev/include' '-isystem' '/nix/store/fqwihpqn2wmhjqw251w1r7dyw659abrh-libGL-1.6.0-dev/include' '-isystem' '/nix/store/y7fpp50b5l7l4g5hk76w2mm2p8jhrwyg-libglvnd-1.6.0-dev/include' '-isystem' '/nix/store/xr3l5mnqwgminijy321myshjx6w55530-qtsvg-6.4.2-dev/include' '-isystem' '/nix/store/a85vmwd6cgixmd25226zr4awdvh50xyd-quazip-1.3-dev/include' '-isystem' '/nix/store/jf4k9zv0nn0dij7jyh9cb7l2s4h5p65y-qt5compat-6.4.2-dev/include' '-isystem' '/nix/store/cj4cjywrz168aijw38dysql6ksafnbjs-qtdeclarative-6.4.2-dev/include' '-isystem' '/nix/store/mnpx93zc62xwqlkx0bycrab6604cdhcm-qtshadertools-6.4.2-dev/include' '-isystem' '/nix/store/iw1vmh509hcbby8dbpsaanbri4zsq7dj-python3-3.10.10/include' '-isystem' '/nix/store/h9a8m4y88pn2jg8h96j6i2blgzarrvcx-filesystem-1.5.12/include' '-isystem' '/nix/store/5ymj2l7wacvb1b154v5mhlhng406ds0k-tomlplusplus-3.3.0/include' '-isystem' '/nix/store/dkbq5hvylsc0d76lgmwyx4jm2pld63sl-cmark-0.30.3/include' '-isystem' '/nix/store/4gxhcwhrh92pn91ax09wxgqg2pqj9i61-qtwayland-6.4.2-dev/include' '-isystem' '/nix/store/wzrqym8dzidzhvm5h308kzqcan2zbf5j-gamemode-1.7-dev/include' '-L/nix/store/va9r2bdg56jc6qizpm6dyb97lnxfrhsy-file-5.44/lib' '-L/nix/store/mg9l7phyhvi16p9g8g3g8fbyj4mr79gq-zlib-1.2.13/lib' '-L/nix/store/hmh8yakhrp3r95b7r085m4xnzp8crz3b-libxml2-2.10.3/lib' '-L/nix/store/8ilmxyjyn4fn3ll7s19shppp7izswp2c-libxslt-1.1.37/lib' '-L/nix/store/5438qhyypn1kbdnm4312v8db4mkapwhl-openssl-3.0.8/lib' '-L/nix/store/c651qa8kqilglkx8fhxz0ibc4yfndlm8-sqlite-3.40.1/lib' '-L/nix/store/ci7r8mfkdg1b4wgawp6fff6ba6vyf33r-unixODBC-2.3.11/lib' '-L/nix/store/vgasd5zjsvdvq3w7ik13sfyyj1n0m5v7-graphite2-1.3.14/lib' '-L/nix/store/09yg78bcs6vibbk7py1k1l9qf1im9lwj-harfbuzz-7.0.0/lib' '-L/nix/store/jbsbrpz89j9sbk0shpqvk5jy3fddkffq-icu4c-72.1/lib' '-L/nix/store/rvv0110i3pg28vrhadhi1qfmhpgj1azy-libjpeg-turbo-2.1.4/lib' '-L/nix/store/idx4lcdd1p91dpib06d5mwyhszs6w8xw-libpng-apng-1.6.39/lib' '-L/nix/store/lm9jab801iavj3f9gjz6vc1fxhvvg2mj-pcre2-10.42/lib' '-L/nix/store/x6nnam5hk44mljbk782rcbd92jlnz8r6-pcre-8.45/lib' '-L/nix/store/i1wd03f4gq5l9bbzb8ir2v8aibsbdi47-libproxy-0.4.18/lib' '-L/nix/store/clln53sqbfn8i0z8x0ji3x3fz6zchqml-zstd-1.5.4/lib' '-L/nix/store/4hx2f3kfk824b3b44mhjgpph426lnj42-double-conversion-3.2.1/lib' '-L/nix/store/d9yf24k5n979y1qy03nlj1mnpijhs5rx-libb2-0.98.1/lib' '-L/nix/store/2pai53mrrahl85w7mbypxmplgx6wfqyd-md4c-0.4.8/lib' '-L/nix/store/inrxvaqv2zkdhg2v5vhqc0257p92wl2q-expat-2.5.0/lib' '-L/nix/store/q36hdg6hw9vlls7abq0y08gksqr2m2z2-dbus-1.14.4-lib/lib' '-L/nix/store/m0fsvgc5hrn3yjwsl9fvj5m6pyjk2il2-libffi-3.4.4/lib' '-L/nix/store/ik1vzp6bfwjxxg0cdcbmyl17yzn8idd4-gettext-0.21/lib' '-L/nix/store/rcwsvm3zmcpwl71b7r5f9ql599hw6f2b-glib-2.74.5/lib' '-L/nix/store/lfpcn90d6fwckk3ysihijfy2z5wsi7da-sqlite-connector-odbc-0.9993/lib' '-L/nix/store/kp51yj0jwdi2b7f8i93ici4c5z0x7bn3-systemd-252.5/lib' '-L/nix/store/b9ihpihmhnain100fjfd008nzf9ha6xj-util-linux-2.38.1-lib/lib' '-L/nix/store/xj6h98v3mjiqmwqv6zbw51xd3lgzdz7p-mtdev-1.1.6/lib' '-L/nix/store/zmqdq7fj6h273kxz969wr3h7g1jhzgz4-lksctp-tools-1.0.17/lib' '-L/nix/store/gqlj2nh329ymrawhlrhhd3wx9h5nwi38-libselinux-3.3/lib' '-L/nix/store/i4dbdvj0qdbglgqpa04xx8gs564n8953-libsepol-3.3/lib' '-L/nix/store/0hhi25jwagxm00kjwmh2zl395cgfdrfh-liburcu-0.13.2/lib' '-L/nix/store/jqvbspi73y5il9p4mmrf7bnnjvpf4r80-lttng-ust-2.13.1/lib' '-L/nix/store/izbwynagva4wx96ghpczpcs5v0d82xix-vulkan-loader-1.3.239.0/lib' '-L/nix/store/cbj48b5jcdhwmvn282gg3wkrnfvqcn0v-libthai-0.1.29/lib' '-L/nix/store/fp76f9kiv3mwh2h87lhmxcp173gi49jd-libdrm-2.4.114/lib' '-L/nix/store/4kz52y95zfn9l8pbn8f5jw1w61lgn0js-libdatrie-2019-12-20-lib/lib' '-L/nix/store/k0yrr5yq9yghbvvfv0qkblyia576kg4f-bzip2-1.0.8/lib' '-L/nix/store/6ahs2w409ysgvz4r0k1g0kypf6k3iwps-brotli-1.0.9-lib/lib' '-L/nix/store/2jq0rdhc7wb8fj0q82whsj9p50sdmvcv-freetype-2.12.1/lib' '-L/nix/store/mv56qyvfin02c96mxrdh60p3c0j05dvn-fontconfig-2.14.0-lib/lib' '-L/nix/store/cnkr9byk03mz454yzx48jkyy0c2rlfjz-libxcb-1.14/lib' '-L/nix/store/y0ym7qckhfldadc4wbwv0hs7765v10rd-libX11-1.8.4/lib' '-L/nix/store/zd5rypkk2h639y4ym6qc3l65dpka3ycc-libXfixes-6.0.0/lib' '-L/nix/store/8b686hlck6jkpxm9yx3n755cmqvcnhni-libXcomposite-0.4.5/lib' '-L/nix/store/qnwa2z8b9y76almh1mpp1iwnwdvrzxbj-libXau-1.0.9/lib' '-L/nix/store/qgg9iiyrp9s1cja2h9cblb9cjyy65ssz-libXext-1.3.4/lib' '-L/nix/store/kmbps8nyg8nhnwdbcpxkbn5mmcdal5hp-libXi-1.8/lib' '-L/nix/store/dg1irgbmn4znzbbw2yyc99bh85a1ll3n-libXrender-0.9.10/lib' '-L/nix/store/03bcgkqn4hsf2l2n0ny5xx2c1z0ga6gy-libxkbcommon-1.5.0/lib' '-L/nix/store/96azvh5x19v03hz2a7ic90gs9h59kkzq-xcb-util-0.4.0/lib' '-L/nix/store/xd9vz5ar0kr7fbiibqqykfcczvdd56rc-xcb-util-image-0.4.0/lib' '-L/nix/store/hk1dsk9bim336dhb78nxxcnz8c20ys9c-xcb-util-keysyms-0.4.0/lib' '-L/nix/store/6p4yljw6hwnh9jbl29nq9vyrfysyjb8z-xcb-util-renderutil-0.3.9/lib' '-L/nix/store/nf595y3dfgyq0wvmwnqq380xmbhjjiin-xcb-util-wm-0.4.1/lib' '-L/nix/store/3bhillndvhi9pvdkr4bb145170s7h7lz-libXdmcp-1.1.3/lib' '-L/nix/store/75jd6r549krqxk1iq5cl4slrr4vci11n-libXtst-1.2.3/lib' '-L/nix/store/m5ygz6nz3lxav4cswsgdrfga1lfkcrbr-xcb-util-cursor-0.1.3/lib' '-L/nix/store/3w5sakz3znb378b7wlfbr7bss3myhdi3-libepoxy-1.5.10/lib' '-L/nix/store/srnnb3xqzcn0afbc1sg2f3kahdbqp0hb-libGL-1.6.0/lib' '-L/nix/store/yl6ggfn054z9brd4rlzifn3zpiardjz2-libglvnd-1.6.0/lib' '-L/nix/store/baz8lrsrakrl0jdlz89hvbqv8mgvcqk9-qtbase-6.4.2/lib' '-L/nix/store/6dm5g796frdb2k7rqb0nyzm4s76gd3p9-qtsvg-6.4.2/lib' '-L/nix/store/0bb16bnqa4raz3b8d0fayj25bcs131g3-qtshadertools-6.4.2/lib' '-L/nix/store/iw1vmh509hcbby8dbpsaanbri4zsq7dj-python3-3.10.10/lib' '-L/nix/store/4y8vjpf6qb8z43x99pc48yjbpdg1gb81-qtdeclarative-6.4.2/lib' '-L/nix/store/zvw6fflmybm80k4arxmmpdyzf7gn1msb-qt5compat-6.4.2/lib' '-L/nix/store/61imhlw6qszhcwmmiwxqdf72kn5fz2y5-quazip-1.3/lib' '-L/nix/store/5ymj2l7wacvb1b154v5mhlhng406ds0k-tomlplusplus-3.3.0/lib' '-L/nix/store/dkbq5hvylsc0d76lgmwyx4jm2pld63sl-cmark-0.30.3/lib' '-L/nix/store/4bmh1h8dn0k0s8bydmb1syk8cfsmgxb6-qtwayland-6.4.2/lib' '-L/nix/store/zihzfhfq28wp1yzx86dp1q4zccai745r-gamemode-1.7-lib/lib' '-L/nix/store/va9r2bdg56jc6qizpm6dyb97lnxfrhsy-file-5.44/lib' '-L/nix/store/mg9l7phyhvi16p9g8g3g8fbyj4mr79gq-zlib-1.2.13/lib' '-L/nix/store/hmh8yakhrp3r95b7r085m4xnzp8crz3b-libxml2-2.10.3/lib' '-L/nix/store/8ilmxyjyn4fn3ll7s19shppp7izswp2c-libxslt-1.1.37/lib' '-L/nix/store/5438qhyypn1kbdnm4312v8db4mkapwhl-openssl-3.0.8/lib' '-L/nix/store/c651qa8kqilglkx8fhxz0ibc4yfndlm8-sqlite-3.40.1/lib' '-L/nix/store/ci7r8mfkdg1b4wgawp6fff6ba6vyf33r-unixODBC-2.3.11/lib' '-L/nix/store/vgasd5zjsvdvq3w7ik13sfyyj1n0m5v7-graphite2-1.3.14/lib' '-L/nix/store/09yg78bcs6vibbk7py1k1l9qf1im9lwj-harfbuzz-7.0.0/lib' '-L/nix/store/jbsbrpz89j9sbk0shpqvk5jy3fddkffq-icu4c-72.1/lib' '-L/nix/store/rvv0110i3pg28vrhadhi1qfmhpgj1azy-libjpeg-turbo-2.1.4/lib' '-L/nix/store/idx4lcdd1p91dpib06d5mwyhszs6w8xw-libpng-apng-1.6.39/lib' '-L/nix/store/lm9jab801iavj3f9gjz6vc1fxhvvg2mj-pcre2-10.42/lib' '-L/nix/store/x6nnam5hk44mljbk782rcbd92jlnz8r6-pcre-8.45/lib' '-L/nix/store/i1wd03f4gq5l9bbzb8ir2v8aibsbdi47-libproxy-0.4.18/lib' '-L/nix/store/clln53sqbfn8i0z8x0ji3x3fz6zchqml-zstd-1.5.4/lib' '-L/nix/store/4hx2f3kfk824b3b44mhjgpph426lnj42-double-conversion-3.2.1/lib' '-L/nix/store/d9yf24k5n979y1qy03nlj1mnpijhs5rx-libb2-0.98.1/lib' '-L/nix/store/2pai53mrrahl85w7mbypxmplgx6wfqyd-md4c-0.4.8/lib' '-L/nix/store/inrxvaqv2zkdhg2v5vhqc0257p92wl2q-expat-2.5.0/lib' '-L/nix/store/q36hdg6hw9vlls7abq0y08gksqr2m2z2-dbus-1.14.4-lib/lib' '-L/nix/store/m0fsvgc5hrn3yjwsl9fvj5m6pyjk2il2-libffi-3.4.4/lib' '-L/nix/store/ik1vzp6bfwjxxg0cdcbmyl17yzn8idd4-gettext-0.21/lib' '-L/nix/store/rcwsvm3zmcpwl71b7r5f9ql599hw6f2b-glib-2.74.5/lib' '-L/nix/store/lfpcn90d6fwckk3ysihijfy2z5wsi7da-sqlite-connector-odbc-0.9993/lib' '-L/nix/store/kp51yj0jwdi2b7f8i93ici4c5z0x7bn3-systemd-252.5/lib' '-L/nix/store/b9ihpihmhnain100fjfd008nzf9ha6xj-util-linux-2.38.1-lib/lib' '-L/nix/store/xj6h98v3mjiqmwqv6zbw51xd3lgzdz7p-mtdev-1.1.6/lib' '-L/nix/store/zmqdq7fj6h273kxz969wr3h7g1jhzgz4-lksctp-tools-1.0.17/lib' '-L/nix/store/gqlj2nh329ymrawhlrhhd3wx9h5nwi38-libselinux-3.3/lib' '-L/nix/store/i4dbdvj0qdbglgqpa04xx8gs564n8953-libsepol-3.3/lib' '-L/nix/store/0hhi25jwagxm00kjwmh2zl395cgfdrfh-liburcu-0.13.2/lib' '-L/nix/store/jqvbspi73y5il9p4mmrf7bnnjvpf4r80-lttng-ust-2.13.1/lib' '-L/nix/store/izbwynagva4wx96ghpczpcs5v0d82xix-vulkan-loader-1.3.239.0/lib' '-L/nix/store/cbj48b5jcdhwmvn282gg3wkrnfvqcn0v-libthai-0.1.29/lib' '-L/nix/store/fp76f9kiv3mwh2h87lhmxcp173gi49jd-libdrm-2.4.114/lib' '-L/nix/store/4kz52y95zfn9l8pbn8f5jw1w61lgn0js-libdatrie-2019-12-20-lib/lib' '-L/nix/store/k0yrr5yq9yghbvvfv0qkblyia576kg4f-bzip2-1.0.8/lib' '-L/nix/store/6ahs2w409ysgvz4r0k1g0kypf6k3iwps-brotli-1.0.9-lib/lib' '-L/nix/store/2jq0rdhc7wb8fj0q82whsj9p50sdmvcv-freetype-2.12.1/lib' '-L/nix/store/mv56qyvfin02c96mxrdh60p3c0j05dvn-fontconfig-2.14.0-lib/lib' '-L/nix/store/cnkr9byk03mz454yzx48jkyy0c2rlfjz-libxcb-1.14/lib' '-L/nix/store/y0ym7qckhfldadc4wbwv0hs7765v10rd-libX11-1.8.4/lib' '-L/nix/store/zd5rypkk2h639y4ym6qc3l65dpka3ycc-libXfixes-6.0.0/lib' '-L/nix/store/8b686hlck6jkpxm9yx3n755cmqvcnhni-libXcomposite-0.4.5/lib' '-L/nix/store/qnwa2z8b9y76almh1mpp1iwnwdvrzxbj-libXau-1.0.9/lib' '-L/nix/store/qgg9iiyrp9s1cja2h9cblb9cjyy65ssz-libXext-1.3.4/lib' '-L/nix/store/kmbps8nyg8nhnwdbcpxkbn5mmcdal5hp-libXi-1.8/lib' '-L/nix/store/dg1irgbmn4znzbbw2yyc99bh85a1ll3n-libXrender-0.9.10/lib' '-L/nix/store/03bcgkqn4hsf2l2n0ny5xx2c1z0ga6gy-libxkbcommon-1.5.0/lib' '-L/nix/store/96azvh5x19v03hz2a7ic90gs9h59kkzq-xcb-util-0.4.0/lib' '-L/nix/store/xd9vz5ar0kr7fbiibqqykfcczvdd56rc-xcb-util-image-0.4.0/lib' '-L/nix/store/hk1dsk9bim336dhb78nxxcnz8c20ys9c-xcb-util-keysyms-0.4.0/lib' '-L/nix/store/6p4yljw6hwnh9jbl29nq9vyrfysyjb8z-xcb-util-renderutil-0.3.9/lib' '-L/nix/store/nf595y3dfgyq0wvmwnqq380xmbhjjiin-xcb-util-wm-0.4.1/lib' '-L/nix/store/3bhillndvhi9pvdkr4bb145170s7h7lz-libXdmcp-1.1.3/lib' '-L/nix/store/75jd6r549krqxk1iq5cl4slrr4vci11n-libXtst-1.2.3/lib' '-L/nix/store/m5ygz6nz3lxav4cswsgdrfga1lfkcrbr-xcb-util-cursor-0.1.3/lib' '-L/nix/store/3w5sakz3znb378b7wlfbr7bss3myhdi3-libepoxy-1.5.10/lib' '-L/nix/store/srnnb3xqzcn0afbc1sg2f3kahdbqp0hb-libGL-1.6.0/lib' '-L/nix/store/yl6ggfn054z9brd4rlzifn3zpiardjz2-libglvnd-1.6.0/lib' '-L/nix/store/baz8lrsrakrl0jdlz89hvbqv8mgvcqk9-qtbase-6.4.2/lib' '-L/nix/store/6dm5g796frdb2k7rqb0nyzm4s76gd3p9-qtsvg-6.4.2/lib' '-L/nix/store/0bb16bnqa4raz3b8d0fayj25bcs131g3-qtshadertools-6.4.2/lib' '-L/nix/store/iw1vmh509hcbby8dbpsaanbri4zsq7dj-python3-3.10.10/lib' '-L/nix/store/4y8vjpf6qb8z43x99pc48yjbpdg1gb81-qtdeclarative-6.4.2/lib' '-L/nix/store/zvw6fflmybm80k4arxmmpdyzf7gn1msb-qt5compat-6.4.2/lib' '-L/nix/store/61imhlw6qszhcwmmiwxqdf72kn5fz2y5-quazip-1.3/lib' '-L/nix/store/5ymj2l7wacvb1b154v5mhlhng406ds0k-tomlplusplus-3.3.0/lib' '-L/nix/store/dkbq5hvylsc0d76lgmwyx4jm2pld63sl-cmark-0.30.3/lib' '-L/nix/store/4bmh1h8dn0k0s8bydmb1syk8cfsmgxb6-qtwayland-6.4.2/lib' '-L/nix/store/zihzfhfq28wp1yzx86dp1q4zccai745r-gamemode-1.7-lib/lib' '-L/nix/store/76l4v99sk83ylfwkz8wmwrm4s8h73rhd-glibc-2.35-224/lib' '-L/nix/store/2w4k8nvdyiggz717ygbbxchpnxrqc6y9-gcc-12.2.0-lib/lib' '-shared-libgcc' '-mtune=generic' '-march=x86-64' '-dumpdir' 'cmTC_0878c.']
  link line: [ /nix/store/wx4nsqbssywgx9zkabwgl9sxm5l61ni3-gcc-12.2.0/libexec/gcc/x86_64-unknown-linux-gnu/12.2.0/collect2 -plugin /nix/store/wx4nsqbssywgx9zkabwgl9sxm5l61ni3-gcc-12.2.0/libexec/gcc/x86_64-unknown-linux-gnu/12.2.0/liblto_plugin.so -plugin-opt=/nix/store/wx4nsqbssywgx9zkabwgl9sxm5l61ni3-gcc-12.2.0/libexec/gcc/x86_64-unknown-linux-gnu/12.2.0/lto-wrapper -plugin-opt=-fresolution=/tmp/nix-shell.QeuHwI/ccdoD4AN.res -plugin-opt=-pass-through=-lgcc_s -plugin-opt=-pass-through=-lgcc -plugin-opt=-pass-through=-lc -plugin-opt=-pass-through=-lgcc_s -plugin-opt=-pass-through=-lgcc --eh-frame-hdr -m elf_x86_64 -dynamic-linker /nix/store/76l4v99sk83ylfwkz8wmwrm4s8h73rhd-glibc-2.35-224/lib64/ld-linux-x86-64.so.2 -o cmTC_0878c /nix/store/76l4v99sk83ylfwkz8wmwrm4s8h73rhd-glibc-2.35-224/lib/crt1.o /nix/store/76l4v99sk83ylfwkz8wmwrm4s8h73rhd-glibc-2.35-224/lib/crti.o /nix/store/wx4nsqbssywgx9zkabwgl9sxm5l61ni3-gcc-12.2.0/lib/gcc/x86_64-unknown-linux-gnu/12.2.0/crtbegin.o -L/nix/store/va9r2bdg56jc6qizpm6dyb97lnxfrhsy-file-5.44/lib -L/nix/store/mg9l7phyhvi16p9g8g3g8fbyj4mr79gq-zlib-1.2.13/lib -L/nix/store/hmh8yakhrp3r95b7r085m4xnzp8crz3b-libxml2-2.10.3/lib -L/nix/store/8ilmxyjyn4fn3ll7s19shppp7izswp2c-libxslt-1.1.37/lib -L/nix/store/5438qhyypn1kbdnm4312v8db4mkapwhl-openssl-3.0.8/lib -L/nix/store/c651qa8kqilglkx8fhxz0ibc4yfndlm8-sqlite-3.40.1/lib -L/nix/store/ci7r8mfkdg1b4wgawp6fff6ba6vyf33r-unixODBC-2.3.11/lib -L/nix/store/vgasd5zjsvdvq3w7ik13sfyyj1n0m5v7-graphite2-1.3.14/lib -L/nix/store/09yg78bcs6vibbk7py1k1l9qf1im9lwj-harfbuzz-7.0.0/lib -L/nix/store/jbsbrpz89j9sbk0shpqvk5jy3fddkffq-icu4c-72.1/lib -L/nix/store/rvv0110i3pg28vrhadhi1qfmhpgj1azy-libjpeg-turbo-2.1.4/lib -L/nix/store/idx4lcdd1p91dpib06d5mwyhszs6w8xw-libpng-apng-1.6.39/lib -L/nix/store/lm9jab801iavj3f9gjz6vc1fxhvvg2mj-pcre2-10.42/lib -L/nix/store/x6nnam5hk44mljbk782rcbd92jlnz8r6-pcre-8.45/lib -L/nix/store/i1wd03f4gq5l9bbzb8ir2v8aibsbdi47-libproxy-0.4.18/lib -L/nix/store/clln53sqbfn8i0z8x0ji3x3fz6zchqml-zstd-1.5.4/lib -L/nix/store/4hx2f3kfk824b3b44mhjgpph426lnj42-double-conversion-3.2.1/lib -L/nix/store/d9yf24k5n979y1qy03nlj1mnpijhs5rx-libb2-0.98.1/lib -L/nix/store/2pai53mrrahl85w7mbypxmplgx6wfqyd-md4c-0.4.8/lib -L/nix/store/inrxvaqv2zkdhg2v5vhqc0257p92wl2q-expat-2.5.0/lib -L/nix/store/q36hdg6hw9vlls7abq0y08gksqr2m2z2-dbus-1.14.4-lib/lib -L/nix/store/m0fsvgc5hrn3yjwsl9fvj5m6pyjk2il2-libffi-3.4.4/lib -L/nix/store/ik1vzp6bfwjxxg0cdcbmyl17yzn8idd4-gettext-0.21/lib -L/nix/store/rcwsvm3zmcpwl71b7r5f9ql599hw6f2b-glib-2.74.5/lib -L/nix/store/lfpcn90d6fwckk3ysihijfy2z5wsi7da-sqlite-connector-odbc-0.9993/lib -L/nix/store/kp51yj0jwdi2b7f8i93ici4c5z0x7bn3-systemd-252.5/lib -L/nix/store/b9ihpihmhnain100fjfd008nzf9ha6xj-util-linux-2.38.1-lib/lib -L/nix/store/xj6h98v3mjiqmwqv6zbw51xd3lgzdz7p-mtdev-1.1.6/lib -L/nix/store/zmqdq7fj6h273kxz969wr3h7g1jhzgz4-lksctp-tools-1.0.17/lib -L/nix/store/gqlj2nh329ymrawhlrhhd3wx9h5nwi38-libselinux-3.3/lib -L/nix/store/i4dbdvj0qdbglgqpa04xx8gs564n8953-libsepol-3.3/lib -L/nix/store/0hhi25jwagxm00kjwmh2zl395cgfdrfh-liburcu-0.13.2/lib -L/nix/store/jqvbspi73y5il9p4mmrf7bnnjvpf4r80-lttng-ust-2.13.1/lib -L/nix/store/izbwynagva4wx96ghpczpcs5v0d82xix-vulkan-loader-1.3.239.0/lib -L/nix/store/cbj48b5jcdhwmvn282gg3wkrnfvqcn0v-libthai-0.1.29/lib -L/nix/store/fp76f9kiv3mwh2h87lhmxcp173gi49jd-libdrm-2.4.114/lib -L/nix/store/4kz52y95zfn9l8pbn8f5jw1w61lgn0js-libdatrie-2019-12-20-lib/lib -L/nix/store/k0yrr5yq9yghbvvfv0qkblyia576kg4f-bzip2-1.0.8/lib -L/nix/store/6ahs2w409ysgvz4r0k1g0kypf6k3iwps-brotli-1.0.9-lib/lib -L/nix/store/2jq0rdhc7wb8fj0q82whsj9p50sdmvcv-freetype-2.12.1/lib -L/nix/store/mv56qyvfin02c96mxrdh60p3c0j05dvn-fontconfig-2.14.0-lib/lib -L/nix/store/cnkr9byk03mz454yzx48jkyy0c2rlfjz-libxcb-1.14/lib -L/nix/store/y0ym7qckhfldadc4wbwv0hs7765v10rd-libX11-1.8.4/lib -L/nix/store/zd5rypkk2h639y4ym6qc3l65dpka3ycc-libXfixes-6.0.0/lib -L/nix/store/8b686hlck6jkpxm9yx3n755cmqvcnhni-libXcomposite-0.4.5/lib -L/nix/store/qnwa2z8b9y76almh1mpp1iwnwdvrzxbj-libXau-1.0.9/lib -L/nix/store/qgg9iiyrp9s1cja2h9cblb9cjyy65ssz-libXext-1.3.4/lib -L/nix/store/kmbps8nyg8nhnwdbcpxkbn5mmcdal5hp-libXi-1.8/lib -L/nix/store/dg1irgbmn4znzbbw2yyc99bh85a1ll3n-libXrender-0.9.10/lib -L/nix/store/03bcgkqn4hsf2l2n0ny5xx2c1z0ga6gy-libxkbcommon-1.5.0/lib -L/nix/store/96azvh5x19v03hz2a7ic90gs9h59kkzq-xcb-util-0.4.0/lib -L/nix/store/xd9vz5ar0kr7fbiibqqykfcczvdd56rc-xcb-util-image-0.4.0/lib -L/nix/store/hk1dsk9bim336dhb78nxxcnz8c20ys9c-xcb-util-keysyms-0.4.0/lib -L/nix/store/6p4yljw6hwnh9jbl29nq9vyrfysyjb8z-xcb-util-renderutil-0.3.9/lib -L/nix/store/nf595y3dfgyq0wvmwnqq380xmbhjjiin-xcb-util-wm-0.4.1/lib -L/nix/store/3bhillndvhi9pvdkr4bb145170s7h7lz-libXdmcp-1.1.3/lib -L/nix/store/75jd6r549krqxk1iq5cl4slrr4vci11n-libXtst-1.2.3/lib -L/nix/store/m5ygz6nz3lxav4cswsgdrfga1lfkcrbr-xcb-util-cursor-0.1.3/lib -L/nix/store/3w5sakz3znb378b7wlfbr7bss3myhdi3-libepoxy-1.5.10/lib -L/nix/store/srnnb3xqzcn0afbc1sg2f3kahdbqp0hb-libGL-1.6.0/lib -L/nix/store/yl6ggfn054z9brd4rlzifn3zpiardjz2-libglvnd-1.6.0/lib -L/nix/store/baz8lrsrakrl0jdlz89hvbqv8mgvcqk9-qtbase-6.4.2/lib -L/nix/store/6dm5g796frdb2k7rqb0nyzm4s76gd3p9-qtsvg-6.4.2/lib -L/nix/store/0bb16bnqa4raz3b8d0fayj25bcs131g3-qtshadertools-6.4.2/lib -L/nix/store/iw1vmh509hcbby8dbpsaanbri4zsq7dj-python3-3.10.10/lib -L/nix/store/4y8vjpf6qb8z43x99pc48yjbpdg1gb81-qtdeclarative-6.4.2/lib -L/nix/store/zvw6fflmybm80k4arxmmpdyzf7gn1msb-qt5compat-6.4.2/lib -L/nix/store/61imhlw6qszhcwmmiwxqdf72kn5fz2y5-quazip-1.3/lib -L/nix/store/5ymj2l7wacvb1b154v5mhlhng406ds0k-tomlplusplus-3.3.0/lib -L/nix/store/dkbq5hvylsc0d76lgmwyx4jm2pld63sl-cmark-0.30.3/lib -L/nix/store/4bmh1h8dn0k0s8bydmb1syk8cfsmgxb6-qtwayland-6.4.2/lib -L/nix/store/zihzfhfq28wp1yzx86dp1q4zccai745r-gamemode-1.7-lib/lib -L/nix/store/va9r2bdg56jc6qizpm6dyb97lnxfrhsy-file-5.44/lib -L/nix/store/mg9l7phyhvi16p9g8g3g8fbyj4mr79gq-zlib-1.2.13/lib -L/nix/store/hmh8yakhrp3r95b7r085m4xnzp8crz3b-libxml2-2.10.3/lib -L/nix/store/8ilmxyjyn4fn3ll7s19shppp7izswp2c-libxslt-1.1.37/lib -L/nix/store/5438qhyypn1kbdnm4312v8db4mkapwhl-openssl-3.0.8/lib -L/nix/store/c651qa8kqilglkx8fhxz0ibc4yfndlm8-sqlite-3.40.1/lib -L/nix/store/ci7r8mfkdg1b4wgawp6fff6ba6vyf33r-unixODBC-2.3.11/lib -L/nix/store/vgasd5zjsvdvq3w7ik13sfyyj1n0m5v7-graphite2-1.3.14/lib -L/nix/store/09yg78bcs6vibbk7py1k1l9qf1im9lwj-harfbuzz-7.0.0/lib -L/nix/store/jbsbrpz89j9sbk0shpqvk5jy3fddkffq-icu4c-72.1/lib -L/nix/store/rvv0110i3pg28vrhadhi1qfmhpgj1azy-libjpeg-turbo-2.1.4/lib -L/nix/store/idx4lcdd1p91dpib06d5mwyhszs6w8xw-libpng-apng-1.6.39/lib -L/nix/store/lm9jab801iavj3f9gjz6vc1fxhvvg2mj-pcre2-10.42/lib -L/nix/store/x6nnam5hk44mljbk782rcbd92jlnz8r6-pcre-8.45/lib -L/nix/store/i1wd03f4gq5l9bbzb8ir2v8aibsbdi47-libproxy-0.4.18/lib -L/nix/store/clln53sqbfn8i0z8x0ji3x3fz6zchqml-zstd-1.5.4/lib -L/nix/store/4hx2f3kfk824b3b44mhjgpph426lnj42-double-conversion-3.2.1/lib -L/nix/store/d9yf24k5n979y1qy03nlj1mnpijhs5rx-libb2-0.98.1/lib -L/nix/store/2pai53mrrahl85w7mbypxmplgx6wfqyd-md4c-0.4.8/lib -L/nix/store/inrxvaqv2zkdhg2v5vhqc0257p92wl2q-expat-2.5.0/lib -L/nix/store/q36hdg6hw9vlls7abq0y08gksqr2m2z2-dbus-1.14.4-lib/lib -L/nix/store/m0fsvgc5hrn3yjwsl9fvj5m6pyjk2il2-libffi-3.4.4/lib -L/nix/store/ik1vzp6bfwjxxg0cdcbmyl17yzn8idd4-gettext-0.21/lib -L/nix/store/rcwsvm3zmcpwl71b7r5f9ql599hw6f2b-glib-2.74.5/lib -L/nix/store/lfpcn90d6fwckk3ysihijfy2z5wsi7da-sqlite-connector-odbc-0.9993/lib -L/nix/store/kp51yj0jwdi2b7f8i93ici4c5z0x7bn3-systemd-252.5/lib -L/nix/store/b9ihpihmhnain100fjfd008nzf9ha6xj-util-linux-2.38.1-lib/lib -L/nix/store/xj6h98v3mjiqmwqv6zbw51xd3lgzdz7p-mtdev-1.1.6/lib -L/nix/store/zmqdq7fj6h273kxz969wr3h7g1jhzgz4-lksctp-tools-1.0.17/lib -L/nix/store/gqlj2nh329ymrawhlrhhd3wx9h5nwi38-libselinux-3.3/lib -L/nix/store/i4dbdvj0qdbglgqpa04xx8gs564n8953-libsepol-3.3/lib -L/nix/store/0hhi25jwagxm00kjwmh2zl395cgfdrfh-liburcu-0.13.2/lib -L/nix/store/jqvbspi73y5il9p4mmrf7bnnjvpf4r80-lttng-ust-2.13.1/lib -L/nix/store/izbwynagva4wx96ghpczpcs5v0d82xix-vulkan-loader-1.3.239.0/lib -L/nix/store/cbj48b5jcdhwmvn282gg3wkrnfvqcn0v-libthai-0.1.29/lib -L/nix/store/fp76f9kiv3mwh2h87lhmxcp173gi49jd-libdrm-2.4.114/lib -L/nix/store/4kz52y95zfn9l8pbn8f5jw1w61lgn0js-libdatrie-2019-12-20-lib/lib -L/nix/store/k0yrr5yq9yghbvvfv0qkblyia576kg4f-bzip2-1.0.8/lib -L/nix/store/6ahs2w409ysgvz4r0k1g0kypf6k3iwps-brotli-1.0.9-lib/lib -L/nix/store/2jq0rdhc7wb8fj0q82whsj9p50sdmvcv-freetype-2.12.1/lib -L/nix/store/mv56qyvfin02c96mxrdh60p3c0j05dvn-fontconfig-2.14.0-lib/lib -L/nix/store/cnkr9byk03mz454yzx48jkyy0c2rlfjz-libxcb-1.14/lib -L/nix/store/y0ym7qckhfldadc4wbwv0hs7765v10rd-libX11-1.8.4/lib -L/nix/store/zd5rypkk2h639y4ym6qc3l65dpka3ycc-libXfixes-6.0.0/lib -L/nix/store/8b686hlck6jkpxm9yx3n755cmqvcnhni-libXcomposite-0.4.5/lib -L/nix/store/qnwa2z8b9y76almh1mpp1iwnwdvrzxbj-libXau-1.0.9/lib -L/nix/store/qgg9iiyrp9s1cja2h9cblb9cjyy65ssz-libXext-1.3.4/lib -L/nix/store/kmbps8nyg8nhnwdbcpxkbn5mmcdal5hp-libXi-1.8/lib -L/nix/store/dg1irgbmn4znzbbw2yyc99bh85a1ll3n-libXrender-0.9.10/lib -L/nix/store/03bcgkqn4hsf2l2n0ny5xx2c1z0ga6gy-libxkbcommon-1.5.0/lib -L/nix/store/96azvh5x19v03hz2a7ic90gs9h59kkzq-xcb-util-0.4.0/lib -L/nix/store/xd9vz5ar0kr7fbiibqqykfcczvdd56rc-xcb-util-image-0.4.0/lib -L/nix/store/hk1dsk9bim336dhb78nxxcnz8c20ys9c-xcb-util-keysyms-0.4.0/lib -L/nix/store/6p4yljw6hwnh9jbl29nq9vyrfysyjb8z-xcb-util-renderutil-0.3.9/lib -L/nix/store/nf595y3dfgyq0wvmwnqq380xmbhjjiin-xcb-util-wm-0.4.1/lib -L/nix/store/3bhillndvhi9pvdkr4bb145170s7h7lz-libXdmcp-1.1.3/lib -L/nix/store/75jd6r549krqxk1iq5cl4slrr4vci11n-libXtst-1.2.3/lib -L/nix/store/m5ygz6nz3lxav4cswsgdrfga1lfkcrbr-xcb-util-cursor-0.1.3/lib -L/nix/store/3w5sakz3znb378b7wlfbr7bss3myhdi3-libepoxy-1.5.10/lib -L/nix/store/srnnb3xqzcn0afbc1sg2f3kahdbqp0hb-libGL-1.6.0/lib -L/nix/store/yl6ggfn054z9brd4rlzifn3zpiardjz2-libglvnd-1.6.0/lib -L/nix/store/baz8lrsrakrl0jdlz89hvbqv8mgvcqk9-qtbase-6.4.2/lib -L/nix/store/6dm5g796frdb2k7rqb0nyzm4s76gd3p9-qtsvg-6.4.2/lib -L/nix/store/0bb16bnqa4raz3b8d0fayj25bcs131g3-qtshadertools-6.4.2/lib -L/nix/store/iw1vmh509hcbby8dbpsaanbri4zsq7dj-python3-3.10.10/lib -L/nix/store/4y8vjpf6qb8z43x99pc48yjbpdg1gb81-qtdeclarative-6.4.2/lib -L/nix/store/zvw6fflmybm80k4arxmmpdyzf7gn1msb-qt5compat-6.4.2/lib -L/nix/store/61imhlw6qszhcwmmiwxqdf72kn5fz2y5-quazip-1.3/lib -L/nix/store/5ymj2l7wacvb1b154v5mhlhng406ds0k-tomlplusplus-3.3.0/lib -L/nix/store/dkbq5hvylsc0d76lgmwyx4jm2pld63sl-cmark-0.30.3/lib -L/nix/store/4bmh1h8dn0k0s8bydmb1syk8cfsmgxb6-qtwayland-6.4.2/lib -L/nix/store/zihzfhfq28wp1yzx86dp1q4zccai745r-gamemode-1.7-lib/lib -L/nix/store/76l4v99sk83ylfwkz8wmwrm4s8h73rhd-glibc-2.35-224/lib -L/nix/store/2w4k8nvdyiggz717ygbbxchpnxrqc6y9-gcc-12.2.0-lib/lib -L/nix/store/76l4v99sk83ylfwkz8wmwrm4s8h73rhd-glibc-2.35-224/lib -L/nix/store/2w4k8nvdyiggz717ygbbxchpnxrqc6y9-gcc-12.2.0-lib/lib -L/nix/store/bfbp3ypd9nm3fapz634gvvs738blrl0y-gcc-wrapper-12.2.0/bin -L/nix/store/wx4nsqbssywgx9zkabwgl9sxm5l61ni3-gcc-12.2.0/lib/gcc/x86_64-unknown-linux-gnu/12.2.0 -L/nix/store/wx4nsqbssywgx9zkabwgl9sxm5l61ni3-gcc-12.2.0/lib/gcc/x86_64-unknown-linux-gnu/12.2.0/../../../../lib64 -L/nix/store/wx4nsqbssywgx9zkabwgl9sxm5l61ni3-gcc-12.2.0/lib/gcc/x86_64-unknown-linux-gnu/12.2.0/../../.. -dynamic-linker=/nix/store/76l4v99sk83ylfwkz8wmwrm4s8h73rhd-glibc-2.35-224/lib/ld-linux-x86-64.so.2 CMakeFiles/cmTC_0878c.dir/CMakeCXXCompilerABI.cpp.o -rpath /workspace/PrismLauncher/outputs/out/lib64 -rpath /workspace/PrismLauncher/outputs/out/lib -lstdc++ -lm -lgcc_s -lgcc -lc -lgcc_s -lgcc /nix/store/wx4nsqbssywgx9zkabwgl9sxm5l61ni3-gcc-12.2.0/lib/gcc/x86_64-unknown-linux-gnu/12.2.0/crtend.o /nix/store/76l4v99sk83ylfwkz8wmwrm4s8h73rhd-glibc-2.35-224/lib/crtn.o]
    arg [/nix/store/wx4nsqbssywgx9zkabwgl9sxm5l61ni3-gcc-12.2.0/libexec/gcc/x86_64-unknown-linux-gnu/12.2.0/collect2] ==> ignore
    arg [-plugin] ==> ignore
    arg [/nix/store/wx4nsqbssywgx9zkabwgl9sxm5l61ni3-gcc-12.2.0/libexec/gcc/x86_64-unknown-linux-gnu/12.2.0/liblto_plugin.so] ==> ignore
    arg [-plugin-opt=/nix/store/wx4nsqbssywgx9zkabwgl9sxm5l61ni3-gcc-12.2.0/libexec/gcc/x86_64-unknown-linux-gnu/12.2.0/lto-wrapper] ==> ignore
    arg [-plugin-opt=-fresolution=/tmp/nix-shell.QeuHwI/ccdoD4AN.res] ==> ignore
    arg [-plugin-opt=-pass-through=-lgcc_s] ==> ignore
    arg [-plugin-opt=-pass-through=-lgcc] ==> ignore
    arg [-plugin-opt=-pass-through=-lc] ==> ignore
    arg [-plugin-opt=-pass-through=-lgcc_s] ==> ignore
    arg [-plugin-opt=-pass-through=-lgcc] ==> ignore
    arg [--eh-frame-hdr] ==> ignore
    arg [-m] ==> ignore
    arg [elf_x86_64] ==> ignore
    arg [-dynamic-linker] ==> ignore
    arg [/nix/store/76l4v99sk83ylfwkz8wmwrm4s8h73rhd-glibc-2.35-224/lib64/ld-linux-x86-64.so.2] ==> ignore
    arg [-o] ==> ignore
    arg [cmTC_0878c] ==> ignore
    arg [/nix/store/76l4v99sk83ylfwkz8wmwrm4s8h73rhd-glibc-2.35-224/lib/crt1.o] ==> obj [/nix/store/76l4v99sk83ylfwkz8wmwrm4s8h73rhd-glibc-2.35-224/lib/crt1.o]
    arg [/nix/store/76l4v99sk83ylfwkz8wmwrm4s8h73rhd-glibc-2.35-224/lib/crti.o] ==> obj [/nix/store/76l4v99sk83ylfwkz8wmwrm4s8h73rhd-glibc-2.35-224/lib/crti.o]
    arg [/nix/store/wx4nsqbssywgx9zkabwgl9sxm5l61ni3-gcc-12.2.0/lib/gcc/x86_64-unknown-linux-gnu/12.2.0/crtbegin.o] ==> obj [/nix/store/wx4nsqbssywgx9zkabwgl9sxm5l61ni3-gcc-12.2.0/lib/gcc/x86_64-unknown-linux-gnu/12.2.0/crtbegin.o]
    arg [-L/nix/store/va9r2bdg56jc6qizpm6dyb97lnxfrhsy-file-5.44/lib] ==> dir [/nix/store/va9r2bdg56jc6qizpm6dyb97lnxfrhsy-file-5.44/lib]
    arg [-L/nix/store/mg9l7phyhvi16p9g8g3g8fbyj4mr79gq-zlib-1.2.13/lib] ==> dir [/nix/store/mg9l7phyhvi16p9g8g3g8fbyj4mr79gq-zlib-1.2.13/lib]
    arg [-L/nix/store/hmh8yakhrp3r95b7r085m4xnzp8crz3b-libxml2-2.10.3/lib] ==> dir [/nix/store/hmh8yakhrp3r95b7r085m4xnzp8crz3b-libxml2-2.10.3/lib]
    arg [-L/nix/store/8ilmxyjyn4fn3ll7s19shppp7izswp2c-libxslt-1.1.37/lib] ==> dir [/nix/store/8ilmxyjyn4fn3ll7s19shppp7izswp2c-libxslt-1.1.37/lib]
    arg [-L/nix/store/5438qhyypn1kbdnm4312v8db4mkapwhl-openssl-3.0.8/lib] ==> dir [/nix/store/5438qhyypn1kbdnm4312v8db4mkapwhl-openssl-3.0.8/lib]
    arg [-L/nix/store/c651qa8kqilglkx8fhxz0ibc4yfndlm8-sqlite-3.40.1/lib] ==> dir [/nix/store/c651qa8kqilglkx8fhxz0ibc4yfndlm8-sqlite-3.40.1/lib]
    arg [-L/nix/store/ci7r8mfkdg1b4wgawp6fff6ba6vyf33r-unixODBC-2.3.11/lib] ==> dir [/nix/store/ci7r8mfkdg1b4wgawp6fff6ba6vyf33r-unixODBC-2.3.11/lib]
    arg [-L/nix/store/vgasd5zjsvdvq3w7ik13sfyyj1n0m5v7-graphite2-1.3.14/lib] ==> dir [/nix/store/vgasd5zjsvdvq3w7ik13sfyyj1n0m5v7-graphite2-1.3.14/lib]
    arg [-L/nix/store/09yg78bcs6vibbk7py1k1l9qf1im9lwj-harfbuzz-7.0.0/lib] ==> dir [/nix/store/09yg78bcs6vibbk7py1k1l9qf1im9lwj-harfbuzz-7.0.0/lib]
    arg [-L/nix/store/jbsbrpz89j9sbk0shpqvk5jy3fddkffq-icu4c-72.1/lib] ==> dir [/nix/store/jbsbrpz89j9sbk0shpqvk5jy3fddkffq-icu4c-72.1/lib]
    arg [-L/nix/store/rvv0110i3pg28vrhadhi1qfmhpgj1azy-libjpeg-turbo-2.1.4/lib] ==> dir [/nix/store/rvv0110i3pg28vrhadhi1qfmhpgj1azy-libjpeg-turbo-2.1.4/lib]
    arg [-L/nix/store/idx4lcdd1p91dpib06d5mwyhszs6w8xw-libpng-apng-1.6.39/lib] ==> dir [/nix/store/idx4lcdd1p91dpib06d5mwyhszs6w8xw-libpng-apng-1.6.39/lib]
    arg [-L/nix/store/lm9jab801iavj3f9gjz6vc1fxhvvg2mj-pcre2-10.42/lib] ==> dir [/nix/store/lm9jab801iavj3f9gjz6vc1fxhvvg2mj-pcre2-10.42/lib]
    arg [-L/nix/store/x6nnam5hk44mljbk782rcbd92jlnz8r6-pcre-8.45/lib] ==> dir [/nix/store/x6nnam5hk44mljbk782rcbd92jlnz8r6-pcre-8.45/lib]
    arg [-L/nix/store/i1wd03f4gq5l9bbzb8ir2v8aibsbdi47-libproxy-0.4.18/lib] ==> dir [/nix/store/i1wd03f4gq5l9bbzb8ir2v8aibsbdi47-libproxy-0.4.18/lib]
    arg [-L/nix/store/clln53sqbfn8i0z8x0ji3x3fz6zchqml-zstd-1.5.4/lib] ==> dir [/nix/store/clln53sqbfn8i0z8x0ji3x3fz6zchqml-zstd-1.5.4/lib]
    arg [-L/nix/store/4hx2f3kfk824b3b44mhjgpph426lnj42-double-conversion-3.2.1/lib] ==> dir [/nix/store/4hx2f3kfk824b3b44mhjgpph426lnj42-double-conversion-3.2.1/lib]
    arg [-L/nix/store/d9yf24k5n979y1qy03nlj1mnpijhs5rx-libb2-0.98.1/lib] ==> dir [/nix/store/d9yf24k5n979y1qy03nlj1mnpijhs5rx-libb2-0.98.1/lib]
    arg [-L/nix/store/2pai53mrrahl85w7mbypxmplgx6wfqyd-md4c-0.4.8/lib] ==> dir [/nix/store/2pai53mrrahl85w7mbypxmplgx6wfqyd-md4c-0.4.8/lib]
    arg [-L/nix/store/inrxvaqv2zkdhg2v5vhqc0257p92wl2q-expat-2.5.0/lib] ==> dir [/nix/store/inrxvaqv2zkdhg2v5vhqc0257p92wl2q-expat-2.5.0/lib]
    arg [-L/nix/store/q36hdg6hw9vlls7abq0y08gksqr2m2z2-dbus-1.14.4-lib/lib] ==> dir [/nix/store/q36hdg6hw9vlls7abq0y08gksqr2m2z2-dbus-1.14.4-lib/lib]
    arg [-L/nix/store/m0fsvgc5hrn3yjwsl9fvj5m6pyjk2il2-libffi-3.4.4/lib] ==> dir [/nix/store/m0fsvgc5hrn3yjwsl9fvj5m6pyjk2il2-libffi-3.4.4/lib]
    arg [-L/nix/store/ik1vzp6bfwjxxg0cdcbmyl17yzn8idd4-gettext-0.21/lib] ==> dir [/nix/store/ik1vzp6bfwjxxg0cdcbmyl17yzn8idd4-gettext-0.21/lib]
    arg [-L/nix/store/rcwsvm3zmcpwl71b7r5f9ql599hw6f2b-glib-2.74.5/lib] ==> dir [/nix/store/rcwsvm3zmcpwl71b7r5f9ql599hw6f2b-glib-2.74.5/lib]
    arg [-L/nix/store/lfpcn90d6fwckk3ysihijfy2z5wsi7da-sqlite-connector-odbc-0.9993/lib] ==> dir [/nix/store/lfpcn90d6fwckk3ysihijfy2z5wsi7da-sqlite-connector-odbc-0.9993/lib]
    arg [-L/nix/store/kp51yj0jwdi2b7f8i93ici4c5z0x7bn3-systemd-252.5/lib] ==> dir [/nix/store/kp51yj0jwdi2b7f8i93ici4c5z0x7bn3-systemd-252.5/lib]
    arg [-L/nix/store/b9ihpihmhnain100fjfd008nzf9ha6xj-util-linux-2.38.1-lib/lib] ==> dir [/nix/store/b9ihpihmhnain100fjfd008nzf9ha6xj-util-linux-2.38.1-lib/lib]
    arg [-L/nix/store/xj6h98v3mjiqmwqv6zbw51xd3lgzdz7p-mtdev-1.1.6/lib] ==> dir [/nix/store/xj6h98v3mjiqmwqv6zbw51xd3lgzdz7p-mtdev-1.1.6/lib]
    arg [-L/nix/store/zmqdq7fj6h273kxz969wr3h7g1jhzgz4-lksctp-tools-1.0.17/lib] ==> dir [/nix/store/zmqdq7fj6h273kxz969wr3h7g1jhzgz4-lksctp-tools-1.0.17/lib]
    arg [-L/nix/store/gqlj2nh329ymrawhlrhhd3wx9h5nwi38-libselinux-3.3/lib] ==> dir [/nix/store/gqlj2nh329ymrawhlrhhd3wx9h5nwi38-libselinux-3.3/lib]
    arg [-L/nix/store/i4dbdvj0qdbglgqpa04xx8gs564n8953-libsepol-3.3/lib] ==> dir [/nix/store/i4dbdvj0qdbglgqpa04xx8gs564n8953-libsepol-3.3/lib]
    arg [-L/nix/store/0hhi25jwagxm00kjwmh2zl395cgfdrfh-liburcu-0.13.2/lib] ==> dir [/nix/store/0hhi25jwagxm00kjwmh2zl395cgfdrfh-liburcu-0.13.2/lib]
    arg [-L/nix/store/jqvbspi73y5il9p4mmrf7bnnjvpf4r80-lttng-ust-2.13.1/lib] ==> dir [/nix/store/jqvbspi73y5il9p4mmrf7bnnjvpf4r80-lttng-ust-2.13.1/lib]
    arg [-L/nix/store/izbwynagva4wx96ghpczpcs5v0d82xix-vulkan-loader-1.3.239.0/lib] ==> dir [/nix/store/izbwynagva4wx96ghpczpcs5v0d82xix-vulkan-loader-1.3.239.0/lib]
    arg [-L/nix/store/cbj48b5jcdhwmvn282gg3wkrnfvqcn0v-libthai-0.1.29/lib] ==> dir [/nix/store/cbj48b5jcdhwmvn282gg3wkrnfvqcn0v-libthai-0.1.29/lib]
    arg [-L/nix/store/fp76f9kiv3mwh2h87lhmxcp173gi49jd-libdrm-2.4.114/lib] ==> dir [/nix/store/fp76f9kiv3mwh2h87lhmxcp173gi49jd-libdrm-2.4.114/lib]
    arg [-L/nix/store/4kz52y95zfn9l8pbn8f5jw1w61lgn0js-libdatrie-2019-12-20-lib/lib] ==> dir [/nix/store/4kz52y95zfn9l8pbn8f5jw1w61lgn0js-libdatrie-2019-12-20-lib/lib]
    arg [-L/nix/store/k0yrr5yq9yghbvvfv0qkblyia576kg4f-bzip2-1.0.8/lib] ==> dir [/nix/store/k0yrr5yq9yghbvvfv0qkblyia576kg4f-bzip2-1.0.8/lib]
    arg [-L/nix/store/6ahs2w409ysgvz4r0k1g0kypf6k3iwps-brotli-1.0.9-lib/lib] ==> dir [/nix/store/6ahs2w409ysgvz4r0k1g0kypf6k3iwps-brotli-1.0.9-lib/lib]
    arg [-L/nix/store/2jq0rdhc7wb8fj0q82whsj9p50sdmvcv-freetype-2.12.1/lib] ==> dir [/nix/store/2jq0rdhc7wb8fj0q82whsj9p50sdmvcv-freetype-2.12.1/lib]
    arg [-L/nix/store/mv56qyvfin02c96mxrdh60p3c0j05dvn-fontconfig-2.14.0-lib/lib] ==> dir [/nix/store/mv56qyvfin02c96mxrdh60p3c0j05dvn-fontconfig-2.14.0-lib/lib]
    arg [-L/nix/store/cnkr9byk03mz454yzx48jkyy0c2rlfjz-libxcb-1.14/lib] ==> dir [/nix/store/cnkr9byk03mz454yzx48jkyy0c2rlfjz-libxcb-1.14/lib]
    arg [-L/nix/store/y0ym7qckhfldadc4wbwv0hs7765v10rd-libX11-1.8.4/lib] ==> dir [/nix/store/y0ym7qckhfldadc4wbwv0hs7765v10rd-libX11-1.8.4/lib]
    arg [-L/nix/store/zd5rypkk2h639y4ym6qc3l65dpka3ycc-libXfixes-6.0.0/lib] ==> dir [/nix/store/zd5rypkk2h639y4ym6qc3l65dpka3ycc-libXfixes-6.0.0/lib]
    arg [-L/nix/store/8b686hlck6jkpxm9yx3n755cmqvcnhni-libXcomposite-0.4.5/lib] ==> dir [/nix/store/8b686hlck6jkpxm9yx3n755cmqvcnhni-libXcomposite-0.4.5/lib]
    arg [-L/nix/store/qnwa2z8b9y76almh1mpp1iwnwdvrzxbj-libXau-1.0.9/lib] ==> dir [/nix/store/qnwa2z8b9y76almh1mpp1iwnwdvrzxbj-libXau-1.0.9/lib]
    arg [-L/nix/store/qgg9iiyrp9s1cja2h9cblb9cjyy65ssz-libXext-1.3.4/lib] ==> dir [/nix/store/qgg9iiyrp9s1cja2h9cblb9cjyy65ssz-libXext-1.3.4/lib]
    arg [-L/nix/store/kmbps8nyg8nhnwdbcpxkbn5mmcdal5hp-libXi-1.8/lib] ==> dir [/nix/store/kmbps8nyg8nhnwdbcpxkbn5mmcdal5hp-libXi-1.8/lib]
    arg [-L/nix/store/dg1irgbmn4znzbbw2yyc99bh85a1ll3n-libXrender-0.9.10/lib] ==> dir [/nix/store/dg1irgbmn4znzbbw2yyc99bh85a1ll3n-libXrender-0.9.10/lib]
    arg [-L/nix/store/03bcgkqn4hsf2l2n0ny5xx2c1z0ga6gy-libxkbcommon-1.5.0/lib] ==> dir [/nix/store/03bcgkqn4hsf2l2n0ny5xx2c1z0ga6gy-libxkbcommon-1.5.0/lib]
    arg [-L/nix/store/96azvh5x19v03hz2a7ic90gs9h59kkzq-xcb-util-0.4.0/lib] ==> dir [/nix/store/96azvh5x19v03hz2a7ic90gs9h59kkzq-xcb-util-0.4.0/lib]
    arg [-L/nix/store/xd9vz5ar0kr7fbiibqqykfcczvdd56rc-xcb-util-image-0.4.0/lib] ==> dir [/nix/store/xd9vz5ar0kr7fbiibqqykfcczvdd56rc-xcb-util-image-0.4.0/lib]
    arg [-L/nix/store/hk1dsk9bim336dhb78nxxcnz8c20ys9c-xcb-util-keysyms-0.4.0/lib] ==> dir [/nix/store/hk1dsk9bim336dhb78nxxcnz8c20ys9c-xcb-util-keysyms-0.4.0/lib]
    arg [-L/nix/store/6p4yljw6hwnh9jbl29nq9vyrfysyjb8z-xcb-util-renderutil-0.3.9/lib] ==> dir [/nix/store/6p4yljw6hwnh9jbl29nq9vyrfysyjb8z-xcb-util-renderutil-0.3.9/lib]
    arg [-L/nix/store/nf595y3dfgyq0wvmwnqq380xmbhjjiin-xcb-util-wm-0.4.1/lib] ==> dir [/nix/store/nf595y3dfgyq0wvmwnqq380xmbhjjiin-xcb-util-wm-0.4.1/lib]
    arg [-L/nix/store/3bhillndvhi9pvdkr4bb145170s7h7lz-libXdmcp-1.1.3/lib] ==> dir [/nix/store/3bhillndvhi9pvdkr4bb145170s7h7lz-libXdmcp-1.1.3/lib]
    arg [-L/nix/store/75jd6r549krqxk1iq5cl4slrr4vci11n-libXtst-1.2.3/lib] ==> dir [/nix/store/75jd6r549krqxk1iq5cl4slrr4vci11n-libXtst-1.2.3/lib]
    arg [-L/nix/store/m5ygz6nz3lxav4cswsgdrfga1lfkcrbr-xcb-util-cursor-0.1.3/lib] ==> dir [/nix/store/m5ygz6nz3lxav4cswsgdrfga1lfkcrbr-xcb-util-cursor-0.1.3/lib]
    arg [-L/nix/store/3w5sakz3znb378b7wlfbr7bss3myhdi3-libepoxy-1.5.10/lib] ==> dir [/nix/store/3w5sakz3znb378b7wlfbr7bss3myhdi3-libepoxy-1.5.10/lib]
    arg [-L/nix/store/srnnb3xqzcn0afbc1sg2f3kahdbqp0hb-libGL-1.6.0/lib] ==> dir [/nix/store/srnnb3xqzcn0afbc1sg2f3kahdbqp0hb-libGL-1.6.0/lib]
    arg [-L/nix/store/yl6ggfn054z9brd4rlzifn3zpiardjz2-libglvnd-1.6.0/lib] ==> dir [/nix/store/yl6ggfn054z9brd4rlzifn3zpiardjz2-libglvnd-1.6.0/lib]
    arg [-L/nix/store/baz8lrsrakrl0jdlz89hvbqv8mgvcqk9-qtbase-6.4.2/lib] ==> dir [/nix/store/baz8lrsrakrl0jdlz89hvbqv8mgvcqk9-qtbase-6.4.2/lib]
    arg [-L/nix/store/6dm5g796frdb2k7rqb0nyzm4s76gd3p9-qtsvg-6.4.2/lib] ==> dir [/nix/store/6dm5g796frdb2k7rqb0nyzm4s76gd3p9-qtsvg-6.4.2/lib]
    arg [-L/nix/store/0bb16bnqa4raz3b8d0fayj25bcs131g3-qtshadertools-6.4.2/lib] ==> dir [/nix/store/0bb16bnqa4raz3b8d0fayj25bcs131g3-qtshadertools-6.4.2/lib]
    arg [-L/nix/store/iw1vmh509hcbby8dbpsaanbri4zsq7dj-python3-3.10.10/lib] ==> dir [/nix/store/iw1vmh509hcbby8dbpsaanbri4zsq7dj-python3-3.10.10/lib]
    arg [-L/nix/store/4y8vjpf6qb8z43x99pc48yjbpdg1gb81-qtdeclarative-6.4.2/lib] ==> dir [/nix/store/4y8vjpf6qb8z43x99pc48yjbpdg1gb81-qtdeclarative-6.4.2/lib]
    arg [-L/nix/store/zvw6fflmybm80k4arxmmpdyzf7gn1msb-qt5compat-6.4.2/lib] ==> dir [/nix/store/zvw6fflmybm80k4arxmmpdyzf7gn1msb-qt5compat-6.4.2/lib]
    arg [-L/nix/store/61imhlw6qszhcwmmiwxqdf72kn5fz2y5-quazip-1.3/lib] ==> dir [/nix/store/61imhlw6qszhcwmmiwxqdf72kn5fz2y5-quazip-1.3/lib]
    arg [-L/nix/store/5ymj2l7wacvb1b154v5mhlhng406ds0k-tomlplusplus-3.3.0/lib] ==> dir [/nix/store/5ymj2l7wacvb1b154v5mhlhng406ds0k-tomlplusplus-3.3.0/lib]
    arg [-L/nix/store/dkbq5hvylsc0d76lgmwyx4jm2pld63sl-cmark-0.30.3/lib] ==> dir [/nix/store/dkbq5hvylsc0d76lgmwyx4jm2pld63sl-cmark-0.30.3/lib]
    arg [-L/nix/store/4bmh1h8dn0k0s8bydmb1syk8cfsmgxb6-qtwayland-6.4.2/lib] ==> dir [/nix/store/4bmh1h8dn0k0s8bydmb1syk8cfsmgxb6-qtwayland-6.4.2/lib]
    arg [-L/nix/store/zihzfhfq28wp1yzx86dp1q4zccai745r-gamemode-1.7-lib/lib] ==> dir [/nix/store/zihzfhfq28wp1yzx86dp1q4zccai745r-gamemode-1.7-lib/lib]
    arg [-L/nix/store/va9r2bdg56jc6qizpm6dyb97lnxfrhsy-file-5.44/lib] ==> dir [/nix/store/va9r2bdg56jc6qizpm6dyb97lnxfrhsy-file-5.44/lib]
    arg [-L/nix/store/mg9l7phyhvi16p9g8g3g8fbyj4mr79gq-zlib-1.2.13/lib] ==> dir [/nix/store/mg9l7phyhvi16p9g8g3g8fbyj4mr79gq-zlib-1.2.13/lib]
    arg [-L/nix/store/hmh8yakhrp3r95b7r085m4xnzp8crz3b-libxml2-2.10.3/lib] ==> dir [/nix/store/hmh8yakhrp3r95b7r085m4xnzp8crz3b-libxml2-2.10.3/lib]
    arg [-L/nix/store/8ilmxyjyn4fn3ll7s19shppp7izswp2c-libxslt-1.1.37/lib] ==> dir [/nix/store/8ilmxyjyn4fn3ll7s19shppp7izswp2c-libxslt-1.1.37/lib]
    arg [-L/nix/store/5438qhyypn1kbdnm4312v8db4mkapwhl-openssl-3.0.8/lib] ==> dir [/nix/store/5438qhyypn1kbdnm4312v8db4mkapwhl-openssl-3.0.8/lib]
    arg [-L/nix/store/c651qa8kqilglkx8fhxz0ibc4yfndlm8-sqlite-3.40.1/lib] ==> dir [/nix/store/c651qa8kqilglkx8fhxz0ibc4yfndlm8-sqlite-3.40.1/lib]
    arg [-L/nix/store/ci7r8mfkdg1b4wgawp6fff6ba6vyf33r-unixODBC-2.3.11/lib] ==> dir [/nix/store/ci7r8mfkdg1b4wgawp6fff6ba6vyf33r-unixODBC-2.3.11/lib]
    arg [-L/nix/store/vgasd5zjsvdvq3w7ik13sfyyj1n0m5v7-graphite2-1.3.14/lib] ==> dir [/nix/store/vgasd5zjsvdvq3w7ik13sfyyj1n0m5v7-graphite2-1.3.14/lib]
    arg [-L/nix/store/09yg78bcs6vibbk7py1k1l9qf1im9lwj-harfbuzz-7.0.0/lib] ==> dir [/nix/store/09yg78bcs6vibbk7py1k1l9qf1im9lwj-harfbuzz-7.0.0/lib]
    arg [-L/nix/store/jbsbrpz89j9sbk0shpqvk5jy3fddkffq-icu4c-72.1/lib] ==> dir [/nix/store/jbsbrpz89j9sbk0shpqvk5jy3fddkffq-icu4c-72.1/lib]
    arg [-L/nix/store/rvv0110i3pg28vrhadhi1qfmhpgj1azy-libjpeg-turbo-2.1.4/lib] ==> dir [/nix/store/rvv0110i3pg28vrhadhi1qfmhpgj1azy-libjpeg-turbo-2.1.4/lib]
    arg [-L/nix/store/idx4lcdd1p91dpib06d5mwyhszs6w8xw-libpng-apng-1.6.39/lib] ==> dir [/nix/store/idx4lcdd1p91dpib06d5mwyhszs6w8xw-libpng-apng-1.6.39/lib]
    arg [-L/nix/store/lm9jab801iavj3f9gjz6vc1fxhvvg2mj-pcre2-10.42/lib] ==> dir [/nix/store/lm9jab801iavj3f9gjz6vc1fxhvvg2mj-pcre2-10.42/lib]
    arg [-L/nix/store/x6nnam5hk44mljbk782rcbd92jlnz8r6-pcre-8.45/lib] ==> dir [/nix/store/x6nnam5hk44mljbk782rcbd92jlnz8r6-pcre-8.45/lib]
    arg [-L/nix/store/i1wd03f4gq5l9bbzb8ir2v8aibsbdi47-libproxy-0.4.18/lib] ==> dir [/nix/store/i1wd03f4gq5l9bbzb8ir2v8aibsbdi47-libproxy-0.4.18/lib]
    arg [-L/nix/store/clln53sqbfn8i0z8x0ji3x3fz6zchqml-zstd-1.5.4/lib] ==> dir [/nix/store/clln53sqbfn8i0z8x0ji3x3fz6zchqml-zstd-1.5.4/lib]
    arg [-L/nix/store/4hx2f3kfk824b3b44mhjgpph426lnj42-double-conversion-3.2.1/lib] ==> dir [/nix/store/4hx2f3kfk824b3b44mhjgpph426lnj42-double-conversion-3.2.1/lib]
    arg [-L/nix/store/d9yf24k5n979y1qy03nlj1mnpijhs5rx-libb2-0.98.1/lib] ==> dir [/nix/store/d9yf24k5n979y1qy03nlj1mnpijhs5rx-libb2-0.98.1/lib]
    arg [-L/nix/store/2pai53mrrahl85w7mbypxmplgx6wfqyd-md4c-0.4.8/lib] ==> dir [/nix/store/2pai53mrrahl85w7mbypxmplgx6wfqyd-md4c-0.4.8/lib]
    arg [-L/nix/store/inrxvaqv2zkdhg2v5vhqc0257p92wl2q-expat-2.5.0/lib] ==> dir [/nix/store/inrxvaqv2zkdhg2v5vhqc0257p92wl2q-expat-2.5.0/lib]
    arg [-L/nix/store/q36hdg6hw9vlls7abq0y08gksqr2m2z2-dbus-1.14.4-lib/lib] ==> dir [/nix/store/q36hdg6hw9vlls7abq0y08gksqr2m2z2-dbus-1.14.4-lib/lib]
    arg [-L/nix/store/m0fsvgc5hrn3yjwsl9fvj5m6pyjk2il2-libffi-3.4.4/lib] ==> dir [/nix/store/m0fsvgc5hrn3yjwsl9fvj5m6pyjk2il2-libffi-3.4.4/lib]
    arg [-L/nix/store/ik1vzp6bfwjxxg0cdcbmyl17yzn8idd4-gettext-0.21/lib] ==> dir [/nix/store/ik1vzp6bfwjxxg0cdcbmyl17yzn8idd4-gettext-0.21/lib]
    arg [-L/nix/store/rcwsvm3zmcpwl71b7r5f9ql599hw6f2b-glib-2.74.5/lib] ==> dir [/nix/store/rcwsvm3zmcpwl71b7r5f9ql599hw6f2b-glib-2.74.5/lib]
    arg [-L/nix/store/lfpcn90d6fwckk3ysihijfy2z5wsi7da-sqlite-connector-odbc-0.9993/lib] ==> dir [/nix/store/lfpcn90d6fwckk3ysihijfy2z5wsi7da-sqlite-connector-odbc-0.9993/lib]
    arg [-L/nix/store/kp51yj0jwdi2b7f8i93ici4c5z0x7bn3-systemd-252.5/lib] ==> dir [/nix/store/kp51yj0jwdi2b7f8i93ici4c5z0x7bn3-systemd-252.5/lib]
    arg [-L/nix/store/b9ihpihmhnain100fjfd008nzf9ha6xj-util-linux-2.38.1-lib/lib] ==> dir [/nix/store/b9ihpihmhnain100fjfd008nzf9ha6xj-util-linux-2.38.1-lib/lib]
    arg [-L/nix/store/xj6h98v3mjiqmwqv6zbw51xd3lgzdz7p-mtdev-1.1.6/lib] ==> dir [/nix/store/xj6h98v3mjiqmwqv6zbw51xd3lgzdz7p-mtdev-1.1.6/lib]
    arg [-L/nix/store/zmqdq7fj6h273kxz969wr3h7g1jhzgz4-lksctp-tools-1.0.17/lib] ==> dir [/nix/store/zmqdq7fj6h273kxz969wr3h7g1jhzgz4-lksctp-tools-1.0.17/lib]
    arg [-L/nix/store/gqlj2nh329ymrawhlrhhd3wx9h5nwi38-libselinux-3.3/lib] ==> dir [/nix/store/gqlj2nh329ymrawhlrhhd3wx9h5nwi38-libselinux-3.3/lib]
    arg [-L/nix/store/i4dbdvj0qdbglgqpa04xx8gs564n8953-libsepol-3.3/lib] ==> dir [/nix/store/i4dbdvj0qdbglgqpa04xx8gs564n8953-libsepol-3.3/lib]
    arg [-L/nix/store/0hhi25jwagxm00kjwmh2zl395cgfdrfh-liburcu-0.13.2/lib] ==> dir [/nix/store/0hhi25jwagxm00kjwmh2zl395cgfdrfh-liburcu-0.13.2/lib]
    arg [-L/nix/store/jqvbspi73y5il9p4mmrf7bnnjvpf4r80-lttng-ust-2.13.1/lib] ==> dir [/nix/store/jqvbspi73y5il9p4mmrf7bnnjvpf4r80-lttng-ust-2.13.1/lib]
    arg [-L/nix/store/izbwynagva4wx96ghpczpcs5v0d82xix-vulkan-loader-1.3.239.0/lib] ==> dir [/nix/store/izbwynagva4wx96ghpczpcs5v0d82xix-vulkan-loader-1.3.239.0/lib]
    arg [-L/nix/store/cbj48b5jcdhwmvn282gg3wkrnfvqcn0v-libthai-0.1.29/lib] ==> dir [/nix/store/cbj48b5jcdhwmvn282gg3wkrnfvqcn0v-libthai-0.1.29/lib]
    arg [-L/nix/store/fp76f9kiv3mwh2h87lhmxcp173gi49jd-libdrm-2.4.114/lib] ==> dir [/nix/store/fp76f9kiv3mwh2h87lhmxcp173gi49jd-libdrm-2.4.114/lib]
    arg [-L/nix/store/4kz52y95zfn9l8pbn8f5jw1w61lgn0js-libdatrie-2019-12-20-lib/lib] ==> dir [/nix/store/4kz52y95zfn9l8pbn8f5jw1w61lgn0js-libdatrie-2019-12-20-lib/lib]
    arg [-L/nix/store/k0yrr5yq9yghbvvfv0qkblyia576kg4f-bzip2-1.0.8/lib] ==> dir [/nix/store/k0yrr5yq9yghbvvfv0qkblyia576kg4f-bzip2-1.0.8/lib]
    arg [-L/nix/store/6ahs2w409ysgvz4r0k1g0kypf6k3iwps-brotli-1.0.9-lib/lib] ==> dir [/nix/store/6ahs2w409ysgvz4r0k1g0kypf6k3iwps-brotli-1.0.9-lib/lib]
    arg [-L/nix/store/2jq0rdhc7wb8fj0q82whsj9p50sdmvcv-freetype-2.12.1/lib] ==> dir [/nix/store/2jq0rdhc7wb8fj0q82whsj9p50sdmvcv-freetype-2.12.1/lib]
    arg [-L/nix/store/mv56qyvfin02c96mxrdh60p3c0j05dvn-fontconfig-2.14.0-lib/lib] ==> dir [/nix/store/mv56qyvfin02c96mxrdh60p3c0j05dvn-fontconfig-2.14.0-lib/lib]
    arg [-L/nix/store/cnkr9byk03mz454yzx48jkyy0c2rlfjz-libxcb-1.14/lib] ==> dir [/nix/store/cnkr9byk03mz454yzx48jkyy0c2rlfjz-libxcb-1.14/lib]
    arg [-L/nix/store/y0ym7qckhfldadc4wbwv0hs7765v10rd-libX11-1.8.4/lib] ==> dir [/nix/store/y0ym7qckhfldadc4wbwv0hs7765v10rd-libX11-1.8.4/lib]
    arg [-L/nix/store/zd5rypkk2h639y4ym6qc3l65dpka3ycc-libXfixes-6.0.0/lib] ==> dir [/nix/store/zd5rypkk2h639y4ym6qc3l65dpka3ycc-libXfixes-6.0.0/lib]
    arg [-L/nix/store/8b686hlck6jkpxm9yx3n755cmqvcnhni-libXcomposite-0.4.5/lib] ==> dir [/nix/store/8b686hlck6jkpxm9yx3n755cmqvcnhni-libXcomposite-0.4.5/lib]
    arg [-L/nix/store/qnwa2z8b9y76almh1mpp1iwnwdvrzxbj-libXau-1.0.9/lib] ==> dir [/nix/store/qnwa2z8b9y76almh1mpp1iwnwdvrzxbj-libXau-1.0.9/lib]
    arg [-L/nix/store/qgg9iiyrp9s1cja2h9cblb9cjyy65ssz-libXext-1.3.4/lib] ==> dir [/nix/store/qgg9iiyrp9s1cja2h9cblb9cjyy65ssz-libXext-1.3.4/lib]
    arg [-L/nix/store/kmbps8nyg8nhnwdbcpxkbn5mmcdal5hp-libXi-1.8/lib] ==> dir [/nix/store/kmbps8nyg8nhnwdbcpxkbn5mmcdal5hp-libXi-1.8/lib]
    arg [-L/nix/store/dg1irgbmn4znzbbw2yyc99bh85a1ll3n-libXrender-0.9.10/lib] ==> dir [/nix/store/dg1irgbmn4znzbbw2yyc99bh85a1ll3n-libXrender-0.9.10/lib]
    arg [-L/nix/store/03bcgkqn4hsf2l2n0ny5xx2c1z0ga6gy-libxkbcommon-1.5.0/lib] ==> dir [/nix/store/03bcgkqn4hsf2l2n0ny5xx2c1z0ga6gy-libxkbcommon-1.5.0/lib]
    arg [-L/nix/store/96azvh5x19v03hz2a7ic90gs9h59kkzq-xcb-util-0.4.0/lib] ==> dir [/nix/store/96azvh5x19v03hz2a7ic90gs9h59kkzq-xcb-util-0.4.0/lib]
    arg [-L/nix/store/xd9vz5ar0kr7fbiibqqykfcczvdd56rc-xcb-util-image-0.4.0/lib] ==> dir [/nix/store/xd9vz5ar0kr7fbiibqqykfcczvdd56rc-xcb-util-image-0.4.0/lib]
    arg [-L/nix/store/hk1dsk9bim336dhb78nxxcnz8c20ys9c-xcb-util-keysyms-0.4.0/lib] ==> dir [/nix/store/hk1dsk9bim336dhb78nxxcnz8c20ys9c-xcb-util-keysyms-0.4.0/lib]
    arg [-L/nix/store/6p4yljw6hwnh9jbl29nq9vyrfysyjb8z-xcb-util-renderutil-0.3.9/lib] ==> dir [/nix/store/6p4yljw6hwnh9jbl29nq9vyrfysyjb8z-xcb-util-renderutil-0.3.9/lib]
    arg [-L/nix/store/nf595y3dfgyq0wvmwnqq380xmbhjjiin-xcb-util-wm-0.4.1/lib] ==> dir [/nix/store/nf595y3dfgyq0wvmwnqq380xmbhjjiin-xcb-util-wm-0.4.1/lib]
    arg [-L/nix/store/3bhillndvhi9pvdkr4bb145170s7h7lz-libXdmcp-1.1.3/lib] ==> dir [/nix/store/3bhillndvhi9pvdkr4bb145170s7h7lz-libXdmcp-1.1.3/lib]
    arg [-L/nix/store/75jd6r549krqxk1iq5cl4slrr4vci11n-libXtst-1.2.3/lib] ==> dir [/nix/store/75jd6r549krqxk1iq5cl4slrr4vci11n-libXtst-1.2.3/lib]
    arg [-L/nix/store/m5ygz6nz3lxav4cswsgdrfga1lfkcrbr-xcb-util-cursor-0.1.3/lib] ==> dir [/nix/store/m5ygz6nz3lxav4cswsgdrfga1lfkcrbr-xcb-util-cursor-0.1.3/lib]
    arg [-L/nix/store/3w5sakz3znb378b7wlfbr7bss3myhdi3-libepoxy-1.5.10/lib] ==> dir [/nix/store/3w5sakz3znb378b7wlfbr7bss3myhdi3-libepoxy-1.5.10/lib]
    arg [-L/nix/store/srnnb3xqzcn0afbc1sg2f3kahdbqp0hb-libGL-1.6.0/lib] ==> dir [/nix/store/srnnb3xqzcn0afbc1sg2f3kahdbqp0hb-libGL-1.6.0/lib]
    arg [-L/nix/store/yl6ggfn054z9brd4rlzifn3zpiardjz2-libglvnd-1.6.0/lib] ==> dir [/nix/store/yl6ggfn054z9brd4rlzifn3zpiardjz2-libglvnd-1.6.0/lib]
    arg [-L/nix/store/baz8lrsrakrl0jdlz89hvbqv8mgvcqk9-qtbase-6.4.2/lib] ==> dir [/nix/store/baz8lrsrakrl0jdlz89hvbqv8mgvcqk9-qtbase-6.4.2/lib]
    arg [-L/nix/store/6dm5g796frdb2k7rqb0nyzm4s76gd3p9-qtsvg-6.4.2/lib] ==> dir [/nix/store/6dm5g796frdb2k7rqb0nyzm4s76gd3p9-qtsvg-6.4.2/lib]
    arg [-L/nix/store/0bb16bnqa4raz3b8d0fayj25bcs131g3-qtshadertools-6.4.2/lib] ==> dir [/nix/store/0bb16bnqa4raz3b8d0fayj25bcs131g3-qtshadertools-6.4.2/lib]
    arg [-L/nix/store/iw1vmh509hcbby8dbpsaanbri4zsq7dj-python3-3.10.10/lib] ==> dir [/nix/store/iw1vmh509hcbby8dbpsaanbri4zsq7dj-python3-3.10.10/lib]
    arg [-L/nix/store/4y8vjpf6qb8z43x99pc48yjbpdg1gb81-qtdeclarative-6.4.2/lib] ==> dir [/nix/store/4y8vjpf6qb8z43x99pc48yjbpdg1gb81-qtdeclarative-6.4.2/lib]
    arg [-L/nix/store/zvw6fflmybm80k4arxmmpdyzf7gn1msb-qt5compat-6.4.2/lib] ==> dir [/nix/store/zvw6fflmybm80k4arxmmpdyzf7gn1msb-qt5compat-6.4.2/lib]
    arg [-L/nix/store/61imhlw6qszhcwmmiwxqdf72kn5fz2y5-quazip-1.3/lib] ==> dir [/nix/store/61imhlw6qszhcwmmiwxqdf72kn5fz2y5-quazip-1.3/lib]
    arg [-L/nix/store/5ymj2l7wacvb1b154v5mhlhng406ds0k-tomlplusplus-3.3.0/lib] ==> dir [/nix/store/5ymj2l7wacvb1b154v5mhlhng406ds0k-tomlplusplus-3.3.0/lib]
    arg [-L/nix/store/dkbq5hvylsc0d76lgmwyx4jm2pld63sl-cmark-0.30.3/lib] ==> dir [/nix/store/dkbq5hvylsc0d76lgmwyx4jm2pld63sl-cmark-0.30.3/lib]
    arg [-L/nix/store/4bmh1h8dn0k0s8bydmb1syk8cfsmgxb6-qtwayland-6.4.2/lib] ==> dir [/nix/store/4bmh1h8dn0k0s8bydmb1syk8cfsmgxb6-qtwayland-6.4.2/lib]
    arg [-L/nix/store/zihzfhfq28wp1yzx86dp1q4zccai745r-gamemode-1.7-lib/lib] ==> dir [/nix/store/zihzfhfq28wp1yzx86dp1q4zccai745r-gamemode-1.7-lib/lib]
    arg [-L/nix/store/76l4v99sk83ylfwkz8wmwrm4s8h73rhd-glibc-2.35-224/lib] ==> dir [/nix/store/76l4v99sk83ylfwkz8wmwrm4s8h73rhd-glibc-2.35-224/lib]
    arg [-L/nix/store/2w4k8nvdyiggz717ygbbxchpnxrqc6y9-gcc-12.2.0-lib/lib] ==> dir [/nix/store/2w4k8nvdyiggz717ygbbxchpnxrqc6y9-gcc-12.2.0-lib/lib]
    arg [-L/nix/store/76l4v99sk83ylfwkz8wmwrm4s8h73rhd-glibc-2.35-224/lib] ==> dir [/nix/store/76l4v99sk83ylfwkz8wmwrm4s8h73rhd-glibc-2.35-224/lib]
    arg [-L/nix/store/2w4k8nvdyiggz717ygbbxchpnxrqc6y9-gcc-12.2.0-lib/lib] ==> dir [/nix/store/2w4k8nvdyiggz717ygbbxchpnxrqc6y9-gcc-12.2.0-lib/lib]
    arg [-L/nix/store/bfbp3ypd9nm3fapz634gvvs738blrl0y-gcc-wrapper-12.2.0/bin] ==> dir [/nix/store/bfbp3ypd9nm3fapz634gvvs738blrl0y-gcc-wrapper-12.2.0/bin]
    arg [-L/nix/store/wx4nsqbssywgx9zkabwgl9sxm5l61ni3-gcc-12.2.0/lib/gcc/x86_64-unknown-linux-gnu/12.2.0] ==> dir [/nix/store/wx4nsqbssywgx9zkabwgl9sxm5l61ni3-gcc-12.2.0/lib/gcc/x86_64-unknown-linux-gnu/12.2.0]
    arg [-L/nix/store/wx4nsqbssywgx9zkabwgl9sxm5l61ni3-gcc-12.2.0/lib/gcc/x86_64-unknown-linux-gnu/12.2.0/../../../../lib64] ==> dir [/nix/store/wx4nsqbssywgx9zkabwgl9sxm5l61ni3-gcc-12.2.0/lib/gcc/x86_64-unknown-linux-gnu/12.2.0/../../../../lib64]
    arg [-L/nix/store/wx4nsqbssywgx9zkabwgl9sxm5l61ni3-gcc-12.2.0/lib/gcc/x86_64-unknown-linux-gnu/12.2.0/../../..] ==> dir [/nix/store/wx4nsqbssywgx9zkabwgl9sxm5l61ni3-gcc-12.2.0/lib/gcc/x86_64-unknown-linux-gnu/12.2.0/../../..]
    arg [-dynamic-linker=/nix/store/76l4v99sk83ylfwkz8wmwrm4s8h73rhd-glibc-2.35-224/lib/ld-linux-x86-64.so.2] ==> ignore
    arg [CMakeFiles/cmTC_0878c.dir/CMakeCXXCompilerABI.cpp.o] ==> ignore
    arg [-rpath] ==> ignore
    arg [/workspace/PrismLauncher/outputs/out/lib64] ==> ignore
    arg [-rpath] ==> ignore
    arg [/workspace/PrismLauncher/outputs/out/lib] ==> ignore
    arg [-lstdc++] ==> lib [stdc++]
    arg [-lm] ==> lib [m]
    arg [-lgcc_s] ==> lib [gcc_s]
    arg [-lgcc] ==> lib [gcc]
    arg [-lc] ==> lib [c]
    arg [-lgcc_s] ==> lib [gcc_s]
    arg [-lgcc] ==> lib [gcc]
    arg [/nix/store/wx4nsqbssywgx9zkabwgl9sxm5l61ni3-gcc-12.2.0/lib/gcc/x86_64-unknown-linux-gnu/12.2.0/crtend.o] ==> obj [/nix/store/wx4nsqbssywgx9zkabwgl9sxm5l61ni3-gcc-12.2.0/lib/gcc/x86_64-unknown-linux-gnu/12.2.0/crtend.o]
    arg [/nix/store/76l4v99sk83ylfwkz8wmwrm4s8h73rhd-glibc-2.35-224/lib/crtn.o] ==> obj [/nix/store/76l4v99sk83ylfwkz8wmwrm4s8h73rhd-glibc-2.35-224/lib/crtn.o]
  collapse library dir [/nix/store/va9r2bdg56jc6qizpm6dyb97lnxfrhsy-file-5.44/lib] ==> [/nix/store/va9r2bdg56jc6qizpm6dyb97lnxfrhsy-file-5.44/lib]
  collapse library dir [/nix/store/mg9l7phyhvi16p9g8g3g8fbyj4mr79gq-zlib-1.2.13/lib] ==> [/nix/store/mg9l7phyhvi16p9g8g3g8fbyj4mr79gq-zlib-1.2.13/lib]
  collapse library dir [/nix/store/hmh8yakhrp3r95b7r085m4xnzp8crz3b-libxml2-2.10.3/lib] ==> [/nix/store/hmh8yakhrp3r95b7r085m4xnzp8crz3b-libxml2-2.10.3/lib]
  collapse library dir [/nix/store/8ilmxyjyn4fn3ll7s19shppp7izswp2c-libxslt-1.1.37/lib] ==> [/nix/store/8ilmxyjyn4fn3ll7s19shppp7izswp2c-libxslt-1.1.37/lib]
  collapse library dir [/nix/store/5438qhyypn1kbdnm4312v8db4mkapwhl-openssl-3.0.8/lib] ==> [/nix/store/5438qhyypn1kbdnm4312v8db4mkapwhl-openssl-3.0.8/lib]
  collapse library dir [/nix/store/c651qa8kqilglkx8fhxz0ibc4yfndlm8-sqlite-3.40.1/lib] ==> [/nix/store/c651qa8kqilglkx8fhxz0ibc4yfndlm8-sqlite-3.40.1/lib]
  collapse library dir [/nix/store/ci7r8mfkdg1b4wgawp6fff6ba6vyf33r-unixODBC-2.3.11/lib] ==> [/nix/store/ci7r8mfkdg1b4wgawp6fff6ba6vyf33r-unixODBC-2.3.11/lib]
  collapse library dir [/nix/store/vgasd5zjsvdvq3w7ik13sfyyj1n0m5v7-graphite2-1.3.14/lib] ==> [/nix/store/vgasd5zjsvdvq3w7ik13sfyyj1n0m5v7-graphite2-1.3.14/lib]
  collapse library dir [/nix/store/09yg78bcs6vibbk7py1k1l9qf1im9lwj-harfbuzz-7.0.0/lib] ==> [/nix/store/09yg78bcs6vibbk7py1k1l9qf1im9lwj-harfbuzz-7.0.0/lib]
  collapse library dir [/nix/store/jbsbrpz89j9sbk0shpqvk5jy3fddkffq-icu4c-72.1/lib] ==> [/nix/store/jbsbrpz89j9sbk0shpqvk5jy3fddkffq-icu4c-72.1/lib]
  collapse library dir [/nix/store/rvv0110i3pg28vrhadhi1qfmhpgj1azy-libjpeg-turbo-2.1.4/lib] ==> [/nix/store/rvv0110i3pg28vrhadhi1qfmhpgj1azy-libjpeg-turbo-2.1.4/lib]
  collapse library dir [/nix/store/idx4lcdd1p91dpib06d5mwyhszs6w8xw-libpng-apng-1.6.39/lib] ==> [/nix/store/idx4lcdd1p91dpib06d5mwyhszs6w8xw-libpng-apng-1.6.39/lib]
  collapse library dir [/nix/store/lm9jab801iavj3f9gjz6vc1fxhvvg2mj-pcre2-10.42/lib] ==> [/nix/store/lm9jab801iavj3f9gjz6vc1fxhvvg2mj-pcre2-10.42/lib]
  collapse library dir [/nix/store/x6nnam5hk44mljbk782rcbd92jlnz8r6-pcre-8.45/lib] ==> [/nix/store/x6nnam5hk44mljbk782rcbd92jlnz8r6-pcre-8.45/lib]
  collapse library dir [/nix/store/i1wd03f4gq5l9bbzb8ir2v8aibsbdi47-libproxy-0.4.18/lib] ==> [/nix/store/i1wd03f4gq5l9bbzb8ir2v8aibsbdi47-libproxy-0.4.18/lib]
  collapse library dir [/nix/store/clln53sqbfn8i0z8x0ji3x3fz6zchqml-zstd-1.5.4/lib] ==> [/nix/store/clln53sqbfn8i0z8x0ji3x3fz6zchqml-zstd-1.5.4/lib]
  collapse library dir [/nix/store/4hx2f3kfk824b3b44mhjgpph426lnj42-double-conversion-3.2.1/lib] ==> [/nix/store/4hx2f3kfk824b3b44mhjgpph426lnj42-double-conversion-3.2.1/lib]
  collapse library dir [/nix/store/d9yf24k5n979y1qy03nlj1mnpijhs5rx-libb2-0.98.1/lib] ==> [/nix/store/d9yf24k5n979y1qy03nlj1mnpijhs5rx-libb2-0.98.1/lib]
  collapse library dir [/nix/store/2pai53mrrahl85w7mbypxmplgx6wfqyd-md4c-0.4.8/lib] ==> [/nix/store/2pai53mrrahl85w7mbypxmplgx6wfqyd-md4c-0.4.8/lib]
  collapse library dir [/nix/store/inrxvaqv2zkdhg2v5vhqc0257p92wl2q-expat-2.5.0/lib] ==> [/nix/store/inrxvaqv2zkdhg2v5vhqc0257p92wl2q-expat-2.5.0/lib]
  collapse library dir [/nix/store/q36hdg6hw9vlls7abq0y08gksqr2m2z2-dbus-1.14.4-lib/lib] ==> [/nix/store/q36hdg6hw9vlls7abq0y08gksqr2m2z2-dbus-1.14.4-lib/lib]
  collapse library dir [/nix/store/m0fsvgc5hrn3yjwsl9fvj5m6pyjk2il2-libffi-3.4.4/lib] ==> [/nix/store/m0fsvgc5hrn3yjwsl9fvj5m6pyjk2il2-libffi-3.4.4/lib]
  collapse library dir [/nix/store/ik1vzp6bfwjxxg0cdcbmyl17yzn8idd4-gettext-0.21/lib] ==> [/nix/store/ik1vzp6bfwjxxg0cdcbmyl17yzn8idd4-gettext-0.21/lib]
  collapse library dir [/nix/store/rcwsvm3zmcpwl71b7r5f9ql599hw6f2b-glib-2.74.5/lib] ==> [/nix/store/rcwsvm3zmcpwl71b7r5f9ql599hw6f2b-glib-2.74.5/lib]
  collapse library dir [/nix/store/lfpcn90d6fwckk3ysihijfy2z5wsi7da-sqlite-connector-odbc-0.9993/lib] ==> [/nix/store/lfpcn90d6fwckk3ysihijfy2z5wsi7da-sqlite-connector-odbc-0.9993/lib]
  collapse library dir [/nix/store/kp51yj0jwdi2b7f8i93ici4c5z0x7bn3-systemd-252.5/lib] ==> [/nix/store/kp51yj0jwdi2b7f8i93ici4c5z0x7bn3-systemd-252.5/lib]
  collapse library dir [/nix/store/b9ihpihmhnain100fjfd008nzf9ha6xj-util-linux-2.38.1-lib/lib] ==> [/nix/store/b9ihpihmhnain100fjfd008nzf9ha6xj-util-linux-2.38.1-lib/lib]
  collapse library dir [/nix/store/xj6h98v3mjiqmwqv6zbw51xd3lgzdz7p-mtdev-1.1.6/lib] ==> [/nix/store/xj6h98v3mjiqmwqv6zbw51xd3lgzdz7p-mtdev-1.1.6/lib]
  collapse library dir [/nix/store/zmqdq7fj6h273kxz969wr3h7g1jhzgz4-lksctp-tools-1.0.17/lib] ==> [/nix/store/zmqdq7fj6h273kxz969wr3h7g1jhzgz4-lksctp-tools-1.0.17/lib]
  collapse library dir [/nix/store/gqlj2nh329ymrawhlrhhd3wx9h5nwi38-libselinux-3.3/lib] ==> [/nix/store/gqlj2nh329ymrawhlrhhd3wx9h5nwi38-libselinux-3.3/lib]
  collapse library dir [/nix/store/i4dbdvj0qdbglgqpa04xx8gs564n8953-libsepol-3.3/lib] ==> [/nix/store/i4dbdvj0qdbglgqpa04xx8gs564n8953-libsepol-3.3/lib]
  collapse library dir [/nix/store/0hhi25jwagxm00kjwmh2zl395cgfdrfh-liburcu-0.13.2/lib] ==> [/nix/store/0hhi25jwagxm00kjwmh2zl395cgfdrfh-liburcu-0.13.2/lib]
  collapse library dir [/nix/store/jqvbspi73y5il9p4mmrf7bnnjvpf4r80-lttng-ust-2.13.1/lib] ==> [/nix/store/jqvbspi73y5il9p4mmrf7bnnjvpf4r80-lttng-ust-2.13.1/lib]
  collapse library dir [/nix/store/izbwynagva4wx96ghpczpcs5v0d82xix-vulkan-loader-1.3.239.0/lib] ==> [/nix/store/izbwynagva4wx96ghpczpcs5v0d82xix-vulkan-loader-1.3.239.0/lib]
  collapse library dir [/nix/store/cbj48b5jcdhwmvn282gg3wkrnfvqcn0v-libthai-0.1.29/lib] ==> [/nix/store/cbj48b5jcdhwmvn282gg3wkrnfvqcn0v-libthai-0.1.29/lib]
  collapse library dir [/nix/store/fp76f9kiv3mwh2h87lhmxcp173gi49jd-libdrm-2.4.114/lib] ==> [/nix/store/fp76f9kiv3mwh2h87lhmxcp173gi49jd-libdrm-2.4.114/lib]
  collapse library dir [/nix/store/4kz52y95zfn9l8pbn8f5jw1w61lgn0js-libdatrie-2019-12-20-lib/lib] ==> [/nix/store/4kz52y95zfn9l8pbn8f5jw1w61lgn0js-libdatrie-2019-12-20-lib/lib]
  collapse library dir [/nix/store/k0yrr5yq9yghbvvfv0qkblyia576kg4f-bzip2-1.0.8/lib] ==> [/nix/store/k0yrr5yq9yghbvvfv0qkblyia576kg4f-bzip2-1.0.8/lib]
  collapse library dir [/nix/store/6ahs2w409ysgvz4r0k1g0kypf6k3iwps-brotli-1.0.9-lib/lib] ==> [/nix/store/6ahs2w409ysgvz4r0k1g0kypf6k3iwps-brotli-1.0.9-lib/lib]
  collapse library dir [/nix/store/2jq0rdhc7wb8fj0q82whsj9p50sdmvcv-freetype-2.12.1/lib] ==> [/nix/store/2jq0rdhc7wb8fj0q82whsj9p50sdmvcv-freetype-2.12.1/lib]
  collapse library dir [/nix/store/mv56qyvfin02c96mxrdh60p3c0j05dvn-fontconfig-2.14.0-lib/lib] ==> [/nix/store/mv56qyvfin02c96mxrdh60p3c0j05dvn-fontconfig-2.14.0-lib/lib]
  collapse library dir [/nix/store/cnkr9byk03mz454yzx48jkyy0c2rlfjz-libxcb-1.14/lib] ==> [/nix/store/cnkr9byk03mz454yzx48jkyy0c2rlfjz-libxcb-1.14/lib]
  collapse library dir [/nix/store/y0ym7qckhfldadc4wbwv0hs7765v10rd-libX11-1.8.4/lib] ==> [/nix/store/y0ym7qckhfldadc4wbwv0hs7765v10rd-libX11-1.8.4/lib]
  collapse library dir [/nix/store/zd5rypkk2h639y4ym6qc3l65dpka3ycc-libXfixes-6.0.0/lib] ==> [/nix/store/zd5rypkk2h639y4ym6qc3l65dpka3ycc-libXfixes-6.0.0/lib]
  collapse library dir [/nix/store/8b686hlck6jkpxm9yx3n755cmqvcnhni-libXcomposite-0.4.5/lib] ==> [/nix/store/8b686hlck6jkpxm9yx3n755cmqvcnhni-libXcomposite-0.4.5/lib]
  collapse library dir [/nix/store/qnwa2z8b9y76almh1mpp1iwnwdvrzxbj-libXau-1.0.9/lib] ==> [/nix/store/qnwa2z8b9y76almh1mpp1iwnwdvrzxbj-libXau-1.0.9/lib]
  collapse library dir [/nix/store/qgg9iiyrp9s1cja2h9cblb9cjyy65ssz-libXext-1.3.4/lib] ==> [/nix/store/qgg9iiyrp9s1cja2h9cblb9cjyy65ssz-libXext-1.3.4/lib]
  collapse library dir [/nix/store/kmbps8nyg8nhnwdbcpxkbn5mmcdal5hp-libXi-1.8/lib] ==> [/nix/store/kmbps8nyg8nhnwdbcpxkbn5mmcdal5hp-libXi-1.8/lib]
  collapse library dir [/nix/store/dg1irgbmn4znzbbw2yyc99bh85a1ll3n-libXrender-0.9.10/lib] ==> [/nix/store/dg1irgbmn4znzbbw2yyc99bh85a1ll3n-libXrender-0.9.10/lib]
  collapse library dir [/nix/store/03bcgkqn4hsf2l2n0ny5xx2c1z0ga6gy-libxkbcommon-1.5.0/lib] ==> [/nix/store/03bcgkqn4hsf2l2n0ny5xx2c1z0ga6gy-libxkbcommon-1.5.0/lib]
  collapse library dir [/nix/store/96azvh5x19v03hz2a7ic90gs9h59kkzq-xcb-util-0.4.0/lib] ==> [/nix/store/96azvh5x19v03hz2a7ic90gs9h59kkzq-xcb-util-0.4.0/lib]
  collapse library dir [/nix/store/xd9vz5ar0kr7fbiibqqykfcczvdd56rc-xcb-util-image-0.4.0/lib] ==> [/nix/store/xd9vz5ar0kr7fbiibqqykfcczvdd56rc-xcb-util-image-0.4.0/lib]
  collapse library dir [/nix/store/hk1dsk9bim336dhb78nxxcnz8c20ys9c-xcb-util-keysyms-0.4.0/lib] ==> [/nix/store/hk1dsk9bim336dhb78nxxcnz8c20ys9c-xcb-util-keysyms-0.4.0/lib]
  collapse library dir [/nix/store/6p4yljw6hwnh9jbl29nq9vyrfysyjb8z-xcb-util-renderutil-0.3.9/lib] ==> [/nix/store/6p4yljw6hwnh9jbl29nq9vyrfysyjb8z-xcb-util-renderutil-0.3.9/lib]
  collapse library dir [/nix/store/nf595y3dfgyq0wvmwnqq380xmbhjjiin-xcb-util-wm-0.4.1/lib] ==> [/nix/store/nf595y3dfgyq0wvmwnqq380xmbhjjiin-xcb-util-wm-0.4.1/lib]
  collapse library dir [/nix/store/3bhillndvhi9pvdkr4bb145170s7h7lz-libXdmcp-1.1.3/lib] ==> [/nix/store/3bhillndvhi9pvdkr4bb145170s7h7lz-libXdmcp-1.1.3/lib]
  collapse library dir [/nix/store/75jd6r549krqxk1iq5cl4slrr4vci11n-libXtst-1.2.3/lib] ==> [/nix/store/75jd6r549krqxk1iq5cl4slrr4vci11n-libXtst-1.2.3/lib]
  collapse library dir [/nix/store/m5ygz6nz3lxav4cswsgdrfga1lfkcrbr-xcb-util-cursor-0.1.3/lib] ==> [/nix/store/m5ygz6nz3lxav4cswsgdrfga1lfkcrbr-xcb-util-cursor-0.1.3/lib]
  collapse library dir [/nix/store/3w5sakz3znb378b7wlfbr7bss3myhdi3-libepoxy-1.5.10/lib] ==> [/nix/store/3w5sakz3znb378b7wlfbr7bss3myhdi3-libepoxy-1.5.10/lib]
  collapse library dir [/nix/store/srnnb3xqzcn0afbc1sg2f3kahdbqp0hb-libGL-1.6.0/lib] ==> [/nix/store/srnnb3xqzcn0afbc1sg2f3kahdbqp0hb-libGL-1.6.0/lib]
  collapse library dir [/nix/store/yl6ggfn054z9brd4rlzifn3zpiardjz2-libglvnd-1.6.0/lib] ==> [/nix/store/yl6ggfn054z9brd4rlzifn3zpiardjz2-libglvnd-1.6.0/lib]
  collapse library dir [/nix/store/baz8lrsrakrl0jdlz89hvbqv8mgvcqk9-qtbase-6.4.2/lib] ==> [/nix/store/baz8lrsrakrl0jdlz89hvbqv8mgvcqk9-qtbase-6.4.2/lib]
  collapse library dir [/nix/store/6dm5g796frdb2k7rqb0nyzm4s76gd3p9-qtsvg-6.4.2/lib] ==> [/nix/store/6dm5g796frdb2k7rqb0nyzm4s76gd3p9-qtsvg-6.4.2/lib]
  collapse library dir [/nix/store/0bb16bnqa4raz3b8d0fayj25bcs131g3-qtshadertools-6.4.2/lib] ==> [/nix/store/0bb16bnqa4raz3b8d0fayj25bcs131g3-qtshadertools-6.4.2/lib]
  collapse library dir [/nix/store/iw1vmh509hcbby8dbpsaanbri4zsq7dj-python3-3.10.10/lib] ==> [/nix/store/iw1vmh509hcbby8dbpsaanbri4zsq7dj-python3-3.10.10/lib]
  collapse library dir [/nix/store/4y8vjpf6qb8z43x99pc48yjbpdg1gb81-qtdeclarative-6.4.2/lib] ==> [/nix/store/4y8vjpf6qb8z43x99pc48yjbpdg1gb81-qtdeclarative-6.4.2/lib]
  collapse library dir [/nix/store/zvw6fflmybm80k4arxmmpdyzf7gn1msb-qt5compat-6.4.2/lib] ==> [/nix/store/zvw6fflmybm80k4arxmmpdyzf7gn1msb-qt5compat-6.4.2/lib]
  collapse library dir [/nix/store/61imhlw6qszhcwmmiwxqdf72kn5fz2y5-quazip-1.3/lib] ==> [/nix/store/61imhlw6qszhcwmmiwxqdf72kn5fz2y5-quazip-1.3/lib]
  collapse library dir [/nix/store/5ymj2l7wacvb1b154v5mhlhng406ds0k-tomlplusplus-3.3.0/lib] ==> [/nix/store/5ymj2l7wacvb1b154v5mhlhng406ds0k-tomlplusplus-3.3.0/lib]
  collapse library dir [/nix/store/dkbq5hvylsc0d76lgmwyx4jm2pld63sl-cmark-0.30.3/lib] ==> [/nix/store/dkbq5hvylsc0d76lgmwyx4jm2pld63sl-cmark-0.30.3/lib]
  collapse library dir [/nix/store/4bmh1h8dn0k0s8bydmb1syk8cfsmgxb6-qtwayland-6.4.2/lib] ==> [/nix/store/4bmh1h8dn0k0s8bydmb1syk8cfsmgxb6-qtwayland-6.4.2/lib]
  collapse library dir [/nix/store/zihzfhfq28wp1yzx86dp1q4zccai745r-gamemode-1.7-lib/lib] ==> [/nix/store/zihzfhfq28wp1yzx86dp1q4zccai745r-gamemode-1.7-lib/lib]
  collapse library dir [/nix/store/va9r2bdg56jc6qizpm6dyb97lnxfrhsy-file-5.44/lib] ==> [/nix/store/va9r2bdg56jc6qizpm6dyb97lnxfrhsy-file-5.44/lib]
  collapse library dir [/nix/store/mg9l7phyhvi16p9g8g3g8fbyj4mr79gq-zlib-1.2.13/lib] ==> [/nix/store/mg9l7phyhvi16p9g8g3g8fbyj4mr79gq-zlib-1.2.13/lib]
  collapse library dir [/nix/store/hmh8yakhrp3r95b7r085m4xnzp8crz3b-libxml2-2.10.3/lib] ==> [/nix/store/hmh8yakhrp3r95b7r085m4xnzp8crz3b-libxml2-2.10.3/lib]
  collapse library dir [/nix/store/8ilmxyjyn4fn3ll7s19shppp7izswp2c-libxslt-1.1.37/lib] ==> [/nix/store/8ilmxyjyn4fn3ll7s19shppp7izswp2c-libxslt-1.1.37/lib]
  collapse library dir [/nix/store/5438qhyypn1kbdnm4312v8db4mkapwhl-openssl-3.0.8/lib] ==> [/nix/store/5438qhyypn1kbdnm4312v8db4mkapwhl-openssl-3.0.8/lib]
  collapse library dir [/nix/store/c651qa8kqilglkx8fhxz0ibc4yfndlm8-sqlite-3.40.1/lib] ==> [/nix/store/c651qa8kqilglkx8fhxz0ibc4yfndlm8-sqlite-3.40.1/lib]
  collapse library dir [/nix/store/ci7r8mfkdg1b4wgawp6fff6ba6vyf33r-unixODBC-2.3.11/lib] ==> [/nix/store/ci7r8mfkdg1b4wgawp6fff6ba6vyf33r-unixODBC-2.3.11/lib]
  collapse library dir [/nix/store/vgasd5zjsvdvq3w7ik13sfyyj1n0m5v7-graphite2-1.3.14/lib] ==> [/nix/store/vgasd5zjsvdvq3w7ik13sfyyj1n0m5v7-graphite2-1.3.14/lib]
  collapse library dir [/nix/store/09yg78bcs6vibbk7py1k1l9qf1im9lwj-harfbuzz-7.0.0/lib] ==> [/nix/store/09yg78bcs6vibbk7py1k1l9qf1im9lwj-harfbuzz-7.0.0/lib]
  collapse library dir [/nix/store/jbsbrpz89j9sbk0shpqvk5jy3fddkffq-icu4c-72.1/lib] ==> [/nix/store/jbsbrpz89j9sbk0shpqvk5jy3fddkffq-icu4c-72.1/lib]
  collapse library dir [/nix/store/rvv0110i3pg28vrhadhi1qfmhpgj1azy-libjpeg-turbo-2.1.4/lib] ==> [/nix/store/rvv0110i3pg28vrhadhi1qfmhpgj1azy-libjpeg-turbo-2.1.4/lib]
  collapse library dir [/nix/store/idx4lcdd1p91dpib06d5mwyhszs6w8xw-libpng-apng-1.6.39/lib] ==> [/nix/store/idx4lcdd1p91dpib06d5mwyhszs6w8xw-libpng-apng-1.6.39/lib]
  collapse library dir [/nix/store/lm9jab801iavj3f9gjz6vc1fxhvvg2mj-pcre2-10.42/lib] ==> [/nix/store/lm9jab801iavj3f9gjz6vc1fxhvvg2mj-pcre2-10.42/lib]
  collapse library dir [/nix/store/x6nnam5hk44mljbk782rcbd92jlnz8r6-pcre-8.45/lib] ==> [/nix/store/x6nnam5hk44mljbk782rcbd92jlnz8r6-pcre-8.45/lib]
  collapse library dir [/nix/store/i1wd03f4gq5l9bbzb8ir2v8aibsbdi47-libproxy-0.4.18/lib] ==> [/nix/store/i1wd03f4gq5l9bbzb8ir2v8aibsbdi47-libproxy-0.4.18/lib]
  collapse library dir [/nix/store/clln53sqbfn8i0z8x0ji3x3fz6zchqml-zstd-1.5.4/lib] ==> [/nix/store/clln53sqbfn8i0z8x0ji3x3fz6zchqml-zstd-1.5.4/lib]
  collapse library dir [/nix/store/4hx2f3kfk824b3b44mhjgpph426lnj42-double-conversion-3.2.1/lib] ==> [/nix/store/4hx2f3kfk824b3b44mhjgpph426lnj42-double-conversion-3.2.1/lib]
  collapse library dir [/nix/store/d9yf24k5n979y1qy03nlj1mnpijhs5rx-libb2-0.98.1/lib] ==> [/nix/store/d9yf24k5n979y1qy03nlj1mnpijhs5rx-libb2-0.98.1/lib]
  collapse library dir [/nix/store/2pai53mrrahl85w7mbypxmplgx6wfqyd-md4c-0.4.8/lib] ==> [/nix/store/2pai53mrrahl85w7mbypxmplgx6wfqyd-md4c-0.4.8/lib]
  collapse library dir [/nix/store/inrxvaqv2zkdhg2v5vhqc0257p92wl2q-expat-2.5.0/lib] ==> [/nix/store/inrxvaqv2zkdhg2v5vhqc0257p92wl2q-expat-2.5.0/lib]
  collapse library dir [/nix/store/q36hdg6hw9vlls7abq0y08gksqr2m2z2-dbus-1.14.4-lib/lib] ==> [/nix/store/q36hdg6hw9vlls7abq0y08gksqr2m2z2-dbus-1.14.4-lib/lib]
  collapse library dir [/nix/store/m0fsvgc5hrn3yjwsl9fvj5m6pyjk2il2-libffi-3.4.4/lib] ==> [/nix/store/m0fsvgc5hrn3yjwsl9fvj5m6pyjk2il2-libffi-3.4.4/lib]
  collapse library dir [/nix/store/ik1vzp6bfwjxxg0cdcbmyl17yzn8idd4-gettext-0.21/lib] ==> [/nix/store/ik1vzp6bfwjxxg0cdcbmyl17yzn8idd4-gettext-0.21/lib]
  collapse library dir [/nix/store/rcwsvm3zmcpwl71b7r5f9ql599hw6f2b-glib-2.74.5/lib] ==> [/nix/store/rcwsvm3zmcpwl71b7r5f9ql599hw6f2b-glib-2.74.5/lib]
  collapse library dir [/nix/store/lfpcn90d6fwckk3ysihijfy2z5wsi7da-sqlite-connector-odbc-0.9993/lib] ==> [/nix/store/lfpcn90d6fwckk3ysihijfy2z5wsi7da-sqlite-connector-odbc-0.9993/lib]
  collapse library dir [/nix/store/kp51yj0jwdi2b7f8i93ici4c5z0x7bn3-systemd-252.5/lib] ==> [/nix/store/kp51yj0jwdi2b7f8i93ici4c5z0x7bn3-systemd-252.5/lib]
  collapse library dir [/nix/store/b9ihpihmhnain100fjfd008nzf9ha6xj-util-linux-2.38.1-lib/lib] ==> [/nix/store/b9ihpihmhnain100fjfd008nzf9ha6xj-util-linux-2.38.1-lib/lib]
  collapse library dir [/nix/store/xj6h98v3mjiqmwqv6zbw51xd3lgzdz7p-mtdev-1.1.6/lib] ==> [/nix/store/xj6h98v3mjiqmwqv6zbw51xd3lgzdz7p-mtdev-1.1.6/lib]
  collapse library dir [/nix/store/zmqdq7fj6h273kxz969wr3h7g1jhzgz4-lksctp-tools-1.0.17/lib] ==> [/nix/store/zmqdq7fj6h273kxz969wr3h7g1jhzgz4-lksctp-tools-1.0.17/lib]
  collapse library dir [/nix/store/gqlj2nh329ymrawhlrhhd3wx9h5nwi38-libselinux-3.3/lib] ==> [/nix/store/gqlj2nh329ymrawhlrhhd3wx9h5nwi38-libselinux-3.3/lib]
  collapse library dir [/nix/store/i4dbdvj0qdbglgqpa04xx8gs564n8953-libsepol-3.3/lib] ==> [/nix/store/i4dbdvj0qdbglgqpa04xx8gs564n8953-libsepol-3.3/lib]
  collapse library dir [/nix/store/0hhi25jwagxm00kjwmh2zl395cgfdrfh-liburcu-0.13.2/lib] ==> [/nix/store/0hhi25jwagxm00kjwmh2zl395cgfdrfh-liburcu-0.13.2/lib]
  collapse library dir [/nix/store/jqvbspi73y5il9p4mmrf7bnnjvpf4r80-lttng-ust-2.13.1/lib] ==> [/nix/store/jqvbspi73y5il9p4mmrf7bnnjvpf4r80-lttng-ust-2.13.1/lib]
  collapse library dir [/nix/store/izbwynagva4wx96ghpczpcs5v0d82xix-vulkan-loader-1.3.239.0/lib] ==> [/nix/store/izbwynagva4wx96ghpczpcs5v0d82xix-vulkan-loader-1.3.239.0/lib]
  collapse library dir [/nix/store/cbj48b5jcdhwmvn282gg3wkrnfvqcn0v-libthai-0.1.29/lib] ==> [/nix/store/cbj48b5jcdhwmvn282gg3wkrnfvqcn0v-libthai-0.1.29/lib]
  collapse library dir [/nix/store/fp76f9kiv3mwh2h87lhmxcp173gi49jd-libdrm-2.4.114/lib] ==> [/nix/store/fp76f9kiv3mwh2h87lhmxcp173gi49jd-libdrm-2.4.114/lib]
  collapse library dir [/nix/store/4kz52y95zfn9l8pbn8f5jw1w61lgn0js-libdatrie-2019-12-20-lib/lib] ==> [/nix/store/4kz52y95zfn9l8pbn8f5jw1w61lgn0js-libdatrie-2019-12-20-lib/lib]
  collapse library dir [/nix/store/k0yrr5yq9yghbvvfv0qkblyia576kg4f-bzip2-1.0.8/lib] ==> [/nix/store/k0yrr5yq9yghbvvfv0qkblyia576kg4f-bzip2-1.0.8/lib]
  collapse library dir [/nix/store/6ahs2w409ysgvz4r0k1g0kypf6k3iwps-brotli-1.0.9-lib/lib] ==> [/nix/store/6ahs2w409ysgvz4r0k1g0kypf6k3iwps-brotli-1.0.9-lib/lib]
  collapse library dir [/nix/store/2jq0rdhc7wb8fj0q82whsj9p50sdmvcv-freetype-2.12.1/lib] ==> [/nix/store/2jq0rdhc7wb8fj0q82whsj9p50sdmvcv-freetype-2.12.1/lib]
  collapse library dir [/nix/store/mv56qyvfin02c96mxrdh60p3c0j05dvn-fontconfig-2.14.0-lib/lib] ==> [/nix/store/mv56qyvfin02c96mxrdh60p3c0j05dvn-fontconfig-2.14.0-lib/lib]
  collapse library dir [/nix/store/cnkr9byk03mz454yzx48jkyy0c2rlfjz-libxcb-1.14/lib] ==> [/nix/store/cnkr9byk03mz454yzx48jkyy0c2rlfjz-libxcb-1.14/lib]
  collapse library dir [/nix/store/y0ym7qckhfldadc4wbwv0hs7765v10rd-libX11-1.8.4/lib] ==> [/nix/store/y0ym7qckhfldadc4wbwv0hs7765v10rd-libX11-1.8.4/lib]
  collapse library dir [/nix/store/zd5rypkk2h639y4ym6qc3l65dpka3ycc-libXfixes-6.0.0/lib] ==> [/nix/store/zd5rypkk2h639y4ym6qc3l65dpka3ycc-libXfixes-6.0.0/lib]
  collapse library dir [/nix/store/8b686hlck6jkpxm9yx3n755cmqvcnhni-libXcomposite-0.4.5/lib] ==> [/nix/store/8b686hlck6jkpxm9yx3n755cmqvcnhni-libXcomposite-0.4.5/lib]
  collapse library dir [/nix/store/qnwa2z8b9y76almh1mpp1iwnwdvrzxbj-libXau-1.0.9/lib] ==> [/nix/store/qnwa2z8b9y76almh1mpp1iwnwdvrzxbj-libXau-1.0.9/lib]
  collapse library dir [/nix/store/qgg9iiyrp9s1cja2h9cblb9cjyy65ssz-libXext-1.3.4/lib] ==> [/nix/store/qgg9iiyrp9s1cja2h9cblb9cjyy65ssz-libXext-1.3.4/lib]
  collapse library dir [/nix/store/kmbps8nyg8nhnwdbcpxkbn5mmcdal5hp-libXi-1.8/lib] ==> [/nix/store/kmbps8nyg8nhnwdbcpxkbn5mmcdal5hp-libXi-1.8/lib]
  collapse library dir [/nix/store/dg1irgbmn4znzbbw2yyc99bh85a1ll3n-libXrender-0.9.10/lib] ==> [/nix/store/dg1irgbmn4znzbbw2yyc99bh85a1ll3n-libXrender-0.9.10/lib]
  collapse library dir [/nix/store/03bcgkqn4hsf2l2n0ny5xx2c1z0ga6gy-libxkbcommon-1.5.0/lib] ==> [/nix/store/03bcgkqn4hsf2l2n0ny5xx2c1z0ga6gy-libxkbcommon-1.5.0/lib]
  collapse library dir [/nix/store/96azvh5x19v03hz2a7ic90gs9h59kkzq-xcb-util-0.4.0/lib] ==> [/nix/store/96azvh5x19v03hz2a7ic90gs9h59kkzq-xcb-util-0.4.0/lib]
  collapse library dir [/nix/store/xd9vz5ar0kr7fbiibqqykfcczvdd56rc-xcb-util-image-0.4.0/lib] ==> [/nix/store/xd9vz5ar0kr7fbiibqqykfcczvdd56rc-xcb-util-image-0.4.0/lib]
  collapse library dir [/nix/store/hk1dsk9bim336dhb78nxxcnz8c20ys9c-xcb-util-keysyms-0.4.0/lib] ==> [/nix/store/hk1dsk9bim336dhb78nxxcnz8c20ys9c-xcb-util-keysyms-0.4.0/lib]
  collapse library dir [/nix/store/6p4yljw6hwnh9jbl29nq9vyrfysyjb8z-xcb-util-renderutil-0.3.9/lib] ==> [/nix/store/6p4yljw6hwnh9jbl29nq9vyrfysyjb8z-xcb-util-renderutil-0.3.9/lib]
  collapse library dir [/nix/store/nf595y3dfgyq0wvmwnqq380xmbhjjiin-xcb-util-wm-0.4.1/lib] ==> [/nix/store/nf595y3dfgyq0wvmwnqq380xmbhjjiin-xcb-util-wm-0.4.1/lib]
  collapse library dir [/nix/store/3bhillndvhi9pvdkr4bb145170s7h7lz-libXdmcp-1.1.3/lib] ==> [/nix/store/3bhillndvhi9pvdkr4bb145170s7h7lz-libXdmcp-1.1.3/lib]
  collapse library dir [/nix/store/75jd6r549krqxk1iq5cl4slrr4vci11n-libXtst-1.2.3/lib] ==> [/nix/store/75jd6r549krqxk1iq5cl4slrr4vci11n-libXtst-1.2.3/lib]
  collapse library dir [/nix/store/m5ygz6nz3lxav4cswsgdrfga1lfkcrbr-xcb-util-cursor-0.1.3/lib] ==> [/nix/store/m5ygz6nz3lxav4cswsgdrfga1lfkcrbr-xcb-util-cursor-0.1.3/lib]
  collapse library dir [/nix/store/3w5sakz3znb378b7wlfbr7bss3myhdi3-libepoxy-1.5.10/lib] ==> [/nix/store/3w5sakz3znb378b7wlfbr7bss3myhdi3-libepoxy-1.5.10/lib]
  collapse library dir [/nix/store/srnnb3xqzcn0afbc1sg2f3kahdbqp0hb-libGL-1.6.0/lib] ==> [/nix/store/srnnb3xqzcn0afbc1sg2f3kahdbqp0hb-libGL-1.6.0/lib]
  collapse library dir [/nix/store/yl6ggfn054z9brd4rlzifn3zpiardjz2-libglvnd-1.6.0/lib] ==> [/nix/store/yl6ggfn054z9brd4rlzifn3zpiardjz2-libglvnd-1.6.0/lib]
  collapse library dir [/nix/store/baz8lrsrakrl0jdlz89hvbqv8mgvcqk9-qtbase-6.4.2/lib] ==> [/nix/store/baz8lrsrakrl0jdlz89hvbqv8mgvcqk9-qtbase-6.4.2/lib]
  collapse library dir [/nix/store/6dm5g796frdb2k7rqb0nyzm4s76gd3p9-qtsvg-6.4.2/lib] ==> [/nix/store/6dm5g796frdb2k7rqb0nyzm4s76gd3p9-qtsvg-6.4.2/lib]
  collapse library dir [/nix/store/0bb16bnqa4raz3b8d0fayj25bcs131g3-qtshadertools-6.4.2/lib] ==> [/nix/store/0bb16bnqa4raz3b8d0fayj25bcs131g3-qtshadertools-6.4.2/lib]
  collapse library dir [/nix/store/iw1vmh509hcbby8dbpsaanbri4zsq7dj-python3-3.10.10/lib] ==> [/nix/store/iw1vmh509hcbby8dbpsaanbri4zsq7dj-python3-3.10.10/lib]
  collapse library dir [/nix/store/4y8vjpf6qb8z43x99pc48yjbpdg1gb81-qtdeclarative-6.4.2/lib] ==> [/nix/store/4y8vjpf6qb8z43x99pc48yjbpdg1gb81-qtdeclarative-6.4.2/lib]
  collapse library dir [/nix/store/zvw6fflmybm80k4arxmmpdyzf7gn1msb-qt5compat-6.4.2/lib] ==> [/nix/store/zvw6fflmybm80k4arxmmpdyzf7gn1msb-qt5compat-6.4.2/lib]
  collapse library dir [/nix/store/61imhlw6qszhcwmmiwxqdf72kn5fz2y5-quazip-1.3/lib] ==> [/nix/store/61imhlw6qszhcwmmiwxqdf72kn5fz2y5-quazip-1.3/lib]
  collapse library dir [/nix/store/5ymj2l7wacvb1b154v5mhlhng406ds0k-tomlplusplus-3.3.0/lib] ==> [/nix/store/5ymj2l7wacvb1b154v5mhlhng406ds0k-tomlplusplus-3.3.0/lib]
  collapse library dir [/nix/store/dkbq5hvylsc0d76lgmwyx4jm2pld63sl-cmark-0.30.3/lib] ==> [/nix/store/dkbq5hvylsc0d76lgmwyx4jm2pld63sl-cmark-0.30.3/lib]
  collapse library dir [/nix/store/4bmh1h8dn0k0s8bydmb1syk8cfsmgxb6-qtwayland-6.4.2/lib] ==> [/nix/store/4bmh1h8dn0k0s8bydmb1syk8cfsmgxb6-qtwayland-6.4.2/lib]
  collapse library dir [/nix/store/zihzfhfq28wp1yzx86dp1q4zccai745r-gamemode-1.7-lib/lib] ==> [/nix/store/zihzfhfq28wp1yzx86dp1q4zccai745r-gamemode-1.7-lib/lib]
  collapse library dir [/nix/store/76l4v99sk83ylfwkz8wmwrm4s8h73rhd-glibc-2.35-224/lib] ==> [/nix/store/76l4v99sk83ylfwkz8wmwrm4s8h73rhd-glibc-2.35-224/lib]
  collapse library dir [/nix/store/2w4k8nvdyiggz717ygbbxchpnxrqc6y9-gcc-12.2.0-lib/lib] ==> [/nix/store/2w4k8nvdyiggz717ygbbxchpnxrqc6y9-gcc-12.2.0-lib/lib]
  collapse library dir [/nix/store/76l4v99sk83ylfwkz8wmwrm4s8h73rhd-glibc-2.35-224/lib] ==> [/nix/store/76l4v99sk83ylfwkz8wmwrm4s8h73rhd-glibc-2.35-224/lib]
  collapse library dir [/nix/store/2w4k8nvdyiggz717ygbbxchpnxrqc6y9-gcc-12.2.0-lib/lib] ==> [/nix/store/2w4k8nvdyiggz717ygbbxchpnxrqc6y9-gcc-12.2.0-lib/lib]
  collapse library dir [/nix/store/bfbp3ypd9nm3fapz634gvvs738blrl0y-gcc-wrapper-12.2.0/bin] ==> [/nix/store/bfbp3ypd9nm3fapz634gvvs738blrl0y-gcc-wrapper-12.2.0/bin]
  collapse library dir [/nix/store/wx4nsqbssywgx9zkabwgl9sxm5l61ni3-gcc-12.2.0/lib/gcc/x86_64-unknown-linux-gnu/12.2.0] ==> [/nix/store/wx4nsqbssywgx9zkabwgl9sxm5l61ni3-gcc-12.2.0/lib/gcc/x86_64-unknown-linux-gnu/12.2.0]
  collapse library dir [/nix/store/wx4nsqbssywgx9zkabwgl9sxm5l61ni3-gcc-12.2.0/lib/gcc/x86_64-unknown-linux-gnu/12.2.0/../../../../lib64] ==> [/nix/store/wx4nsqbssywgx9zkabwgl9sxm5l61ni3-gcc-12.2.0/lib64]
  collapse library dir [/nix/store/wx4nsqbssywgx9zkabwgl9sxm5l61ni3-gcc-12.2.0/lib/gcc/x86_64-unknown-linux-gnu/12.2.0/../../..] ==> [/nix/store/wx4nsqbssywgx9zkabwgl9sxm5l61ni3-gcc-12.2.0/lib]
  implicit libs: [stdc++;m;gcc_s;gcc;c;gcc_s;gcc]
  implicit objs: [/nix/store/76l4v99sk83ylfwkz8wmwrm4s8h73rhd-glibc-2.35-224/lib/crt1.o;/nix/store/76l4v99sk83ylfwkz8wmwrm4s8h73rhd-glibc-2.35-224/lib/crti.o;/nix/store/wx4nsqbssywgx9zkabwgl9sxm5l61ni3-gcc-12.2.0/lib/gcc/x86_64-unknown-linux-gnu/12.2.0/crtbegin.o;/nix/store/wx4nsqbssywgx9zkabwgl9sxm5l61ni3-gcc-12.2.0/lib/gcc/x86_64-unknown-linux-gnu/12.2.0/crtend.o;/nix/store/76l4v99sk83ylfwkz8wmwrm4s8h73rhd-glibc-2.35-224/lib/crtn.o]
  implicit dirs: [/nix/store/va9r2bdg56jc6qizpm6dyb97lnxfrhsy-file-5.44/lib;/nix/store/mg9l7phyhvi16p9g8g3g8fbyj4mr79gq-zlib-1.2.13/lib;/nix/store/hmh8yakhrp3r95b7r085m4xnzp8crz3b-libxml2-2.10.3/lib;/nix/store/8ilmxyjyn4fn3ll7s19shppp7izswp2c-libxslt-1.1.37/lib;/nix/store/5438qhyypn1kbdnm4312v8db4mkapwhl-openssl-3.0.8/lib;/nix/store/c651qa8kqilglkx8fhxz0ibc4yfndlm8-sqlite-3.40.1/lib;/nix/store/ci7r8mfkdg1b4wgawp6fff6ba6vyf33r-unixODBC-2.3.11/lib;/nix/store/vgasd5zjsvdvq3w7ik13sfyyj1n0m5v7-graphite2-1.3.14/lib;/nix/store/09yg78bcs6vibbk7py1k1l9qf1im9lwj-harfbuzz-7.0.0/lib;/nix/store/jbsbrpz89j9sbk0shpqvk5jy3fddkffq-icu4c-72.1/lib;/nix/store/rvv0110i3pg28vrhadhi1qfmhpgj1azy-libjpeg-turbo-2.1.4/lib;/nix/store/idx4lcdd1p91dpib06d5mwyhszs6w8xw-libpng-apng-1.6.39/lib;/nix/store/lm9jab801iavj3f9gjz6vc1fxhvvg2mj-pcre2-10.42/lib;/nix/store/x6nnam5hk44mljbk782rcbd92jlnz8r6-pcre-8.45/lib;/nix/store/i1wd03f4gq5l9bbzb8ir2v8aibsbdi47-libproxy-0.4.18/lib;/nix/store/clln53sqbfn8i0z8x0ji3x3fz6zchqml-zstd-1.5.4/lib;/nix/store/4hx2f3kfk824b3b44mhjgpph426lnj42-double-conversion-3.2.1/lib;/nix/store/d9yf24k5n979y1qy03nlj1mnpijhs5rx-libb2-0.98.1/lib;/nix/store/2pai53mrrahl85w7mbypxmplgx6wfqyd-md4c-0.4.8/lib;/nix/store/inrxvaqv2zkdhg2v5vhqc0257p92wl2q-expat-2.5.0/lib;/nix/store/q36hdg6hw9vlls7abq0y08gksqr2m2z2-dbus-1.14.4-lib/lib;/nix/store/m0fsvgc5hrn3yjwsl9fvj5m6pyjk2il2-libffi-3.4.4/lib;/nix/store/ik1vzp6bfwjxxg0cdcbmyl17yzn8idd4-gettext-0.21/lib;/nix/store/rcwsvm3zmcpwl71b7r5f9ql599hw6f2b-glib-2.74.5/lib;/nix/store/lfpcn90d6fwckk3ysihijfy2z5wsi7da-sqlite-connector-odbc-0.9993/lib;/nix/store/kp51yj0jwdi2b7f8i93ici4c5z0x7bn3-systemd-252.5/lib;/nix/store/b9ihpihmhnain100fjfd008nzf9ha6xj-util-linux-2.38.1-lib/lib;/nix/store/xj6h98v3mjiqmwqv6zbw51xd3lgzdz7p-mtdev-1.1.6/lib;/nix/store/zmqdq7fj6h273kxz969wr3h7g1jhzgz4-lksctp-tools-1.0.17/lib;/nix/store/gqlj2nh329ymrawhlrhhd3wx9h5nwi38-libselinux-3.3/lib;/nix/store/i4dbdvj0qdbglgqpa04xx8gs564n8953-libsepol-3.3/lib;/nix/store/0hhi25jwagxm00kjwmh2zl395cgfdrfh-liburcu-0.13.2/lib;/nix/store/jqvbspi73y5il9p4mmrf7bnnjvpf4r80-lttng-ust-2.13.1/lib;/nix/store/izbwynagva4wx96ghpczpcs5v0d82xix-vulkan-loader-1.3.239.0/lib;/nix/store/cbj48b5jcdhwmvn282gg3wkrnfvqcn0v-libthai-0.1.29/lib;/nix/store/fp76f9kiv3mwh2h87lhmxcp173gi49jd-libdrm-2.4.114/lib;/nix/store/4kz52y95zfn9l8pbn8f5jw1w61lgn0js-libdatrie-2019-12-20-lib/lib;/nix/store/k0yrr5yq9yghbvvfv0qkblyia576kg4f-bzip2-1.0.8/lib;/nix/store/6ahs2w409ysgvz4r0k1g0kypf6k3iwps-brotli-1.0.9-lib/lib;/nix/store/2jq0rdhc7wb8fj0q82whsj9p50sdmvcv-freetype-2.12.1/lib;/nix/store/mv56qyvfin02c96mxrdh60p3c0j05dvn-fontconfig-2.14.0-lib/lib;/nix/store/cnkr9byk03mz454yzx48jkyy0c2rlfjz-libxcb-1.14/lib;/nix/store/y0ym7qckhfldadc4wbwv0hs7765v10rd-libX11-1.8.4/lib;/nix/store/zd5rypkk2h639y4ym6qc3l65dpka3ycc-libXfixes-6.0.0/lib;/nix/store/8b686hlck6jkpxm9yx3n755cmqvcnhni-libXcomposite-0.4.5/lib;/nix/store/qnwa2z8b9y76almh1mpp1iwnwdvrzxbj-libXau-1.0.9/lib;/nix/store/qgg9iiyrp9s1cja2h9cblb9cjyy65ssz-libXext-1.3.4/lib;/nix/store/kmbps8nyg8nhnwdbcpxkbn5mmcdal5hp-libXi-1.8/lib;/nix/store/dg1irgbmn4znzbbw2yyc99bh85a1ll3n-libXrender-0.9.10/lib;/nix/store/03bcgkqn4hsf2l2n0ny5xx2c1z0ga6gy-libxkbcommon-1.5.0/lib;/nix/store/96azvh5x19v03hz2a7ic90gs9h59kkzq-xcb-util-0.4.0/lib;/nix/store/xd9vz5ar0kr7fbiibqqykfcczvdd56rc-xcb-util-image-0.4.0/lib;/nix/store/hk1dsk9bim336dhb78nxxcnz8c20ys9c-xcb-util-keysyms-0.4.0/lib;/nix/store/6p4yljw6hwnh9jbl29nq9vyrfysyjb8z-xcb-util-renderutil-0.3.9/lib;/nix/store/nf595y3dfgyq0wvmwnqq380xmbhjjiin-xcb-util-wm-0.4.1/lib;/nix/store/3bhillndvhi9pvdkr4bb145170s7h7lz-libXdmcp-1.1.3/lib;/nix/store/75jd6r549krqxk1iq5cl4slrr4vci11n-libXtst-1.2.3/lib;/nix/store/m5ygz6nz3lxav4cswsgdrfga1lfkcrbr-xcb-util-cursor-0.1.3/lib;/nix/store/3w5sakz3znb378b7wlfbr7bss3myhdi3-libepoxy-1.5.10/lib;/nix/store/srnnb3xqzcn0afbc1sg2f3kahdbqp0hb-libGL-1.6.0/lib;/nix/store/yl6ggfn054z9brd4rlzifn3zpiardjz2-libglvnd-1.6.0/lib;/nix/store/baz8lrsrakrl0jdlz89hvbqv8mgvcqk9-qtbase-6.4.2/lib;/nix/store/6dm5g796frdb2k7rqb0nyzm4s76gd3p9-qtsvg-6.4.2/lib;/nix/store/0bb16bnqa4raz3b8d0fayj25bcs131g3-qtshadertools-6.4.2/lib;/nix/store/iw1vmh509hcbby8dbpsaanbri4zsq7dj-python3-3.10.10/lib;/nix/store/4y8vjpf6qb8z43x99pc48yjbpdg1gb81-qtdeclarative-6.4.2/lib;/nix/store/zvw6fflmybm80k4arxmmpdyzf7gn1msb-qt5compat-6.4.2/lib;/nix/store/61imhlw6qszhcwmmiwxqdf72kn5fz2y5-quazip-1.3/lib;/nix/store/5ymj2l7wacvb1b154v5mhlhng406ds0k-tomlplusplus-3.3.0/lib;/nix/store/dkbq5hvylsc0d76lgmwyx4jm2pld63sl-cmark-0.30.3/lib;/nix/store/4bmh1h8dn0k0s8bydmb1syk8cfsmgxb6-qtwayland-6.4.2/lib;/nix/store/zihzfhfq28wp1yzx86dp1q4zccai745r-gamemode-1.7-lib/lib;/nix/store/76l4v99sk83ylfwkz8wmwrm4s8h73rhd-glibc-2.35-224/lib;/nix/store/2w4k8nvdyiggz717ygbbxchpnxrqc6y9-gcc-12.2.0-lib/lib;/nix/store/bfbp3ypd9nm3fapz634gvvs738blrl0y-gcc-wrapper-12.2.0/bin;/nix/store/wx4nsqbssywgx9zkabwgl9sxm5l61ni3-gcc-12.2.0/lib/gcc/x86_64-unknown-linux-gnu/12.2.0;/nix/store/wx4nsqbssywgx9zkabwgl9sxm5l61ni3-gcc-12.2.0/lib64;/nix/store/wx4nsqbssywgx9zkabwgl9sxm5l61ni3-gcc-12.2.0/lib]
  implicit fwks: []


Performing C SOURCE FILE Test CMAKE_HAVE_LIBC_PTHREAD succeeded with the following output:
Change Dir: /workspace/PrismLauncher/CMakeFiles/CMakeScratch/TryCompile-YYLB6G

Run Build Command(s):/usr/bin/gmake -f Makefile cmTC_ad783/fast && /usr/bin/gmake  -f CMakeFiles/cmTC_ad783.dir/build.make CMakeFiles/cmTC_ad783.dir/build
gmake[1]: Entering directory '/workspace/PrismLauncher/CMakeFiles/CMakeScratch/TryCompile-YYLB6G'
Building C object CMakeFiles/cmTC_ad783.dir/src.c.o
/nix/store/bfbp3ypd9nm3fapz634gvvs738blrl0y-gcc-wrapper-12.2.0/bin/gcc -DCMAKE_HAVE_LIBC_PTHREAD  -std=gnu11 -o CMakeFiles/cmTC_ad783.dir/src.c.o -c /workspace/PrismLauncher/CMakeFiles/CMakeScratch/TryCompile-YYLB6G/src.c
Linking C executable cmTC_ad783
/nix/store/l341npqn3j8pwqq1nqgj5cqhnfbzhphd-cmake-3.25.1/bin/cmake -E cmake_link_script CMakeFiles/cmTC_ad783.dir/link.txt --verbose=1
/nix/store/bfbp3ypd9nm3fapz634gvvs738blrl0y-gcc-wrapper-12.2.0/bin/gcc CMakeFiles/cmTC_ad783.dir/src.c.o -o cmTC_ad783 
gmake[1]: Leaving directory '/workspace/PrismLauncher/CMakeFiles/CMakeScratch/TryCompile-YYLB6G'


Source file was:
#include <pthread.h>

static void* test_func(void* data)
{
  return data;
}

int main(void)
{
  pthread_t thread;
  pthread_create(&thread, NULL, test_func, NULL);
  pthread_detach(thread);
  pthread_cancel(thread);
  pthread_join(thread, NULL);
  pthread_atfork(NULL, NULL, NULL);
  pthread_exit(NULL);

  return 0;
}


Performing C++ SOURCE FILE Test HAVE_STDATOMIC succeeded with the following output:
Change Dir: /workspace/PrismLauncher/CMakeFiles/CMakeScratch/TryCompile-jRrbVH

Run Build Command(s):/usr/bin/gmake -f Makefile cmTC_f891d/fast && /usr/bin/gmake  -f CMakeFiles/cmTC_f891d.dir/build.make CMakeFiles/cmTC_f891d.dir/build
gmake[1]: Entering directory '/workspace/PrismLauncher/CMakeFiles/CMakeScratch/TryCompile-jRrbVH'
Building CXX object CMakeFiles/cmTC_f891d.dir/src.cxx.o
/nix/store/bfbp3ypd9nm3fapz634gvvs738blrl0y-gcc-wrapper-12.2.0/bin/g++ -DHAVE_STDATOMIC  -Wall -pedantic -fstack-protector-strong --param=ssp-buffer-size=4  -DQT_NO_DEPRECATED_WARNINGS=Y -DQT_DISABLE_DEPRECATED_BEFORE=0x050C00 -DTOML_ENABLE_FLOAT16=0  -std=gnu++17 -o CMakeFiles/cmTC_f891d.dir/src.cxx.o -c /workspace/PrismLauncher/CMakeFiles/CMakeScratch/TryCompile-jRrbVH/src.cxx
Linking CXX executable cmTC_f891d
/nix/store/l341npqn3j8pwqq1nqgj5cqhnfbzhphd-cmake-3.25.1/bin/cmake -E cmake_link_script CMakeFiles/cmTC_f891d.dir/link.txt --verbose=1
/nix/store/bfbp3ypd9nm3fapz634gvvs738blrl0y-gcc-wrapper-12.2.0/bin/g++ -Wall -pedantic -fstack-protector-strong --param=ssp-buffer-size=4  -DQT_NO_DEPRECATED_WARNINGS=Y -DQT_DISABLE_DEPRECATED_BEFORE=0x050C00 -DTOML_ENABLE_FLOAT16=0  CMakeFiles/cmTC_f891d.dir/src.cxx.o -o cmTC_f891d 
gmake[1]: Leaving directory '/workspace/PrismLauncher/CMakeFiles/CMakeScratch/TryCompile-jRrbVH'


Source file was:
#include <atomic>
#include <cstdint>

int main(int, char **)
{
    volatile std::atomic<char>    size_1;
    volatile std::atomic<short>   size_2;
    volatile std::atomic<int>     size_4;
    volatile std::atomic<int64_t> size_8;

    ++size_1;
    ++size_2;
    ++size_4;
    ++size_8;

    (void)size_1.load(std::memory_order_relaxed);
    (void)size_2.load(std::memory_order_relaxed);
    (void)size_4.load(std::memory_order_relaxed);
    (void)size_8.load(std::memory_order_relaxed);

    return 0;
}

Performing C++ SOURCE FILE Test COMPILER_HAS_HIDDEN_VISIBILITY succeeded with the following output:
Change Dir: /workspace/PrismLauncher/CMakeFiles/CMakeScratch/TryCompile-wHM7FH

Run Build Command(s):/usr/bin/gmake -f Makefile cmTC_6d106/fast && /usr/bin/gmake  -f CMakeFiles/cmTC_6d106.dir/build.make CMakeFiles/cmTC_6d106.dir/build
gmake[1]: Entering directory '/workspace/PrismLauncher/CMakeFiles/CMakeScratch/TryCompile-wHM7FH'
Building CXX object CMakeFiles/cmTC_6d106.dir/src.cxx.o
/nix/store/bfbp3ypd9nm3fapz634gvvs738blrl0y-gcc-wrapper-12.2.0/bin/g++ -DCOMPILER_HAS_HIDDEN_VISIBILITY  -Wall -pedantic -fstack-protector-strong --param=ssp-buffer-size=4  -DQT_NO_DEPRECATED_WARNINGS=Y -DQT_DISABLE_DEPRECATED_BEFORE=0x050C00 -DTOML_ENABLE_FLOAT16=0    -fvisibility=hidden -std=gnu++17 -o CMakeFiles/cmTC_6d106.dir/src.cxx.o -c /workspace/PrismLauncher/CMakeFiles/CMakeScratch/TryCompile-wHM7FH/src.cxx
Linking CXX executable cmTC_6d106
/nix/store/l341npqn3j8pwqq1nqgj5cqhnfbzhphd-cmake-3.25.1/bin/cmake -E cmake_link_script CMakeFiles/cmTC_6d106.dir/link.txt --verbose=1
/nix/store/bfbp3ypd9nm3fapz634gvvs738blrl0y-gcc-wrapper-12.2.0/bin/g++ -Wall -pedantic -fstack-protector-strong --param=ssp-buffer-size=4  -DQT_NO_DEPRECATED_WARNINGS=Y -DQT_DISABLE_DEPRECATED_BEFORE=0x050C00 -DTOML_ENABLE_FLOAT16=0  CMakeFiles/cmTC_6d106.dir/src.cxx.o -o cmTC_6d106 
gmake[1]: Leaving directory '/workspace/PrismLauncher/CMakeFiles/CMakeScratch/TryCompile-wHM7FH'


Source file was:
int main() { return 0; }

Performing C++ SOURCE FILE Test COMPILER_HAS_HIDDEN_INLINE_VISIBILITY succeeded with the following output:
Change Dir: /workspace/PrismLauncher/CMakeFiles/CMakeScratch/TryCompile-XqLAmN

Run Build Command(s):/usr/bin/gmake -f Makefile cmTC_f6fb8/fast && /usr/bin/gmake  -f CMakeFiles/cmTC_f6fb8.dir/build.make CMakeFiles/cmTC_f6fb8.dir/build
gmake[1]: Entering directory '/workspace/PrismLauncher/CMakeFiles/CMakeScratch/TryCompile-XqLAmN'
Building CXX object CMakeFiles/cmTC_f6fb8.dir/src.cxx.o
/nix/store/bfbp3ypd9nm3fapz634gvvs738blrl0y-gcc-wrapper-12.2.0/bin/g++ -DCOMPILER_HAS_HIDDEN_INLINE_VISIBILITY  -Wall -pedantic -fstack-protector-strong --param=ssp-buffer-size=4  -DQT_NO_DEPRECATED_WARNINGS=Y -DQT_DISABLE_DEPRECATED_BEFORE=0x050C00 -DTOML_ENABLE_FLOAT16=0    -fvisibility-inlines-hidden -std=gnu++17 -o CMakeFiles/cmTC_f6fb8.dir/src.cxx.o -c /workspace/PrismLauncher/CMakeFiles/CMakeScratch/TryCompile-XqLAmN/src.cxx
Linking CXX executable cmTC_f6fb8
/nix/store/l341npqn3j8pwqq1nqgj5cqhnfbzhphd-cmake-3.25.1/bin/cmake -E cmake_link_script CMakeFiles/cmTC_f6fb8.dir/link.txt --verbose=1
/nix/store/bfbp3ypd9nm3fapz634gvvs738blrl0y-gcc-wrapper-12.2.0/bin/g++ -Wall -pedantic -fstack-protector-strong --param=ssp-buffer-size=4  -DQT_NO_DEPRECATED_WARNINGS=Y -DQT_DISABLE_DEPRECATED_BEFORE=0x050C00 -DTOML_ENABLE_FLOAT16=0  CMakeFiles/cmTC_f6fb8.dir/src.cxx.o -o cmTC_f6fb8 
gmake[1]: Leaving directory '/workspace/PrismLauncher/CMakeFiles/CMakeScratch/TryCompile-XqLAmN'


Source file was:
int main() { return 0; }

Performing C++ SOURCE FILE Test COMPILER_HAS_DEPRECATED_ATTR succeeded with the following output:
Change Dir: /workspace/PrismLauncher/CMakeFiles/CMakeScratch/TryCompile-spvfag

Run Build Command(s):/usr/bin/gmake -f Makefile cmTC_34214/fast && /usr/bin/gmake  -f CMakeFiles/cmTC_34214.dir/build.make CMakeFiles/cmTC_34214.dir/build
gmake[1]: Entering directory '/workspace/PrismLauncher/CMakeFiles/CMakeScratch/TryCompile-spvfag'
Building CXX object CMakeFiles/cmTC_34214.dir/src.cxx.o
/nix/store/bfbp3ypd9nm3fapz634gvvs738blrl0y-gcc-wrapper-12.2.0/bin/g++ -DCOMPILER_HAS_DEPRECATED_ATTR  -Wall -pedantic -fstack-protector-strong --param=ssp-buffer-size=4  -DQT_NO_DEPRECATED_WARNINGS=Y -DQT_DISABLE_DEPRECATED_BEFORE=0x050C00 -DTOML_ENABLE_FLOAT16=0  -std=gnu++17 -o CMakeFiles/cmTC_34214.dir/src.cxx.o -c /workspace/PrismLauncher/CMakeFiles/CMakeScratch/TryCompile-spvfag/src.cxx
/workspace/PrismLauncher/CMakeFiles/CMakeScratch/TryCompile-spvfag/src.cxx: In function 'int main()':
/workspace/PrismLauncher/CMakeFiles/CMakeScratch/TryCompile-spvfag/src.cxx:2:33: warning: 'int somefunc()' is deprecated [-Wdeprecated-declarations]
    2 |     int main() { return somefunc();}
      |                         ~~~~~~~~^~
/workspace/PrismLauncher/CMakeFiles/CMakeScratch/TryCompile-spvfag/src.cxx:1:37: note: declared here
    1 | __attribute__((__deprecated__)) int somefunc() { return 0; }
      |                                     ^~~~~~~~
Linking CXX executable cmTC_34214
/nix/store/l341npqn3j8pwqq1nqgj5cqhnfbzhphd-cmake-3.25.1/bin/cmake -E cmake_link_script CMakeFiles/cmTC_34214.dir/link.txt --verbose=1
/nix/store/bfbp3ypd9nm3fapz634gvvs738blrl0y-gcc-wrapper-12.2.0/bin/g++ -Wall -pedantic -fstack-protector-strong --param=ssp-buffer-size=4  -DQT_NO_DEPRECATED_WARNINGS=Y -DQT_DISABLE_DEPRECATED_BEFORE=0x050C00 -DTOML_ENABLE_FLOAT16=0  CMakeFiles/cmTC_34214.dir/src.cxx.o -o cmTC_34214 
gmake[1]: Leaving directory '/workspace/PrismLauncher/CMakeFiles/CMakeScratch/TryCompile-spvfag'


Source file was:
__attribute__((__deprecated__)) int somefunc() { return 0; }
    int main() { return somefunc();}

